;------------------------------------------------------------
;神绮
;------------------------------------------------------------
102AS06MARKIV_服_浴衣_表情_イキ顔,102_拼接.webp,2462,271,95,104,193,49,,500,500
102AS06MARKIV_服_浴衣_表情_愛撫,102_拼接.webp,2557,271,95,104,193,49,,500,500
102AS06MARKIV_服_浴衣_表情_自慰,102_拼接.webp,2557,271,95,104,193,49,,500,500
102AS06MARKIV_服_浴衣_表情_発情,102_拼接.webp,3541,276,96,106,192,48,,500,500
102AS06MARKIV_服_浴衣_表情_トロ顔,102_拼接.webp,3541,276,96,106,192,48,,500,500
102AS06MARKIV_服_浴衣_表情_憤怒,102_拼接.webp,3637,276,95,106,193,48,,500,500
102AS06MARKIV_服_浴衣_表情_笑顔,102_拼接.webp,3142,275,95,105,193,49,,500,500
102AS06MARKIV_服_浴衣_表情_性交,102_拼接.webp,2652,272,96,104,192,49,,500,500
102AS06MARKIV_服_浴衣_表情_通常,102_拼接.webp,0,1800,1,1,0,0,,500,500
102AS06MARKIV_服躯_服_浴衣,102_拼接.webp,977,850,325,500,88,0,,500,500
102AS06MARKIV_服_修女服_表情_イキ顔,102_拼接.webp,3221,0,87,87,207,59,,500,500
102AS06MARKIV_服_修女服_表情_愛撫,102_拼接.webp,2218,0,87,85,208,59,,500,500
102AS06MARKIV_服_修女服_表情_自慰,102_拼接.webp,2218,0,87,85,208,59,,500,500
102AS06MARKIV_服_修女服_表情_発情,102_拼接.webp,3308,0,88,87,207,59,,500,500
102AS06MARKIV_服_修女服_表情_トロ顔,102_拼接.webp,3308,0,88,87,207,59,,500,500
102AS06MARKIV_服_修女服_表情_憤怒,102_拼接.webp,3396,0,87,87,208,60,,500,500
102AS06MARKIV_服_修女服_表情_通常,102_拼接.webp,799,81,86,89,208,58,,500,500
102AS06MARKIV_服_修女服_表情_笑顔,102_拼接.webp,885,81,87,89,208,59,,500,500
102AS06MARKIV_服_修女服_表情_性交,102_拼接.webp,0,1800,1,1,0,0,,500,500
102AS06MARKIV_服躯_服_修女服,102_拼接.webp,0,486,359,494,54,6,,500,500
102AS06MARKIV_服_下着_表情_イキ顔,102_拼接.webp,990,0,86,82,200,114,,500,500
102AS06MARKIV_服_下着_表情_愛撫,102_拼接.webp,448,0,84,80,201,114,,500,500
102AS06MARKIV_服_下着_表情_自慰,102_拼接.webp,448,0,84,80,201,114,,500,500
102AS06MARKIV_服_下着_表情_発情,102_拼接.webp,1696,0,88,84,199,112,,500,500
102AS06MARKIV_服_下着_表情_トロ顔,102_拼接.webp,1696,0,88,84,199,112,,500,500
102AS06MARKIV_服_下着_表情_憤怒,102_拼接.webp,1347,0,87,83,199,113,,500,500
102AS06MARKIV_服_下着_表情_笑顔,102_拼接.webp,1784,0,84,84,202,112,,500,500
102AS06MARKIV_服_下着_表情_性交,102_拼接.webp,1076,0,89,82,196,113,,500,500
102AS06MARKIV_服_下着_表情_通常,102_拼接.webp,0,1800,1,1,0,0,,500,500
102AS06MARKIV_服躯_服_下着,102_拼接.webp,529,362,267,460,118,40,,500,500
102AS06MARKIV_服_巫女服_表情_イキ顔,102_拼接.webp,1593,83,89,90,201,88,,500,500
102AS06MARKIV_服_巫女服_表情_愛撫,102_拼接.webp,1682,84,91,90,200,88,,500,500
102AS06MARKIV_服_巫女服_表情_自慰,102_拼接.webp,1682,84,91,90,200,88,,500,500
102AS06MARKIV_服_巫女服_表情_発情,102_拼接.webp,972,82,90,89,200,88,,500,500
102AS06MARKIV_服_巫女服_表情_トロ顔,102_拼接.webp,972,82,90,89,200,88,,500,500
102AS06MARKIV_服_巫女服_表情_憤怒,102_拼接.webp,1062,82,91,89,200,88,,500,500
102AS06MARKIV_服_巫女服_表情_笑顔,102_拼接.webp,1153,82,91,89,200,89,,500,500
102AS06MARKIV_服_巫女服_表情_性交,102_拼接.webp,1244,82,90,89,200,89,,500,500
102AS06MARKIV_服_巫女服_表情_通常,102_拼接.webp,0,1800,1,1,0,0,,500,500
102AS06MARKIV_服躯_服_巫女服,102_拼接.webp,796,366,281,467,111,33,,500,500
102AS06MARKIV_服_下着2_表情_イキ顔,102_拼接.webp,4013,0,81,89,212,75,,500,500
102AS06MARKIV_服_下着2_表情_愛撫,102_拼接.webp,1434,0,81,83,212,75,,500,500
102AS06MARKIV_服_下着2_表情_自慰,102_拼接.webp,1434,0,81,83,212,75,,500,500
102AS06MARKIV_服_下着2_表情_発情,102_拼接.webp,3483,0,82,87,212,75,,500,500
102AS06MARKIV_服_下着2_表情_トロ顔,102_拼接.webp,3483,0,82,87,212,75,,500,500
102AS06MARKIV_服_下着2_表情_憤怒,102_拼接.webp,1773,84,82,90,212,74,,500,500
102AS06MARKIV_服_下着2_表情_笑顔,102_拼接.webp,1334,83,82,89,212,75,,500,500
102AS06MARKIV_服_下着2_表情_性交,102_拼接.webp,1868,0,82,84,212,75,,500,500
102AS06MARKIV_服_下着2_表情_通常,102_拼接.webp,0,1800,1,1,0,0,,500,500
102AS06MARKIV_服躯_服_下着2,102_拼接.webp,1708,373,300,487,100,13,,500,500
102AS06MARKIV_服_危险野兽_表情_イキ顔,102_拼接.webp,187,259,92,99,205,43,,500,500
102AS06MARKIV_服_危险野兽_表情_愛撫,102_拼接.webp,2753,86,90,91,206,45,,500,500
102AS06MARKIV_服_危险野兽_表情_自慰,102_拼接.webp,2753,86,90,91,206,45,,500,500
102AS06MARKIV_服_危险野兽_表情_発情,102_拼接.webp,254,166,90,93,206,45,,500,500
102AS06MARKIV_服_危险野兽_表情_トロ顔,102_拼接.webp,254,166,90,93,206,45,,500,500
102AS06MARKIV_服_危险野兽_表情_憤怒,102_拼接.webp,344,167,91,93,205,45,,500,500
102AS06MARKIV_服_危险野兽_表情_笑顔,102_拼接.webp,2751,177,91,97,206,45,,500,500
102AS06MARKIV_服_危险野兽_表情_性交,102_拼接.webp,3835,0,91,88,205,44,,500,500
102AS06MARKIV_服_危险野兽_表情_通常,102_拼接.webp,0,1800,1,1,0,0,,500,500
102AS06MARKIV_服躯_服_危险野兽,102_拼接.webp,1302,854,348,500,77,0,,500,500
102AS06MARKIV_服_晚礼服_表情_イキ顔,102_拼接.webp,3849,88,89,92,209,60,,500,500
102AS06MARKIV_服_晚礼服_表情_愛撫,102_拼接.webp,3938,89,88,92,209,61,,500,500
102AS06MARKIV_服_晚礼服_表情_自慰,102_拼接.webp,3938,89,88,92,209,61,,500,500
102AS06MARKIV_服_晚礼服_表情_発情,102_拼接.webp,435,168,89,93,209,61,,500,500
102AS06MARKIV_服_晚礼服_表情_トロ顔,102_拼接.webp,435,168,89,93,209,61,,500,500
102AS06MARKIV_服_晚礼服_表情_憤怒,102_拼接.webp,2843,86,88,91,210,61,,500,500
102AS06MARKIV_服_晚礼服_表情_笑顔,102_拼接.webp,1082,171,90,95,208,58,,500,500
102AS06MARKIV_服_晚礼服_表情_通常,102_拼接.webp,524,168,91,93,208,61,,500,500
102AS06MARKIV_服_晚礼服_表情_性交,102_拼接.webp,0,1800,1,1,0,0,,500,500
102AS06MARKIV_服躯_服_晚礼服,102_拼接.webp,1650,860,299,500,101,0,,500,500
102AS06MARKIV_服_兔女郎_表情_イキ顔,102_拼接.webp,3475,178,95,98,206,46,,500,500
102AS06MARKIV_服_兔女郎_表情_愛撫,102_拼接.webp,279,260,94,99,206,46,,500,500
102AS06MARKIV_服_兔女郎_表情_自慰,102_拼接.webp,279,260,94,99,206,46,,500,500
102AS06MARKIV_服_兔女郎_表情_発情,102_拼接.webp,706,169,92,93,207,48,,500,500
102AS06MARKIV_服_兔女郎_表情_トロ顔,102_拼接.webp,706,169,92,93,207,48,,500,500
102AS06MARKIV_服_兔女郎_表情_憤怒,102_拼接.webp,1825,174,93,96,206,48,,500,500
102AS06MARKIV_服_兔女郎_表情_笑顔,102_拼接.webp,989,171,93,94,207,48,,500,500
102AS06MARKIV_服_兔女郎_表情_性交,102_拼接.webp,1772,270,95,103,205,46,,500,500
102AS06MARKIV_服_兔女郎_表情_通常,102_拼接.webp,0,1800,1,1,0,0,,500,500
102AS06MARKIV_服躯_服_兔女郎,102_拼接.webp,1949,862,329,500,82,0,,500,500
102AS06MARKIV_服_睡衣_表情_イキ顔,102_拼接.webp,3926,0,87,88,208,53,,500,500
102AS06MARKIV_服_睡衣_表情_愛撫,102_拼接.webp,2762,0,86,86,208,54,,500,500
102AS06MARKIV_服_睡衣_表情_自慰,102_拼接.webp,2762,0,86,86,208,54,,500,500
102AS06MARKIV_服_睡衣_表情_発情,102_拼接.webp,2305,0,86,85,208,54,,500,500
102AS06MARKIV_服_睡衣_表情_トロ顔,102_拼接.webp,2305,0,86,85,208,54,,500,500
102AS06MARKIV_服_睡衣_表情_憤怒,102_拼接.webp,1855,84,87,90,207,52,,500,500
102AS06MARKIV_服_睡衣_表情_睡眠,102_拼接.webp,0,77,85,88,209,53,,500,500
102AS06MARKIV_服_睡衣_表情_笑顔,102_拼接.webp,85,77,86,88,208,52,,500,500
102AS06MARKIV_服_睡衣_表情_性交,102_拼接.webp,171,78,86,88,208,52,,500,500
102AS06MARKIV_服_睡衣_表情_通常,102_拼接.webp,0,1800,1,1,0,0,,500,500
102AS06MARKIV_服躯_服_睡衣,102_拼接.webp,2278,863,296,500,104,0,,500,500
102AS06MARKIV_服_水手服_表情_イキ顔,102_拼接.webp,0,0,90,77,214,58,,500,500
102AS06MARKIV_服_水手服_表情_愛撫,102_拼接.webp,1950,0,89,84,214,58,,500,500
102AS06MARKIV_服_水手服_表情_自慰,102_拼接.webp,1950,0,89,84,214,58,,500,500
102AS06MARKIV_服_水手服_表情_発情,102_拼接.webp,2391,0,91,85,213,57,,500,500
102AS06MARKIV_服_水手服_表情_トロ顔,102_拼接.webp,2391,0,91,85,213,57,,500,500
102AS06MARKIV_服_水手服_表情_憤怒,102_拼接.webp,2039,0,90,84,213,58,,500,500
102AS06MARKIV_服_水手服_表情_笑顔,102_拼接.webp,2482,0,90,85,213,57,,500,500
102AS06MARKIV_服_水手服_表情_性交,102_拼接.webp,2129,0,89,84,215,58,,500,500
102AS06MARKIV_服_水手服_表情_通常,102_拼接.webp,0,1800,1,1,0,0,,500,500
102AS06MARKIV_服躯_服_水手服,102_拼接.webp,657,833,320,495,89,5,,500,500
102AS06MARKIV_服_圣诞服2_表情_イキ顔,102_拼接.webp,716,0,87,81,202,64,,500,500
102AS06MARKIV_服_圣诞服2_表情_愛撫,102_拼接.webp,1942,84,88,90,202,64,,500,500
102AS06MARKIV_服_圣诞服2_表情_自慰,102_拼接.webp,1942,84,88,90,202,64,,500,500
102AS06MARKIV_服_圣诞服2_表情_発情,102_拼接.webp,2030,84,87,90,202,64,,500,500
102AS06MARKIV_服_圣诞服2_表情_トロ顔,102_拼接.webp,2030,84,87,90,202,64,,500,500
102AS06MARKIV_服_圣诞服2_表情_憤怒,102_拼接.webp,2931,86,88,91,202,64,,500,500
102AS06MARKIV_服_圣诞服2_表情_笑顔,102_拼接.webp,2117,84,87,90,202,64,,500,500
102AS06MARKIV_服_圣诞服2_表情_性交,102_拼接.webp,0,165,86,92,202,65,,500,500
102AS06MARKIV_服_圣诞服2_表情_通常,102_拼接.webp,0,1800,1,1,0,0,,500,500
102AS06MARKIV_服躯_服_圣诞服2,102_拼接.webp,2985,380,271,492,125,8,,500,500
102AS06MARKIV_服_圣诞服_表情_イキ顔,102_拼接.webp,2204,85,91,90,200,68,,500,500
102AS06MARKIV_服_圣诞服_表情_愛撫,102_拼接.webp,257,78,90,88,200,70,,500,500
102AS06MARKIV_服_圣诞服_表情_自慰,102_拼接.webp,257,78,90,88,200,70,,500,500
102AS06MARKIV_服_圣诞服_表情_発情,102_拼接.webp,1416,83,90,89,200,68,,500,500
102AS06MARKIV_服_圣诞服_表情_トロ顔,102_拼接.webp,1416,83,90,89,200,68,,500,500
102AS06MARKIV_服_圣诞服_表情_憤怒,102_拼接.webp,2295,85,90,90,200,69,,500,500
102AS06MARKIV_服_圣诞服_表情_笑顔,102_拼接.webp,2385,85,91,90,200,70,,500,500
102AS06MARKIV_服_圣诞服_表情_性交,102_拼接.webp,3019,86,90,91,200,69,,500,500
102AS06MARKIV_服_圣诞服_表情_通常,102_拼接.webp,0,1800,1,1,0,0,,500,500
102AS06MARKIV_服躯_服_圣诞服,102_拼接.webp,2008,374,326,488,87,12,,500,500
102AS06MARKIV_服_赛车女郎_表情_イキ顔,102_拼接.webp,1476,268,105,102,199,39,,500,500
102AS06MARKIV_服_赛车女郎_表情_愛撫,102_拼接.webp,1867,270,105,103,199,38,,500,500
102AS06MARKIV_服_赛车女郎_表情_自慰,102_拼接.webp,1867,270,105,103,199,38,,500,500
102AS06MARKIV_服_赛车女郎_表情_発情,102_拼接.webp,2748,274,106,104,198,38,,500,500
102AS06MARKIV_服_赛车女郎_表情_トロ顔,102_拼接.webp,2748,274,106,104,198,38,,500,500
102AS06MARKIV_服_赛车女郎_表情_憤怒,102_拼接.webp,3237,275,105,105,199,38,,500,500
102AS06MARKIV_服_赛车女郎_表情_笑顔,102_拼接.webp,3342,275,105,105,199,38,,500,500
102AS06MARKIV_服_赛车女郎_表情_性交,102_拼接.webp,1972,270,107,103,197,39,,500,500
102AS06MARKIV_服_赛车女郎_表情_通常,102_拼接.webp,0,1800,1,1,0,0,,500,500
102AS06MARKIV_服躯_服_赛车女郎,102_拼接.webp,2574,867,394,500,53,0,,500,500
102AS06MARKIV_服_旗袍_表情_イキ顔,102_拼接.webp,803,0,93,81,208,75,,500,500
102AS06MARKIV_服_旗袍_表情_愛撫,102_拼接.webp,532,0,92,80,208,74,,500,500
102AS06MARKIV_服_旗袍_表情_自慰,102_拼接.webp,532,0,92,80,208,74,,500,500
102AS06MARKIV_服_旗袍_表情_発情,102_拼接.webp,1165,0,94,82,208,73,,500,500
102AS06MARKIV_服_旗袍_表情_トロ顔,102_拼接.webp,1165,0,94,82,208,73,,500,500
102AS06MARKIV_服_旗袍_表情_憤怒,102_拼接.webp,624,0,92,80,209,74,,500,500
102AS06MARKIV_服_旗袍_表情_笑顔,102_拼接.webp,896,0,94,81,208,74,,500,500
102AS06MARKIV_服_旗袍_表情_性交,102_拼接.webp,2848,0,95,86,207,70,,500,500
102AS06MARKIV_服_旗袍_表情_通常,102_拼接.webp,0,1800,1,1,0,0,,500,500
102AS06MARKIV_服躯_服_旗袍,102_拼接.webp,359,822,298,494,94,6,,500,500
102AS06MARKIV_服_女仆装_表情_イキ顔,102_拼接.webp,2572,0,94,85,198,77,,500,500
102AS06MARKIV_服_女仆装_表情_愛撫,102_拼接.webp,2666,0,96,85,198,76,,500,500
102AS06MARKIV_服_女仆装_表情_自慰,102_拼接.webp,2666,0,96,85,198,76,,500,500
102AS06MARKIV_服_女仆装_表情_発情,102_拼接.webp,2943,0,96,86,198,76,,500,500
102AS06MARKIV_服_女仆装_表情_トロ顔,102_拼接.webp,2943,0,96,86,198,76,,500,500
102AS06MARKIV_服_女仆装_表情_憤怒,102_拼接.webp,798,170,96,93,198,76,,500,500
102AS06MARKIV_服_女仆装_表情_笑顔,102_拼接.webp,373,261,97,99,197,75,,500,500
102AS06MARKIV_服_女仆装_表情_性交,102_拼接.webp,347,79,96,88,198,75,,500,500
102AS06MARKIV_服_女仆装_表情_通常,102_拼接.webp,0,1800,1,1,0,0,,500,500
102AS06MARKIV_服躯_服_女仆装,102_拼接.webp,3256,382,295,493,97,7,,500,500
102AS06MARKIV_服_逆兔女郎_表情_イキ顔,102_拼接.webp,1259,0,88,82,197,74,,500,500
102AS06MARKIV_服_逆兔女郎_表情_愛撫,102_拼接.webp,179,0,87,78,197,74,,500,500
102AS06MARKIV_服_逆兔女郎_表情_自慰,102_拼接.webp,179,0,87,78,197,74,,500,500
102AS06MARKIV_服_逆兔女郎_表情_発情,102_拼接.webp,1515,0,93,83,196,69,,500,500
102AS06MARKIV_服_逆兔女郎_表情_トロ顔,102_拼接.webp,1515,0,93,83,196,69,,500,500
102AS06MARKIV_服_逆兔女郎_表情_憤怒,102_拼接.webp,90,0,89,77,196,72,,500,500
102AS06MARKIV_服_逆兔女郎_表情_笑顔,102_拼接.webp,359,0,89,79,196,72,,500,500
102AS06MARKIV_服_逆兔女郎_表情_性交,102_拼接.webp,1608,0,88,83,197,73,,500,500
102AS06MARKIV_服_逆兔女郎_表情_通常,102_拼接.webp,0,1800,1,1,0,0,,500,500
102AS06MARKIV_服躯_服_逆兔女郎,102_拼接.webp,2968,875,323,500,85,0,,500,500
102AS06MARKIV_裸_逆兔女郎_表情_イキ顔,102_拼接.webp,1259,0,88,82,197,74,,500,500
102AS06MARKIV_裸_逆兔女郎_表情_愛撫,102_拼接.webp,179,0,87,78,197,74,,500,500
102AS06MARKIV_裸_逆兔女郎_表情_自慰,102_拼接.webp,179,0,87,78,197,74,,500,500
102AS06MARKIV_裸_逆兔女郎_表情_発情,102_拼接.webp,1515,0,93,83,196,69,,500,500
102AS06MARKIV_裸_逆兔女郎_表情_トロ顔,102_拼接.webp,1515,0,93,83,196,69,,500,500
102AS06MARKIV_裸_逆兔女郎_表情_憤怒,102_拼接.webp,90,0,89,77,196,72,,500,500
102AS06MARKIV_裸_逆兔女郎_表情_笑顔,102_拼接.webp,359,0,89,79,196,72,,500,500
102AS06MARKIV_裸_逆兔女郎_表情_性交,102_拼接.webp,1608,0,88,83,197,73,,500,500
102AS06MARKIV_裸_逆兔女郎_表情_通常,102_拼接.webp,0,1800,1,1,0,0,,500,500
102AS06MARKIV_服躯_裸_逆兔女郎,102_拼接.webp,2968,875,323,500,85,0,,500,500
102AS06MARKIV_服_逆童贞_表情_イキ顔,102_拼接.webp,1918,174,95,96,204,85,,500,500
102AS06MARKIV_服_逆童贞_表情_愛撫,102_拼接.webp,1172,171,94,95,204,85,,500,500
102AS06MARKIV_服_逆童贞_表情_自慰,102_拼接.webp,1172,171,94,95,204,85,,500,500
102AS06MARKIV_服_逆童贞_表情_発情,102_拼接.webp,2013,174,97,96,203,84,,500,500
102AS06MARKIV_服_逆童贞_表情_トロ顔,102_拼接.webp,2013,174,97,96,203,84,,500,500
102AS06MARKIV_服_逆童贞_表情_憤怒,102_拼接.webp,2201,175,97,96,203,85,,500,500
102AS06MARKIV_服_逆童贞_表情_笑顔,102_拼接.webp,1266,172,98,95,202,85,,500,500
102AS06MARKIV_服_逆童贞_表情_性交,102_拼接.webp,470,261,97,99,203,81,,500,500
102AS06MARKIV_服_逆童贞_表情_通常,102_拼接.webp,0,1800,1,1,0,0,,500,500
102AS06MARKIV_服躯_服_逆童贞,102_拼接.webp,1077,368,319,482,88,18,,500,500
102AS06MARKIV_服_二号机_表情_イキ顔,102_拼接.webp,3565,0,84,87,208,49,,500,500
102AS06MARKIV_服_二号机_表情_愛撫,102_拼接.webp,1364,172,85,95,208,50,,500,500
102AS06MARKIV_服_二号机_表情_自慰,102_拼接.webp,1364,172,85,95,208,50,,500,500
102AS06MARKIV_服_二号机_表情_発情,102_拼接.webp,86,165,84,92,208,50,,500,500
102AS06MARKIV_服_二号机_表情_トロ顔,102_拼接.webp,86,165,84,92,208,50,,500,500
102AS06MARKIV_服_二号机_表情_憤怒,102_拼接.webp,170,166,84,92,208,50,,500,500
102AS06MARKIV_服_二号机_表情_笑顔,102_拼接.webp,3570,178,87,98,207,47,,500,500
102AS06MARKIV_服_二号机_表情_性交,102_拼接.webp,3657,178,89,98,206,47,,500,500
102AS06MARKIV_服_二号机_表情_通常,102_拼接.webp,0,1800,1,1,0,0,,500,500
102AS06MARKIV_服躯_服_二号机,102_拼接.webp,3291,877,369,500,71,0,,500,500
102AS06MARKIV_裸_表情_イキ顔,102_拼接.webp,98,358,92,114,204,44,,500,500
102AS06MARKIV_裸_表情_愛撫,102_拼接.webp,3746,179,90,98,206,57,,500,500
102AS06MARKIV_裸_表情_自慰,102_拼接.webp,3746,179,90,98,206,57,,500,500
102AS06MARKIV_裸_表情_発情,102_拼接.webp,3922,279,96,108,203,50,,500,500
102AS06MARKIV_裸_表情_トロ顔,102_拼接.webp,3922,279,96,108,203,50,,500,500
102AS06MARKIV_裸_表情_憤怒,102_拼接.webp,925,265,90,100,206,57,,500,500
102AS06MARKIV_裸_表情_睡眠,102_拼接.webp,567,261,90,99,207,57,,500,500
102AS06MARKIV_裸_表情_笑顔,102_拼接.webp,3836,180,94,98,202,57,,500,500
102AS06MARKIV_裸_表情_性交,102_拼接.webp,657,262,90,99,206,58,,500,500
102AS06MARKIV_裸_表情_通常,102_拼接.webp,0,1800,1,1,0,0,,500,500
102AS06MARKIV_服躯_裸,102_拼接.webp,3551,384,312,493,88,7,,500,500
102AS06MARKIV_服_下着3_表情_イキ顔,102_拼接.webp,443,80,88,88,221,73,,500,500
102AS06MARKIV_服_下着3_表情_愛撫,102_拼接.webp,1506,83,87,89,222,74,,500,500
102AS06MARKIV_服_下着3_表情_自慰,102_拼接.webp,1506,83,87,89,222,74,,500,500
102AS06MARKIV_服_下着3_表情_発情,102_拼接.webp,531,80,87,88,222,73,,500,500
102AS06MARKIV_服_下着3_表情_トロ顔,102_拼接.webp,531,80,87,88,222,73,,500,500
102AS06MARKIV_服_下着3_表情_憤怒,102_拼接.webp,3039,0,88,86,221,74,,500,500
102AS06MARKIV_服_下着3_表情_笑顔,102_拼接.webp,618,80,88,88,221,73,,500,500
102AS06MARKIV_服_下着3_表情_性交,102_拼接.webp,3109,86,88,91,221,73,,500,500
102AS06MARKIV_服_下着3_表情_通常,102_拼接.webp,0,1800,1,1,0,0,,500,500
102AS06MARKIV_服躯_服_下着3,102_拼接.webp,1396,371,312,483,95,17,,500,500
102AS06MARKIV_服_鹿岛_表情_イキ顔,102_拼接.webp,0,356,98,110,189,53,,500,500
102AS06MARKIV_服_鹿岛_表情_愛撫,102_拼接.webp,1015,266,95,100,188,57,,500,500
102AS06MARKIV_服_鹿岛_表情_自慰,102_拼接.webp,1015,266,95,100,188,57,,500,500
102AS06MARKIV_服_鹿岛_表情_発情,102_拼接.webp,190,359,107,122,179,45,,500,500
102AS06MARKIV_服_鹿岛_表情_トロ顔,102_拼接.webp,190,359,107,122,179,45,,500,500
102AS06MARKIV_服_鹿岛_表情_憤怒,102_拼接.webp,3732,277,95,106,189,53,,500,500
102AS06MARKIV_服_鹿岛_表情_笑顔,102_拼接.webp,297,360,106,126,188,36,,500,500
102AS06MARKIV_服_鹿岛_表情_性交,102_拼接.webp,1449,172,96,95,189,57,,500,500
102AS06MARKIV_服_鹿岛_表情_通常,102_拼接.webp,0,1800,1,1,0,0,,500,500
102AS06MARKIV_服躯_服_鹿岛,102_拼接.webp,3660,877,331,500,89,0,,500,500
102AS06MARKIV_服_零号机_表情_イキ顔,102_拼接.webp,2663,175,88,97,206,44,,500,500
102AS06MARKIV_服_零号机_表情_愛撫,102_拼接.webp,3930,181,88,98,206,43,,500,500
102AS06MARKIV_服_零号机_表情_自慰,102_拼接.webp,3930,181,88,98,206,43,,500,500
102AS06MARKIV_服_零号机_表情_発情,102_拼接.webp,747,263,89,99,206,43,,500,500
102AS06MARKIV_服_零号机_表情_トロ顔,102_拼接.webp,747,263,89,99,206,43,,500,500
102AS06MARKIV_服_零号机_表情_憤怒,102_拼接.webp,3197,87,91,91,204,43,,500,500
102AS06MARKIV_服_零号机_表情_通常,102_拼接.webp,1294,267,89,101,206,41,,500,500
102AS06MARKIV_服_零号机_表情_笑顔,102_拼接.webp,403,360,126,127,179,21,,500,500
102AS06MARKIV_服_零号机_表情_性交,102_拼接.webp,0,1800,1,1,0,0,,500,500
102AS06MARKIV_服躯_服_零号机,102_拼接.webp,0,980,309,500,98,0,,500,500
102AS06MARKIV_服_婚纱_表情_イキ顔,102_拼接.webp,2079,270,95,103,205,52,,500,500
102AS06MARKIV_服_婚纱_表情_愛撫,102_拼接.webp,3447,276,94,105,206,51,,500,500
102AS06MARKIV_服_婚纱_表情_自慰,102_拼接.webp,3447,276,94,105,206,51,,500,500
102AS06MARKIV_服_婚纱_表情_発情,102_拼接.webp,2174,271,94,103,206,52,,500,500
102AS06MARKIV_服_婚纱_表情_トロ顔,102_拼接.webp,2174,271,94,103,206,52,,500,500
102AS06MARKIV_服_婚纱_表情_憤怒,102_拼接.webp,1581,269,95,102,205,52,,500,500
102AS06MARKIV_服_婚纱_表情_笑顔,102_拼接.webp,2854,274,96,104,205,52,,500,500
102AS06MARKIV_服_婚纱_表情_性交,102_拼接.webp,2950,274,96,104,204,51,,500,500
102AS06MARKIV_服_婚纱_表情_通常,102_拼接.webp,0,1800,1,1,0,0,,500,500
102AS06MARKIV_服躯_服_婚纱,102_拼接.webp,309,1316,334,500,83,0,,500,500
102AS06MARKIV_服_皇家糖霜_表情_イキ顔,102_拼接.webp,2110,174,91,96,214,64,,500,500
102AS06MARKIV_服_皇家糖霜_表情_愛撫,102_拼接.webp,2298,175,91,96,214,64,,500,500
102AS06MARKIV_服_皇家糖霜_表情_自慰,102_拼接.webp,2298,175,91,96,214,64,,500,500
102AS06MARKIV_服_皇家糖霜_表情_発情,102_拼接.webp,615,168,91,93,214,64,,500,500
102AS06MARKIV_服_皇家糖霜_表情_トロ顔,102_拼接.webp,615,168,91,93,214,64,,500,500
102AS06MARKIV_服_皇家糖霜_表情_憤怒,102_拼接.webp,2389,175,91,96,214,64,,500,500
102AS06MARKIV_服_皇家糖霜_表情_通常,102_拼接.webp,2842,177,89,97,214,64,,500,500
102AS06MARKIV_服_皇家糖霜_表情_笑顔,102_拼接.webp,2931,177,91,97,214,64,,500,500
102AS06MARKIV_服_皇家糖霜_表情_性交,102_拼接.webp,0,1800,1,1,0,0,,500,500
102AS06MARKIV_服躯_服_皇家糖霜,102_拼接.webp,2334,375,317,488,78,12,,500,500
102AS06MARKIV_服_表情_イキ顔,102_拼接.webp,1110,266,89,100,209,55,,500,500
102AS06MARKIV_服_表情_愛撫,102_拼接.webp,3022,177,90,97,209,55,,500,500
102AS06MARKIV_服_表情_自慰,102_拼接.webp,3022,177,90,97,209,55,,500,500
102AS06MARKIV_服_表情_発情,102_拼接.webp,3112,178,90,97,209,55,,500,500
102AS06MARKIV_服_表情_トロ顔,102_拼接.webp,3112,178,90,97,209,55,,500,500
102AS06MARKIV_服_表情_憤怒,102_拼接.webp,836,264,89,99,209,55,,500,500
102AS06MARKIV_服_表情_笑顔,102_拼接.webp,3202,178,89,97,209,55,,500,500
102AS06MARKIV_服_表情_性交,102_拼接.webp,2480,175,90,96,208,56,,500,500
102AS06MARKIV_服_表情_通常,102_拼接.webp,0,1800,1,1,0,0,,500,500
102AS06MARKIV_服躯_服,102_拼接.webp,1253,1354,366,500,67,0,,500,500
102AS06MARKIV_服_对魔忍_表情_イキ顔,102_拼接.webp,3127,0,94,86,214,54,,500,500
102AS06MARKIV_服_对魔忍_表情_愛撫,102_拼接.webp,266,0,93,78,215,55,,500,500
102AS06MARKIV_服_对魔忍_表情_自慰,102_拼接.webp,266,0,93,78,215,55,,500,500
102AS06MARKIV_服_对魔忍_表情_発情,102_拼接.webp,2476,85,93,90,215,52,,500,500
102AS06MARKIV_服_对魔忍_表情_トロ顔,102_拼接.webp,2476,85,93,90,215,52,,500,500
102AS06MARKIV_服_对魔忍_表情_憤怒,102_拼接.webp,3649,0,93,87,215,54,,500,500
102AS06MARKIV_服_对魔忍_表情_笑顔,102_拼接.webp,3288,87,93,91,215,50,,500,500
102AS06MARKIV_服_对魔忍_表情_性交,102_拼接.webp,706,81,93,88,215,54,,500,500
102AS06MARKIV_服_对魔忍_表情_通常,102_拼接.webp,0,1800,1,1,0,0,,500,500
102AS06MARKIV_服躯_服_对魔忍,102_拼接.webp,1619,1362,365,500,49,0,,500,500
102AS06MARKIV_服_岛风_表情_イキ顔,102_拼接.webp,3381,87,93,91,204,55,,500,500
102AS06MARKIV_服_岛风_表情_愛撫,102_拼接.webp,3474,87,94,91,205,56,,500,500
102AS06MARKIV_服_岛风_表情_自慰,102_拼接.webp,3474,87,94,91,205,56,,500,500
102AS06MARKIV_服_岛风_表情_発情,102_拼接.webp,894,171,95,93,204,54,,500,500
102AS06MARKIV_服_岛风_表情_トロ顔,102_拼接.webp,894,171,95,93,204,54,,500,500
102AS06MARKIV_服_岛风_表情_憤怒,102_拼接.webp,3568,87,94,91,205,55,,500,500
102AS06MARKIV_服_岛风_表情_笑顔,102_拼接.webp,3662,87,94,91,204,55,,500,500
102AS06MARKIV_服_岛风_表情_性交,102_拼接.webp,2569,85,94,90,205,56,,500,500
102AS06MARKIV_服_岛风_表情_通常,102_拼接.webp,0,1800,1,1,0,0,,500,500
102AS06MARKIV_服躯_服_岛风,102_拼接.webp,1984,1363,361,500,69,0,,500,500
102AS06MARKIV_服_童贞_表情_イキ顔,102_拼接.webp,1545,173,92,95,208,57,,500,500
102AS06MARKIV_服_童贞_表情_愛撫,102_拼接.webp,3291,178,92,97,208,56,,500,500
102AS06MARKIV_服_童贞_表情_自慰,102_拼接.webp,3291,178,92,97,208,56,,500,500
102AS06MARKIV_服_童贞_表情_発情,102_拼接.webp,0,257,91,98,209,55,,500,500
102AS06MARKIV_服_童贞_表情_トロ顔,102_拼接.webp,0,257,91,98,209,55,,500,500
102AS06MARKIV_服_童贞_表情_憤怒,102_拼接.webp,1383,267,93,101,208,55,,500,500
102AS06MARKIV_服_童贞_表情_笑顔,102_拼接.webp,3383,178,92,97,208,56,,500,500
102AS06MARKIV_服_童贞_表情_性交,102_拼接.webp,2570,175,93,96,207,56,,500,500
102AS06MARKIV_服_童贞_表情_通常,102_拼接.webp,0,1800,1,1,0,0,,500,500
102AS06MARKIV_服躯_服_童贞,102_拼接.webp,643,1328,320,500,87,0,,500,500
102AS06MARKIV_服_不给治就捣蛋_表情_イキ顔,102_拼接.webp,3827,278,95,106,205,37,,500,500
102AS06MARKIV_服_不给治就捣蛋_表情_愛撫,102_拼接.webp,91,258,96,98,204,40,,500,500
102AS06MARKIV_服_不给治就捣蛋_表情_自慰,102_拼接.webp,91,258,96,98,204,40,,500,500
102AS06MARKIV_服_不给治就捣蛋_表情_発情,102_拼接.webp,1637,174,95,95,204,41,,500,500
102AS06MARKIV_服_不给治就捣蛋_表情_トロ顔,102_拼接.webp,1637,174,95,95,204,41,,500,500
102AS06MARKIV_服_不给治就捣蛋_表情_憤怒,102_拼接.webp,1199,267,95,100,204,41,,500,500
102AS06MARKIV_服_不给治就捣蛋_表情_笑顔,102_拼接.webp,1676,269,96,102,204,41,,500,500
102AS06MARKIV_服_不给治就捣蛋_表情_性交,102_拼接.webp,3046,275,96,104,204,40,,500,500
102AS06MARKIV_服_不给治就捣蛋_表情_通常,102_拼接.webp,0,1800,1,1,0,0,,500,500
102AS06MARKIV_服躯_服_不给治就捣蛋,102_拼接.webp,963,1350,290,500,106,0,,500,500
102AS06MARKIV_服_尼托克丽丝Alt_表情_イキ顔,102_拼接.webp,2268,271,99,103,201,46,,500,500
102AS06MARKIV_服_尼托克丽丝Alt_表情_愛撫,102_拼接.webp,2367,271,95,103,203,48,,500,500
102AS06MARKIV_服_尼托克丽丝Alt_表情_自慰,102_拼接.webp,2367,271,95,103,203,48,,500,500
102AS06MARKIV_服_尼托克丽丝Alt_表情_発情,102_拼接.webp,1732,174,93,95,205,50,,500,500
102AS06MARKIV_服_尼托克丽丝Alt_表情_トロ顔,102_拼接.webp,1732,174,93,95,205,50,,500,500
102AS06MARKIV_服_尼托克丽丝Alt_表情_憤怒,102_拼接.webp,2663,85,90,90,206,51,,500,500
102AS06MARKIV_服_尼托克丽丝Alt_表情_笑顔,102_拼接.webp,3756,88,93,91,205,49,,500,500
102AS06MARKIV_服_尼托克丽丝Alt_表情_性交,102_拼接.webp,3742,0,93,87,205,51,,500,500
102AS06MARKIV_服_尼托克丽丝Alt_表情_通常,102_拼接.webp,0,1800,1,1,0,0,,500,500
102AS06MARKIV_服躯_服_尼托克丽丝Alt,102_拼接.webp,2651,378,334,489,83,11,,500,500
102AS06MARKIV_裸躯_躯干,102_拼接.webp,0,1800,1,1,0,0,,500,500

別立ち_服_通常_102,102_拼接.webp,1253,1354,366,500,67,0,,500,500
別顔_服_通常_102,102_拼接.webp,1286,1354,300,300,0,0,,300,300

;DLC2
102AS06MARKIV_服_アイドル_表情_イキ顔,102_拼接2.webp,733,1407,82,80,213,86,,500,500
102AS06MARKIV_服_アイドル_表情_性交,102_拼接2.webp,656,1232,84,79,212,86,,500,500
102AS06MARKIV_服_アイドル_表情_自慰,102_拼接2.webp,656,1232,84,79,212,86,,500,500
102AS06MARKIV_服_アイドル_表情_憤怒,102_拼接2.webp,394,1242,85,86,212,82,,500,500
102AS06MARKIV_服_アイドル_表情_発情,102_拼接2.webp,742,1232,82,80,213,86,,500,500
102AS06MARKIV_服_アイドル_表情_トロ顔,102_拼接2.webp,742,1232,82,80,213,86,,500,500
102AS06MARKIV_服_アイドル_表情_笑顔,102_拼接2.webp,650,1324,82,81,213,86,,500,500
102AS06MARKIV_服_アイドル_表情_通常,102_拼接2.webp,0,0,1,1,0,0,,500,500
102AS06MARKIV_服躯_服_アイドル,102_拼接2.webp,2,2,359,481,69,19,,500,500
102AS06MARKIV_服_アリス_表情_イキ顔,102_拼接2.webp,1348,2,95,80,202,90,,500,500
102AS06MARKIV_服_アリス_表情_性交,102_拼接2.webp,1437,162,93,80,203,91,,500,500
102AS06MARKIV_服_アリス_表情_自慰,102_拼接2.webp,1437,162,93,80,203,91,,500,500
102AS06MARKIV_服_アリス_表情_憤怒,102_拼接2.webp,1433,244,93,79,203,91,,500,500
102AS06MARKIV_服_アリス_表情_発情,102_拼接2.webp,1445,2,94,81,202,90,,500,500
102AS06MARKIV_服_アリス_表情_トロ顔,102_拼接2.webp,1445,2,94,81,202,90,,500,500
102AS06MARKIV_服_アリス_表情_笑顔,102_拼接2.webp,1437,85,94,75,203,90,,500,500
102AS06MARKIV_服_アリス_表情_通常,102_拼接2.webp,0,0,1,1,0,0,,500,500
102AS06MARKIV_服躯_服_アリス,102_拼接2.webp,964,480,270,478,108,22,,500,500
102AS06MARKIV_服_カルデア制服_表情_イキ顔,102_拼接2.webp,394,1418,84,86,206,82,,500,500
102AS06MARKIV_服_カルデア制服_表情_性交,102_拼接2.webp,483,992,86,85,204,82,,500,500
102AS06MARKIV_服_カルデア制服_表情_自慰,102_拼接2.webp,483,992,86,85,204,82,,500,500
102AS06MARKIV_服_カルデア制服_表情_憤怒,102_拼接2.webp,260,1459,83,86,206,82,,500,500
102AS06MARKIV_服_カルデア制服_表情_発情,102_拼接2.webp,2,1459,84,86,206,82,,500,500
102AS06MARKIV_服_カルデア制服_表情_トロ顔,102_拼接2.webp,2,1459,84,86,206,82,,500,500
102AS06MARKIV_服_カルデア制服_表情_笑顔,102_拼接2.webp,480,1418,83,86,207,82,,500,500
102AS06MARKIV_服_カルデア制服_表情_通常,102_拼接2.webp,0,0,1,1,0,0,,500,500
102AS06MARKIV_服躯_服_カルデア制服,102_拼接2.webp,2,485,310,488,76,12,,500,500
102AS06MARKIV_服_ボディチェーン_表情_イキ顔,102_拼接2.webp,657,1068,84,80,205,89,,500,500
102AS06MARKIV_服_ボディチェーン_表情_性交,102_拼接2.webp,569,1240,84,82,205,87,,500,500
102AS06MARKIV_服_ボディチェーン_表情_自慰,102_拼接2.webp,569,1240,84,82,205,87,,500,500
102AS06MARKIV_服_ボディチェーン_表情_憤怒,102_拼接2.webp,430,1506,84,82,205,88,,500,500
102AS06MARKIV_服_ボディチェーン_表情_発情,102_拼接2.webp,727,980,84,80,205,89,,500,500
102AS06MARKIV_服_ボディチェーン_表情_トロ顔,102_拼接2.webp,727,980,84,80,205,89,,500,500
102AS06MARKIV_服_ボディチェーン_表情_笑顔,102_拼接2.webp,657,1150,84,80,205,89,,500,500
102AS06MARKIV_服_ボディチェーン_表情_通常,102_拼接2.webp,0,0,1,1,0,0,,500,500
102AS06MARKIV_服躯_服_ボディチェーン,102_拼接2.webp,1236,474,254,477,103,23,,500,500
102AS06MARKIV_服_トレセン制服_表情_イキ顔,102_拼接2.webp,1348,266,82,89,205,78,,500,500
102AS06MARKIV_服_トレセン制服_表情_性交,102_拼接2.webp,1348,357,82,88,206,78,,500,500
102AS06MARKIV_服_トレセン制服_表情_自慰,102_拼接2.webp,1348,357,82,88,206,78,,500,500
102AS06MARKIV_服_トレセン制服_表情_憤怒,102_拼接2.webp,1348,175,83,89,205,78,,500,500
102AS06MARKIV_服_トレセン制服_表情_発情,102_拼接2.webp,308,1172,82,88,205,78,,500,500
102AS06MARKIV_服_トレセン制服_表情_トロ顔,102_拼接2.webp,308,1172,82,88,205,78,,500,500
102AS06MARKIV_服_トレセン制服_表情_笑顔,102_拼接2.webp,308,1082,83,88,205,78,,500,500
102AS06MARKIV_服_トレセン制服_表情_通常,102_拼接2.webp,0,0,1,1,0,0,,500,500
102AS06MARKIV_服躯_服_トレセン制服,102_拼接2.webp,314,504,326,486,65,14,,500,500
102AS06MARKIV_服_フォーマルドレス_表情_イキ顔,102_拼接2.webp,483,1079,85,85,205,81,,500,500
102AS06MARKIV_服_フォーマルドレス_表情_性交,102_拼接2.webp,570,1155,84,83,204,81,,500,500
102AS06MARKIV_服_フォーマルドレス_表情_自慰,102_拼接2.webp,570,1155,84,83,204,81,,500,500
102AS06MARKIV_服_フォーマルドレス_表情_憤怒,102_拼接2.webp,571,1068,84,85,205,81,,500,500
102AS06MARKIV_服_フォーマルドレス_表情_発情,102_拼接2.webp,86,1547,83,85,205,81,,500,500
102AS06MARKIV_服_フォーマルドレス_表情_トロ顔,102_拼接2.webp,86,1547,83,85,205,81,,500,500
102AS06MARKIV_服_フォーマルドレス_表情_笑顔,102_拼接2.webp,565,1339,83,86,206,81,,500,500
102AS06MARKIV_服_フォーマルドレス_表情_通常,102_拼接2.webp,0,0,1,1,0,0,,500,500
102AS06MARKIV_服躯_服_フォーマルドレス,102_拼接2.webp,715,2,315,476,82,24,,500,500
102AS06MARKIV_服_夏ドレス_表情_イキ顔,102_拼接2.webp,308,1262,84,87,206,80,,500,500
102AS06MARKIV_服_夏ドレス_表情_性交,102_拼接2.webp,642,980,83,86,206,80,,500,500
102AS06MARKIV_服_夏ドレス_表情_自慰,102_拼接2.webp,642,980,83,86,206,80,,500,500
102AS06MARKIV_服_夏ドレス_表情_憤怒,102_拼接2.webp,308,992,84,88,206,78,,500,500
102AS06MARKIV_服_夏ドレス_表情_発情,102_拼接2.webp,565,1427,83,86,206,80,,500,500
102AS06MARKIV_服_夏ドレス_表情_トロ顔,102_拼接2.webp,565,1427,83,86,206,80,,500,500
102AS06MARKIV_服_夏ドレス_表情_笑顔,102_拼接2.webp,308,1351,84,87,206,79,,500,500
102AS06MARKIV_服_夏ドレス_表情_通常,102_拼接2.webp,0,0,1,1,0,0,,500,500
102AS06MARKIV_服躯_服_夏ドレス,102_拼接2.webp,964,960,297,470,110,30,,500,500
102AS06MARKIV_服_大正メイド_表情_イキ顔,102_拼接2.webp,1348,84,87,89,208,78,,500,500
102AS06MARKIV_服_大正メイド_表情_性交,102_拼接2.webp,1432,325,88,87,208,79,,500,500
102AS06MARKIV_服_大正メイド_表情_自慰,102_拼接2.webp,1432,325,88,87,208,79,,500,500
102AS06MARKIV_服_大正メイド_表情_憤怒,102_拼接2.webp,394,992,87,84,208,78,,500,500
102AS06MARKIV_服_大正メイド_表情_発情,102_拼接2.webp,393,1162,87,78,208,78,,500,500
102AS06MARKIV_服_大正メイド_表情_トロ顔,102_拼接2.webp,393,1162,87,78,208,78,,500,500
102AS06MARKIV_服_大正メイド_表情_笑顔,102_拼接2.webp,393,1082,88,78,208,77,,500,500
102AS06MARKIV_服_大正メイド_表情_通常,102_拼接2.webp,0,0,1,1,0,0,,500,500
102AS06MARKIV_服躯_服_大正メイド,102_拼接2.webp,2,975,304,482,89,18,,500,500
102AS06MARKIV_服_天の杯_表情_イキ顔,102_拼接2.webp,813,980,81,78,212,88,,500,500
102AS06MARKIV_服_天の杯_表情_性交,102_拼接2.webp,743,1142,81,78,212,87,,500,500
102AS06MARKIV_服_天の杯_表情_自慰,102_拼接2.webp,743,1142,81,78,212,87,,500,500
102AS06MARKIV_服_天の杯_表情_憤怒,102_拼接2.webp,743,1062,82,78,211,84,,500,500
102AS06MARKIV_服_天の杯_表情_発情,102_拼接2.webp,734,1314,80,78,213,88,,500,500
102AS06MARKIV_服_天の杯_表情_トロ顔,102_拼接2.webp,734,1314,80,78,213,88,,500,500
102AS06MARKIV_服_天の杯_表情_笑顔,102_拼接2.webp,816,1314,80,78,212,87,,500,500
102AS06MARKIV_服_天の杯_表情_通常,102_拼接2.webp,0,0,1,1,0,0,,500,500
102AS06MARKIV_服躯_服_天の杯,102_拼接2.webp,363,2,350,500,75,0,,500,500
102AS06MARKIV_服_忍者_表情_イキ顔,102_拼接2.webp,394,1330,85,86,206,80,,500,500
102AS06MARKIV_服_忍者_表情_性交,102_拼接2.webp,481,1253,85,84,206,80,,500,500
102AS06MARKIV_服_忍者_表情_自慰,102_拼接2.webp,481,1253,85,84,206,80,,500,500
102AS06MARKIV_服_忍者_表情_憤怒,102_拼接2.webp,482,1166,85,85,206,80,,500,500
102AS06MARKIV_服_忍者_表情_発情,102_拼接2.webp,88,1459,84,86,207,80,,500,500
102AS06MARKIV_服_忍者_表情_トロ顔,102_拼接2.webp,88,1459,84,86,207,80,,500,500
102AS06MARKIV_服_忍者_表情_笑顔,102_拼接2.webp,174,1459,84,86,207,80,,500,500
102AS06MARKIV_服_忍者_表情_通常,102_拼接2.webp,0,0,1,1,0,0,,500,500
102AS06MARKIV_服躯_服_忍者,102_拼接2.webp,1032,2,314,470,94,30,,500,500
102AS06MARKIV_服_美少女戦士制服_表情_イキ顔,102_拼接2.webp,650,1407,81,81,209,77,,500,500
102AS06MARKIV_服_美少女戦士制服_表情_性交,102_拼接2.webp,255,1547,82,83,209,77,,500,500
102AS06MARKIV_服_美少女戦士制服_表情_自慰,102_拼接2.webp,255,1547,82,83,209,77,,500,500
102AS06MARKIV_服_美少女戦士制服_表情_憤怒,102_拼接2.webp,2,1547,82,86,209,77,,500,500
102AS06MARKIV_服_美少女戦士制服_表情_発情,102_拼接2.webp,171,1547,82,85,209,77,,500,500
102AS06MARKIV_服_美少女戦士制服_表情_トロ顔,102_拼接2.webp,171,1547,82,85,209,77,,500,500
102AS06MARKIV_服_美少女戦士制服_表情_笑顔,102_拼接2.webp,345,1506,83,86,208,75,,500,500
102AS06MARKIV_服_美少女戦士制服_表情_通常,102_拼接2.webp,0,0,1,1,0,0,,500,500
102AS06MARKIV_服躯_服_美少女戦士制服,102_拼接2.webp,642,504,320,474,85,26,,500,500

;------------------------------------------------------------
;阿燐
;------------------------------------------------------------
36AS06MARKIV_服_兔女郎_表情_イキ顔,36_拼接.webp,778,102,114,97,192,88,,500,500
36AS06MARKIV_服_兔女郎_表情_愛撫,36_拼接.webp,629,710,116,95,191,88,,500,500
36AS06MARKIV_服_兔女郎_表情_自慰,36_拼接.webp,629,710,116,95,191,88,,500,500
36AS06MARKIV_服_兔女郎_表情_発情,36_拼接.webp,513,518,115,91,191,89,,500,500
36AS06MARKIV_服_兔女郎_表情_トロ顔,36_拼接.webp,513,518,115,91,191,89,,500,500
36AS06MARKIV_服_兔女郎_表情_憤怒,36_拼接.webp,858,391,115,93,192,88,,500,500
36AS06MARKIV_服_兔女郎_表情_笑顔,36_拼接.webp,782,0,118,96,189,89,,500,500
36AS06MARKIV_服_兔女郎_表情_性交,36_拼接.webp,514,716,115,105,191,88,,500,500
36AS06MARKIV_服_兔女郎_表情_通常,36_拼接.webp,0,0,1,1,0,0,,500,500
36AS06MARKIV_服躯_服_兔女郎,36_拼接.webp,351,1000,334,500,83,0,,500,500
36AS06MARKIV_服_睡衣_表情_イキ顔,36_拼接.webp,390,609,117,109,172,78,,500,500
36AS06MARKIV_服_睡衣_表情_愛撫,36_拼接.webp,892,96,115,86,173,88,,500,500
36AS06MARKIV_服_睡衣_表情_自慰,36_拼接.webp,892,96,115,86,173,88,,500,500
36AS06MARKIV_服_睡衣_表情_発情,36_拼接.webp,770,200,117,97,172,87,,500,500
36AS06MARKIV_服_睡衣_表情_トロ顔,36_拼接.webp,770,200,117,97,172,87,,500,500
36AS06MARKIV_服_睡衣_表情_憤怒,36_拼接.webp,426,0,115,105,174,88,,500,500
36AS06MARKIV_服_睡衣_表情_睡眠,36_拼接.webp,507,609,115,107,175,84,,500,500
36AS06MARKIV_服_睡衣_表情_笑顔,36_拼接.webp,653,311,119,100,170,87,,500,500
36AS06MARKIV_服_睡衣_表情_性交,36_拼接.webp,426,209,116,104,173,86,,500,500
36AS06MARKIV_服_睡衣_表情_通常,36_拼接.webp,0,0,1,1,0,0,,500,500
36AS06MARKIV_服躯_服_睡衣,36_拼接.webp,0,1000,351,500,110,0,,500,500
36AS06MARKIV_服_水手服_表情_イキ顔,36_拼接.webp,426,105,123,104,198,84,,500,500
36AS06MARKIV_服_水手服_表情_愛撫,36_拼接.webp,390,718,124,107,197,83,,500,500
36AS06MARKIV_服_水手服_表情_自慰,36_拼接.webp,390,718,124,107,197,83,,500,500
36AS06MARKIV_服_水手服_表情_発情,36_拼接.webp,390,500,123,109,198,81,,500,500
36AS06MARKIV_服_水手服_表情_トロ顔,36_拼接.webp,390,500,123,109,198,81,,500,500
36AS06MARKIV_服_水手服_表情_憤怒,36_拼接.webp,390,825,123,106,198,84,,500,500
36AS06MARKIV_服_水手服_表情_笑顔,36_拼接.webp,541,0,123,104,198,83,,500,500
36AS06MARKIV_服_水手服_表情_性交,36_拼接.webp,513,825,123,106,198,83,,500,500
36AS06MARKIV_服_水手服_表情_通常,36_拼接.webp,0,0,1,1,0,0,,500,500
36AS06MARKIV_服躯_服_水手服,36_拼接.webp,0,500,390,500,47,0,,500,500
36AS06MARKIV_服_下着_表情_イキ顔,36_拼接.webp,622,609,112,101,189,80,,500,500
36AS06MARKIV_服_下着_表情_愛撫,36_拼接.webp,887,199,112,88,189,80,,500,500
36AS06MARKIV_服_下着_表情_自慰,36_拼接.webp,887,199,112,88,189,80,,500,500
36AS06MARKIV_服_下着_表情_発情,36_拼接.webp,900,0,113,86,190,81,,500,500
36AS06MARKIV_服_下着_表情_トロ顔,36_拼接.webp,900,0,113,86,190,81,,500,500
36AS06MARKIV_服_下着_表情_憤怒,36_拼接.webp,880,297,114,93,188,80,,500,500
36AS06MARKIV_服_下着_表情_笑顔,36_拼接.webp,846,505,113,94,189,81,,500,500
36AS06MARKIV_服_下着_表情_性交,36_拼接.webp,734,609,114,95,188,80,,500,500
36AS06MARKIV_服_下着_表情_通常,36_拼接.webp,0,0,1,1,0,0,,500,500
36AS06MARKIV_服躯_服_下着,36_拼接.webp,342,1500,340,500,80,0,,500,500
36AS06MARKIV_服_表情_イキ顔,36_拼接.webp,542,209,120,102,204,76,,500,500
36AS06MARKIV_服_表情_愛撫,36_拼接.webp,740,411,118,94,205,76,,500,500
36AS06MARKIV_服_表情_自慰,36_拼接.webp,740,411,118,94,205,76,,500,500
36AS06MARKIV_服_表情_発情,36_拼接.webp,664,0,118,102,206,75,,500,500
36AS06MARKIV_服_表情_トロ顔,36_拼接.webp,664,0,118,102,206,75,,500,500
36AS06MARKIV_服_表情_憤怒,36_拼接.webp,513,416,118,102,205,76,,500,500
36AS06MARKIV_服_表情_笑顔,36_拼接.webp,426,313,117,103,206,75,,500,500
36AS06MARKIV_服_表情_性交,36_拼接.webp,549,104,119,102,205,75,,500,500
36AS06MARKIV_服_表情_通常,36_拼接.webp,0,0,1,1,0,0,,500,500
36AS06MARKIV_服躯_服,36_拼接.webp,0,0,426,500,37,0,,500,500
36AS06MARKIV_裸_表情_イキ顔,36_拼接.webp,631,413,109,101,199,79,,500,500
36AS06MARKIV_裸_表情_愛撫,36_拼接.webp,628,518,109,91,199,80,,500,500
36AS06MARKIV_裸_表情_自慰,36_拼接.webp,628,518,109,91,199,80,,500,500
36AS06MARKIV_裸_表情_発情,36_拼接.webp,772,297,108,94,199,80,,500,500
36AS06MARKIV_裸_表情_トロ顔,36_拼接.webp,772,297,108,94,199,80,,500,500
36AS06MARKIV_裸_表情_憤怒,36_拼接.webp,737,514,109,95,198,79,,500,500
36AS06MARKIV_裸_表情_睡眠,36_拼接.webp,662,206,108,99,199,79,,500,500
36AS06MARKIV_裸_表情_笑顔,36_拼接.webp,668,102,110,98,199,79,,500,500
36AS06MARKIV_裸_表情_性交,36_拼接.webp,543,311,110,102,198,78,,500,500
36AS06MARKIV_裸_表情_通常,36_拼接.webp,0,0,1,1,0,0,,500,500
36AS06MARKIV_服躯_裸,36_拼接.webp,0,1500,342,500,69,0,,500,500
36AS06MARKIV_裸躯_躯干,36_拼接.webp,0,1800,1,1,0,0,,500,500

別立ち2_服_通常_36,36_拼接.webp,0,0,426,500,37,0,,500,500
別顔2_服_通常_36,36_拼接.webp,63,0,300,300,0,0,,300,300

;------------------------------------------------------------
;蓝
;------------------------------------------------------------
25AS06MARKIV_服_睡衣_表情_イキ顔,25_拼接.webp,0,0,90,82,204,78,,500,500
25AS06MARKIV_服_睡衣_表情_性交,25_拼接.webp,90,0,90,83,204,78,,500,500
25AS06MARKIV_服_睡衣_表情_愛撫,25_拼接.webp,180,0,90,83,204,77,,500,500
25AS06MARKIV_服_睡衣_表情_自慰,25_拼接.webp,180,0,90,83,204,77,,500,500
25AS06MARKIV_服_睡衣_表情_憤怒,25_拼接.webp,270,0,91,83,203,78,,500,500
25AS06MARKIV_服_睡衣_表情_発情,25_拼接.webp,537,0,92,87,203,75,,500,500
25AS06MARKIV_服_睡衣_表情_トロ顔,25_拼接.webp,537,0,92,87,203,75,,500,500
25AS06MARKIV_服_睡衣_表情_睡眠,25_拼接.webp,361,0,87,83,203,73,,500,500
25AS06MARKIV_服_睡衣_表情_笑顔,25_拼接.webp,448,0,89,83,203,78,,500,500
25AS06MARKIV_服_睡衣_表情_通常,25_拼接.webp,0,0,1,1,0,0,,500,500
25AS06MARKIV_服躯_服_睡衣,25_拼接.webp,1258,91,334,486,83,14,,500,500
25AS06MARKIV_服_下着_表情_イキ顔,25_拼接.webp,459,87,94,96,206,74,,500,500
25AS06MARKIV_服_下着_表情_性交,25_拼接.webp,0,83,92,94,207,75,,500,500
25AS06MARKIV_服_下着_表情_愛撫,25_拼接.webp,280,83,91,95,208,75,,500,500
25AS06MARKIV_服_下着_表情_自慰,25_拼接.webp,280,83,91,95,208,75,,500,500
25AS06MARKIV_服_下着_表情_憤怒,25_拼接.webp,743,90,92,97,207,74,,500,500
25AS06MARKIV_服_下着_表情_発情,25_拼接.webp,92,83,93,94,207,75,,500,500
25AS06MARKIV_服_下着_表情_トロ顔,25_拼接.webp,92,83,93,94,207,75,,500,500
25AS06MARKIV_服_下着_表情_笑顔,25_拼接.webp,553,87,94,96,206,75,,500,500
25AS06MARKIV_服_下着_表情_通常,25_拼接.webp,0,0,1,1,0,0,,500,500
25AS06MARKIV_服躯_服_下着,25_拼接.webp,1592,93,333,500,83,0,,500,500
25AS06MARKIV_裸_表情_イキ顔,25_拼接.webp,647,89,96,96,207,76,,500,500
25AS06MARKIV_裸_表情_性交,25_拼接.webp,1635,0,95,92,207,77,,500,500
25AS06MARKIV_裸_表情_愛撫,25_拼接.webp,185,83,95,94,207,75,,500,500
25AS06MARKIV_裸_表情_自慰,25_拼接.webp,185,83,95,94,207,75,,500,500
25AS06MARKIV_裸_表情_憤怒,25_拼接.webp,1089,0,96,91,207,78,,500,500
25AS06MARKIV_裸_表情_発情,25_拼接.webp,810,0,95,90,207,78,,500,500
25AS06MARKIV_裸_表情_トロ顔,25_拼接.webp,810,0,95,90,207,78,,500,500
25AS06MARKIV_裸_表情_睡眠,25_拼接.webp,1185,0,94,91,208,78,,500,500
25AS06MARKIV_裸_表情_笑顔,25_拼接.webp,1279,0,94,91,208,78,,500,500
25AS06MARKIV_裸_表情_通常,25_拼接.webp,0,0,1,1,0,0,,500,500
25AS06MARKIV_服躯_裸,25_拼接.webp,0,178,334,500,83,0,,500,500
25AS06MARKIV_服_兔女郎_表情_イキ顔,25_拼接.webp,1900,0,93,93,205,74,,500,500
25AS06MARKIV_服_兔女郎_表情_性交,25_拼接.webp,905,0,93,90,204,76,,500,500
25AS06MARKIV_服_兔女郎_表情_愛撫,25_拼接.webp,718,0,92,89,205,77,,500,500
25AS06MARKIV_服_兔女郎_表情_自慰,25_拼接.webp,718,0,92,89,205,77,,500,500
25AS06MARKIV_服_兔女郎_表情_憤怒,25_拼接.webp,998,0,91,90,206,76,,500,500
25AS06MARKIV_服_兔女郎_表情_発情,25_拼接.webp,629,0,89,87,206,78,,500,500
25AS06MARKIV_服_兔女郎_表情_トロ顔,25_拼接.webp,629,0,89,87,206,78,,500,500
25AS06MARKIV_服_兔女郎_表情_笑顔,25_拼接.webp,1373,0,92,91,205,76,,500,500
25AS06MARKIV_服_兔女郎_表情_通常,25_拼接.webp,0,0,1,1,0,0,,500,500
25AS06MARKIV_服躯_服_兔女郎,25_拼接.webp,334,185,334,500,83,0,,500,500
25AS06MARKIV_服_表情_イキ顔,25_拼接.webp,1465,0,85,91,205,76,,500,500
25AS06MARKIV_服_表情_性交,25_拼接.webp,1730,0,84,92,206,76,,500,500
25AS06MARKIV_服_表情_愛撫,25_拼接.webp,1814,0,86,92,205,75,,500,500
25AS06MARKIV_服_表情_自慰,25_拼接.webp,1814,0,86,92,205,75,,500,500
25AS06MARKIV_服_表情_憤怒,25_拼接.webp,371,83,88,95,204,74,,500,500
25AS06MARKIV_服_表情_発情,25_拼接.webp,1550,0,85,91,205,76,,500,500
25AS06MARKIV_服_表情_トロ顔,25_拼接.webp,1550,0,85,91,205,76,,500,500
25AS06MARKIV_服_表情_笑顔,25_拼接.webp,835,90,89,98,203,72,,500,500
25AS06MARKIV_服_表情_通常,25_拼接.webp,0,0,1,1,0,0,,500,500
25AS06MARKIV_服躯_服,25_拼接.webp,924,91,334,481,83,19,,500,500
25AS06MARKIV_裸躯_躯干,25_拼接.webp,0,0,1,1,0,0,,500,500

別立ち_服_通常_25,25_拼接.webp,924,91,334,481,83,19,,500,500
別顔_服_通常_25,25_拼接.webp,941,91,300,300,0,19,,300,300
25AS06MARKIV_覆盖范围,25_com.webp,0,0,333,333,-83,0

;------------------------------------------------------------
;帕秋莉
;------------------------------------------------------------
54AS06MARKIV_服_灯笼裤_表情_イキ顔,54_拼接.webp,709,1089,80,85,216,63,,500,500
54AS06MARKIV_服_灯笼裤_表情_性交,54_拼接.webp,796,1000,80,86,217,62,,500,500
54AS06MARKIV_服_灯笼裤_表情_愛撫,54_拼接.webp,796,1000,80,86,217,62,,500,500
54AS06MARKIV_服_灯笼裤_表情_自慰,54_拼接.webp,796,1000,80,86,217,62,,500,500
54AS06MARKIV_服_灯笼裤_表情_憤怒,54_拼接.webp,712,1000,84,87,213,63,,500,500
54AS06MARKIV_服_灯笼裤_表情_発情,54_拼接.webp,1146,344,83,91,214,59,,500,500
54AS06MARKIV_服_灯笼裤_表情_トロ顔,54_拼接.webp,1146,344,83,91,214,59,,500,500
54AS06MARKIV_服_灯笼裤_表情_笑顔,54_拼接.webp,627,1089,82,85,215,63,,500,500
54AS06MARKIV_服_灯笼裤_表情_通常,54_拼接.webp,0,0,1,1,0,0,,500,500
54AS06MARKIV_服躯_服_灯笼裤,54_拼接.webp,1008,498,238,499,116,1,,500,500
54AS06MARKIV_服_制服_表情_イキ顔,54_拼接.webp,627,1174,88,80,205,68,,500,500
54AS06MARKIV_服_制服_表情_性交,54_拼接.webp,1048,1163,88,79,204,68,,500,500
54AS06MARKIV_服_制服_表情_愛撫,54_拼接.webp,1048,1163,88,79,204,68,,500,500
54AS06MARKIV_服_制服_表情_自慰,54_拼接.webp,1048,1163,88,79,204,68,,500,500
54AS06MARKIV_服_制服_表情_憤怒,54_拼接.webp,1136,1163,88,78,204,68,,500,500
54AS06MARKIV_服_制服_表情_発情,54_拼接.webp,1175,997,87,79,205,68,,500,500
54AS06MARKIV_服_制服_表情_トロ顔,54_拼接.webp,1175,997,87,79,205,68,,500,500
54AS06MARKIV_服_制服_表情_笑顔,54_拼接.webp,711,1254,88,79,204,69,,500,500
54AS06MARKIV_服_制服_表情_通常,54_拼接.webp,0,0,1,1,0,0,,500,500
54AS06MARKIV_服躯_服_制服,54_拼接.webp,320,996,307,499,83,1,,500,500
54AS06MARKIV_服_下着_表情_イキ顔,54_拼接.webp,962,1169,85,80,215,70,,500,500
54AS06MARKIV_服_下着_表情_性交,54_拼接.webp,1246,662,82,76,216,70,,500,500
54AS06MARKIV_服_下着_表情_愛撫,54_拼接.webp,1246,662,82,76,216,70,,500,500
54AS06MARKIV_服_下着_表情_自慰,54_拼接.webp,1246,662,82,76,216,70,,500,500
54AS06MARKIV_服_下着_表情_憤怒,54_拼接.webp,1326,240,84,77,215,69,,500,500
54AS06MARKIV_服_下着_表情_発情,54_拼接.webp,1246,590,84,72,216,70,,500,500
54AS06MARKIV_服_下着_表情_トロ顔,54_拼接.webp,1246,590,84,72,216,70,,500,500
54AS06MARKIV_服_下着_表情_笑顔,54_拼接.webp,1346,75,85,79,215,68,,500,500
54AS06MARKIV_服_下着_表情_通常,54_拼接.webp,0,0,1,1,0,0,,500,500
54AS06MARKIV_服躯_服_下着,54_拼接.webp,706,500,302,500,101,0,,500,500
54AS06MARKIV_服_野兽_表情_イキ顔,54_拼接.webp,1058,91,89,94,213,45,,500,500
54AS06MARKIV_服_野兽_表情_性交,54_拼接.webp,1058,185,88,92,215,45,,500,500
54AS06MARKIV_服_野兽_表情_愛撫,54_拼接.webp,1058,185,88,92,215,45,,500,500
54AS06MARKIV_服_野兽_表情_自慰,54_拼接.webp,1058,185,88,92,215,45,,500,500
54AS06MARKIV_服_野兽_表情_憤怒,54_拼接.webp,1058,277,88,92,214,46,,500,500
54AS06MARKIV_服_野兽_表情_発情,54_拼接.webp,1235,263,88,90,214,46,,500,500
54AS06MARKIV_服_野兽_表情_トロ顔,54_拼接.webp,1235,263,88,90,214,46,,500,500
54AS06MARKIV_服_野兽_表情_笑顔,54_拼接.webp,1058,369,88,90,214,45,,500,500
54AS06MARKIV_服_野兽_表情_通常,54_拼接.webp,0,0,1,1,0,0,,500,500
54AS06MARKIV_服躯_服_野兽,54_拼接.webp,0,495,334,500,83,0,,500,500
54AS06MARKIV_服_兔女郎_表情_イキ顔,54_拼接.webp,1058,0,104,91,198,65,,500,500
54AS06MARKIV_服_兔女郎_表情_性交,54_拼接.webp,1237,175,89,88,204,68,,500,500
54AS06MARKIV_服_兔女郎_表情_愛撫,54_拼接.webp,1237,175,89,88,204,68,,500,500
54AS06MARKIV_服_兔女郎_表情_自慰,54_拼接.webp,1237,175,89,88,204,68,,500,500
54AS06MARKIV_服_兔女郎_表情_憤怒,54_拼接.webp,1147,175,90,88,203,67,,500,500
54AS06MARKIV_服_兔女郎_表情_発情,54_拼接.webp,1162,85,91,90,203,65,,500,500
54AS06MARKIV_服_兔女郎_表情_トロ顔,54_拼接.webp,1162,85,91,90,203,65,,500,500
54AS06MARKIV_服_兔女郎_表情_笑顔,54_拼接.webp,1162,0,95,85,198,67,,500,500
54AS06MARKIV_服_兔女郎_表情_通常,54_拼接.webp,0,0,1,1,0,0,,500,500
54AS06MARKIV_服躯_服_兔女郎,54_拼接.webp,386,0,338,500,82,0,,500,500
54AS06MARKIV_服_婚纱_表情_イキ顔,54_拼接.webp,964,1087,84,82,203,72,,500,500
54AS06MARKIV_服_婚纱_表情_性交,54_拼接.webp,627,1254,84,80,203,73,,500,500
54AS06MARKIV_服_婚纱_表情_愛撫,54_拼接.webp,627,1254,84,80,203,73,,500,500
54AS06MARKIV_服_婚纱_表情_自慰,54_拼接.webp,627,1254,84,80,203,73,,500,500
54AS06MARKIV_服_婚纱_表情_憤怒,54_拼接.webp,796,1086,85,85,202,71,,500,500
54AS06MARKIV_服_婚纱_表情_発情,54_拼接.webp,627,1000,85,89,202,68,,500,500
54AS06MARKIV_服_婚纱_表情_トロ顔,54_拼接.webp,627,1000,85,89,202,68,,500,500
54AS06MARKIV_服_婚纱_表情_笑顔,54_拼接.webp,881,1082,83,84,204,72,,500,500
54AS06MARKIV_服_婚纱_表情_通常,54_拼接.webp,0,0,1,1,0,0,,500,500
54AS06MARKIV_服躯_服_婚纱,54_拼接.webp,0,0,386,495,57,5,,500,500
54AS06MARKIV_裸_婚纱_表情_イキ顔,54_拼接.webp,964,1087,84,82,203,72,,500,500
54AS06MARKIV_裸_婚纱_表情_性交,54_拼接.webp,627,1254,84,80,203,73,,500,500
54AS06MARKIV_裸_婚纱_表情_愛撫,54_拼接.webp,627,1254,84,80,203,73,,500,500
54AS06MARKIV_裸_婚纱_表情_自慰,54_拼接.webp,627,1254,84,80,203,73,,500,500
54AS06MARKIV_裸_婚纱_表情_憤怒,54_拼接.webp,796,1086,85,85,202,71,,500,500
54AS06MARKIV_裸_婚纱_表情_発情,54_拼接.webp,627,1000,85,89,202,68,,500,500
54AS06MARKIV_裸_婚纱_表情_トロ顔,54_拼接.webp,627,1000,85,89,202,68,,500,500
54AS06MARKIV_裸_婚纱_表情_笑顔,54_拼接.webp,881,1082,83,84,204,72,,500,500
54AS06MARKIV_裸_婚纱_表情_通常,54_拼接.webp,0,0,1,1,0,0,,500,500
54AS06MARKIV_服躯_裸_婚纱,54_拼接.webp,0,0,386,495,57,5,,500,500
54AS06MARKIV_服_哥特_表情_イキ顔,54_拼接.webp,1323,317,84,75,209,73,,500,500
54AS06MARKIV_服_哥特_表情_性交,54_拼接.webp,1346,0,86,75,208,73,,500,500
54AS06MARKIV_服_哥特_表情_愛撫,54_拼接.webp,1346,0,86,75,208,73,,500,500
54AS06MARKIV_服_哥特_表情_自慰,54_拼接.webp,1346,0,86,75,208,73,,500,500
54AS06MARKIV_服_哥特_表情_憤怒,54_拼接.webp,1246,439,86,77,207,73,,500,500
54AS06MARKIV_服_哥特_表情_発情,54_拼接.webp,1246,516,84,74,208,74,,500,500
54AS06MARKIV_服_哥特_表情_トロ顔,54_拼接.webp,1246,516,84,74,208,74,,500,500
54AS06MARKIV_服_哥特_表情_笑顔,54_拼接.webp,1326,164,86,76,207,74,,500,500
54AS06MARKIV_服_哥特_表情_通常,54_拼接.webp,0,0,1,1,0,0,,500,500
54AS06MARKIV_服躯_服_哥特,54_拼接.webp,724,0,334,498,83,2,,500,500
54AS06MARKIV_服_表情_イキ顔,54_拼接.webp,1094,997,81,83,209,68,,500,500
54AS06MARKIV_服_表情_性交,54_拼接.webp,1246,738,80,75,209,68,,500,500
54AS06MARKIV_服_表情_愛撫,54_拼接.webp,1246,738,80,75,209,68,,500,500
54AS06MARKIV_服_表情_自慰,54_拼接.webp,1246,738,80,75,209,68,,500,500
54AS06MARKIV_服_表情_憤怒,54_拼接.webp,1229,353,88,86,208,68,,500,500
54AS06MARKIV_服_表情_発情,54_拼接.webp,881,1166,81,81,209,68,,500,500
54AS06MARKIV_服_表情_トロ顔,54_拼接.webp,881,1166,81,81,209,68,,500,500
54AS06MARKIV_服_表情_睡眠,54_拼接.webp,1008,997,86,90,210,61,,500,500
54AS06MARKIV_服_表情_笑顔,54_拼接.webp,1094,1080,81,83,210,68,,500,500
54AS06MARKIV_服_表情_通常,54_拼接.webp,0,0,1,1,0,0,,500,500
54AS06MARKIV_服躯_服,54_拼接.webp,334,500,372,496,66,4,,500,500
54AS06MARKIV_裸_表情_イキ顔,54_拼接.webp,876,1000,88,82,207,65,,500,500
54AS06MARKIV_裸_表情_性交,54_拼接.webp,1146,263,89,81,206,64,,500,500
54AS06MARKIV_裸_表情_愛撫,54_拼接.webp,1146,263,89,81,206,64,,500,500
54AS06MARKIV_裸_表情_自慰,54_拼接.webp,1146,263,89,81,206,64,,500,500
54AS06MARKIV_裸_表情_憤怒,54_拼接.webp,1257,0,89,82,206,65,,500,500
54AS06MARKIV_裸_表情_発情,54_拼接.webp,715,1174,87,80,207,66,,500,500
54AS06MARKIV_裸_表情_トロ顔,54_拼接.webp,715,1174,87,80,207,66,,500,500
54AS06MARKIV_裸_表情_睡眠,54_拼接.webp,802,1247,87,80,207,66,,500,500
54AS06MARKIV_裸_表情_笑顔,54_拼接.webp,1257,82,89,82,206,65,,500,500
54AS06MARKIV_裸_表情_通常,54_拼接.webp,0,0,1,1,0,0,,500,500
54AS06MARKIV_服躯_裸,54_拼接.webp,0,995,320,500,88,0,,500,500
54AS06MARKIV_裸躯_躯干,54_拼接.webp,0,0,1,1,0,0,,500,500

別立ち_服_通常_54,54_拼接.webp,334,500,372,496,66,4,,500,500
別顔_服_通常_54,54_拼接.webp,368,500,300,296,0,4,,300,300
54AS06MARKIV_覆盖范围,54_拼接.webp,0,0,333,333,-83,0

;------------------------------------------------------------
;华扇
;------------------------------------------------------------
43AS06MARKIV_服_浴衣_表情_イキ顔,43_拼接.webp,0,71,75,90,210,55,,500,500
43AS06MARKIV_服_浴衣_表情_性交,43_拼接.webp,1334,86,76,91,209,55,,500,500
43AS06MARKIV_服_浴衣_表情_愛撫,43_拼接.webp,1334,86,76,91,209,55,,500,500
43AS06MARKIV_服_浴衣_表情_自慰,43_拼接.webp,1334,86,76,91,209,55,,500,500
43AS06MARKIV_服_浴衣_表情_憤怒,43_拼接.webp,1743,87,79,92,209,55,,500,500
43AS06MARKIV_服_浴衣_表情_発情,43_拼接.webp,1822,87,76,92,209,55,,500,500
43AS06MARKIV_服_浴衣_表情_トロ顔,43_拼接.webp,1822,87,76,92,209,55,,500,500
43AS06MARKIV_服_浴衣_表情_笑顔,43_拼接.webp,911,171,81,94,209,54,,500,500
43AS06MARKIV_服_浴衣_表情_通常,43_拼接.webp,0,0,1,1,0,0,,500,500
43AS06MARKIV_服躯_服_浴衣,43_拼接.webp,0,748,272,496,135,4,,500,500
43AS06MARKIV_服_危险野兽_表情_イキ顔,43_拼接.webp,254,75,82,89,210,49,,500,500
43AS06MARKIV_服_危险野兽_表情_性交,43_拼接.webp,1092,0,79,85,211,51,,500,500
43AS06MARKIV_服_危险野兽_表情_愛撫,43_拼接.webp,1092,0,79,85,211,51,,500,500
43AS06MARKIV_服_危险野兽_表情_自慰,43_拼接.webp,1092,0,79,85,211,51,,500,500
43AS06MARKIV_服_危险野兽_表情_憤怒,43_拼接.webp,336,76,82,89,210,49,,500,500
43AS06MARKIV_服_危险野兽_表情_発情,43_拼接.webp,1251,0,82,86,210,51,,500,500
43AS06MARKIV_服_危险野兽_表情_トロ顔,43_拼接.webp,1251,0,82,86,210,51,,500,500
43AS06MARKIV_服_危险野兽_表情_笑顔,43_拼接.webp,418,78,82,89,210,49,,500,500
43AS06MARKIV_服_危险野兽_表情_通常,43_拼接.webp,0,0,1,1,0,0,,500,500
43AS06MARKIV_服躯_服_危险野兽,43_拼接.webp,825,769,354,500,38,0,,500,500
43AS06MARKIV_服_兔女郎_表情_イキ顔,43_拼接.webp,1394,177,80,101,212,45,,500,500
43AS06MARKIV_服_兔女郎_表情_性交,43_拼接.webp,1156,175,80,99,212,46,,500,500
43AS06MARKIV_服_兔女郎_表情_愛撫,43_拼接.webp,1156,175,80,99,212,46,,500,500
43AS06MARKIV_服_兔女郎_表情_自慰,43_拼接.webp,1156,175,80,99,212,46,,500,500
43AS06MARKIV_服_兔女郎_表情_憤怒,43_拼接.webp,1314,177,80,100,212,45,,500,500
43AS06MARKIV_服_兔女郎_表情_発情,43_拼接.webp,1236,176,78,99,213,46,,500,500
43AS06MARKIV_服_兔女郎_表情_トロ顔,43_拼接.webp,1236,176,78,99,213,46,,500,500
43AS06MARKIV_服_兔女郎_表情_笑顔,43_拼接.webp,1898,88,79,92,212,47,,500,500
43AS06MARKIV_服_兔女郎_表情_通常,43_拼接.webp,0,0,1,1,0,0,,500,500
43AS06MARKIV_服躯_服_兔女郎,43_拼接.webp,1179,786,255,500,115,0,,500,500
43AS06MARKIV_裸_兔女郎_表情_イキ顔,43_拼接.webp,1394,177,80,101,212,45,,500,500
43AS06MARKIV_裸_兔女郎_表情_性交,43_拼接.webp,1156,175,80,99,212,46,,500,500
43AS06MARKIV_裸_兔女郎_表情_愛撫,43_拼接.webp,1156,175,80,99,212,46,,500,500
43AS06MARKIV_裸_兔女郎_表情_自慰,43_拼接.webp,1156,175,80,99,212,46,,500,500
43AS06MARKIV_裸_兔女郎_表情_憤怒,43_拼接.webp,1314,177,80,100,212,45,,500,500
43AS06MARKIV_裸_兔女郎_表情_発情,43_拼接.webp,1236,176,78,99,213,46,,500,500
43AS06MARKIV_裸_兔女郎_表情_トロ顔,43_拼接.webp,1236,176,78,99,213,46,,500,500
43AS06MARKIV_裸_兔女郎_表情_笑顔,43_拼接.webp,1898,88,79,92,212,47,,500,500
43AS06MARKIV_裸_兔女郎_表情_通常,43_拼接.webp,0,0,1,1,0,0,,500,500
43AS06MARKIV_服躯_裸_兔女郎,43_拼接.webp,1179,786,255,500,115,0,,500,500
43AS06MARKIV_服_2B_表情_イキ顔,43_拼接.webp,495,167,83,93,210,61,,500,500
43AS06MARKIV_服_2B_表情_性交,43_拼接.webp,0,162,82,92,210,61,,500,500
43AS06MARKIV_服_2B_表情_愛撫,43_拼接.webp,0,162,82,92,210,61,,500,500
43AS06MARKIV_服_2B_表情_自慰,43_拼接.webp,0,162,82,92,210,61,,500,500
43AS06MARKIV_服_2B_表情_憤怒,43_拼接.webp,82,162,84,92,209,61,,500,500
43AS06MARKIV_服_2B_表情_発情,43_拼接.webp,166,162,82,92,211,61,,500,500
43AS06MARKIV_服_2B_表情_トロ顔,43_拼接.webp,166,162,82,92,211,61,,500,500
43AS06MARKIV_服_2B_表情_笑顔,43_拼接.webp,578,168,84,93,209,60,,500,500
43AS06MARKIV_服_2B_表情_通常,43_拼接.webp,0,0,1,1,0,0,,500,500
43AS06MARKIV_服躯_服_2B,43_拼接.webp,719,268,312,491,97,9,,500,500
43AS06MARKIV_服_花魁_表情_イキ顔,43_拼接.webp,153,0,74,74,211,77,,500,500
43AS06MARKIV_服_花魁_表情_性交,43_拼接.webp,227,0,73,74,211,77,,500,500
43AS06MARKIV_服_花魁_表情_愛撫,43_拼接.webp,227,0,73,74,211,77,,500,500
43AS06MARKIV_服_花魁_表情_自慰,43_拼接.webp,227,0,73,74,211,77,,500,500
43AS06MARKIV_服_花魁_表情_憤怒,43_拼接.webp,76,0,77,73,208,78,,500,500
43AS06MARKIV_服_花魁_表情_発情,43_拼接.webp,387,0,76,76,209,77,,500,500
43AS06MARKIV_服_花魁_表情_トロ顔,43_拼接.webp,387,0,76,76,209,77,,500,500
43AS06MARKIV_服_花魁_表情_笑顔,43_拼接.webp,0,0,76,71,210,77,,500,500
43AS06MARKIV_服_花魁_表情_通常,43_拼接.webp,0,0,1,1,0,0,,500,500
43AS06MARKIV_服躯_服_花魁,43_拼接.webp,524,759,301,497,67,3,,500,500
43AS06MARKIV_服_运动短裤_表情_イキ顔,43_拼接.webp,500,78,86,89,221,62,,500,500
43AS06MARKIV_服_运动短裤_表情_性交,43_拼接.webp,1909,0,83,88,222,62,,500,500
43AS06MARKIV_服_运动短裤_表情_愛撫,43_拼接.webp,1909,0,83,88,222,62,,500,500
43AS06MARKIV_服_运动短裤_表情_自慰,43_拼接.webp,1909,0,83,88,222,62,,500,500
43AS06MARKIV_服_运动短裤_表情_憤怒,43_拼接.webp,1082,85,84,90,221,61,,500,500
43AS06MARKIV_服_运动短裤_表情_発情,43_拼接.webp,586,79,85,89,222,61,,500,500
43AS06MARKIV_服_运动短裤_表情_トロ顔,43_拼接.webp,586,79,85,89,222,61,,500,500
43AS06MARKIV_服_运动短裤_表情_笑顔,43_拼接.webp,671,80,85,89,221,61,,500,500
43AS06MARKIV_服_运动短裤_表情_通常,43_拼接.webp,0,0,1,1,0,0,,500,500
43AS06MARKIV_服躯_服_运动短裤,43_拼接.webp,219,259,236,489,137,11,,500,500
43AS06MARKIV_服_不知火舞_表情_イキ顔,43_拼接.webp,75,74,88,88,202,71,,500,500
43AS06MARKIV_服_不知火舞_表情_性交,43_拼接.webp,163,74,91,88,199,71,,500,500
43AS06MARKIV_服_不知火舞_表情_愛撫,43_拼接.webp,163,74,91,88,199,71,,500,500
43AS06MARKIV_服_不知火舞_表情_自慰,43_拼接.webp,163,74,91,88,199,71,,500,500
43AS06MARKIV_服_不知火舞_表情_憤怒,43_拼接.webp,1734,0,91,87,199,70,,500,500
43AS06MARKIV_服_不知火舞_表情_発情,43_拼接.webp,300,0,87,75,202,72,,500,500
43AS06MARKIV_服_不知火舞_表情_トロ顔,43_拼接.webp,300,0,87,75,202,72,,500,500
43AS06MARKIV_服_不知火舞_表情_笑顔,43_拼接.webp,847,0,86,82,202,72,,500,500
43AS06MARKIV_服_不知火舞_表情_通常,43_拼接.webp,0,0,1,1,0,0,,500,500
43AS06MARKIV_服躯_服_不知火舞,43_拼接.webp,455,262,264,490,122,10,,500,500
43AS06MARKIV_服_白无垢_表情_イキ顔,43_拼接.webp,614,0,77,79,210,81,,500,500
43AS06MARKIV_服_白无垢_表情_性交,43_拼接.webp,463,0,76,78,211,81,,500,500
43AS06MARKIV_服_白无垢_表情_愛撫,43_拼接.webp,463,0,76,78,211,81,,500,500
43AS06MARKIV_服_白无垢_表情_自慰,43_拼接.webp,463,0,76,78,211,81,,500,500
43AS06MARKIV_服_白无垢_表情_憤怒,43_拼接.webp,768,0,79,81,210,80,,500,500
43AS06MARKIV_服_白无垢_表情_発情,43_拼接.webp,539,0,75,78,212,80,,500,500
43AS06MARKIV_服_白无垢_表情_トロ顔,43_拼接.webp,539,0,75,78,212,80,,500,500
43AS06MARKIV_服_白无垢_表情_笑顔,43_拼接.webp,691,0,77,80,210,80,,500,500
43AS06MARKIV_服_白无垢_表情_通常,43_拼接.webp,0,0,1,1,0,0,,500,500
43AS06MARKIV_服躯_服_白无垢,43_拼接.webp,1031,275,276,494,112,6,,500,500
43AS06MARKIV_服_Y字泳衣_表情_イキ顔,43_拼接.webp,248,164,81,92,214,42,,500,500
43AS06MARKIV_服_Y字泳衣_表情_性交,43_拼接.webp,933,0,80,82,214,42,,500,500
43AS06MARKIV_服_Y字泳衣_表情_愛撫,43_拼接.webp,933,0,80,82,214,42,,500,500
43AS06MARKIV_服_Y字泳衣_表情_自慰,43_拼接.webp,933,0,80,82,214,42,,500,500
43AS06MARKIV_服_Y字泳衣_表情_憤怒,43_拼接.webp,662,169,81,93,214,42,,500,500
43AS06MARKIV_服_Y字泳衣_表情_発情,43_拼接.webp,1410,86,82,91,214,42,,500,500
43AS06MARKIV_服_Y字泳衣_表情_トロ顔,43_拼接.webp,1410,86,82,91,214,42,,500,500
43AS06MARKIV_服_Y字泳衣_表情_笑顔,43_拼接.webp,992,173,82,95,214,41,,500,500
43AS06MARKIV_服_Y字泳衣_表情_通常,43_拼接.webp,0,0,1,1,0,0,,500,500
43AS06MARKIV_服躯_服_Y字泳衣,43_拼接.webp,1541,657,269,495,111,5,,500,500
43AS06MARKIV_服_睡衣_表情_イキ顔,43_拼接.webp,1074,175,82,95,212,58,,500,500
43AS06MARKIV_服_睡衣_表情_性交,43_拼接.webp,743,170,84,93,211,58,,500,500
43AS06MARKIV_服_睡衣_表情_愛撫,43_拼接.webp,743,170,84,93,211,58,,500,500
43AS06MARKIV_服_睡衣_表情_自慰,43_拼接.webp,743,170,84,93,211,58,,500,500
43AS06MARKIV_服_睡衣_表情_憤怒,43_拼接.webp,1492,86,83,91,211,59,,500,500
43AS06MARKIV_服_睡衣_表情_発情,43_拼接.webp,329,165,82,92,212,58,,500,500
43AS06MARKIV_服_睡衣_表情_トロ顔,43_拼接.webp,329,165,82,92,212,58,,500,500
43AS06MARKIV_服_睡衣_表情_睡眠,43_拼接.webp,827,171,84,93,211,58,,500,500
43AS06MARKIV_服_睡衣_表情_笑顔,43_拼接.webp,411,167,84,92,211,59,,500,500
43AS06MARKIV_服_睡衣_表情_通常,43_拼接.webp,0,0,1,1,0,0,,500,500
43AS06MARKIV_服躯_服_睡衣,43_拼接.webp,1307,292,234,494,124,6,,500,500
43AS06MARKIV_服_下着_表情_イキ顔,43_拼接.webp,1171,0,80,85,213,58,,500,500
43AS06MARKIV_服_下着_表情_性交,43_拼接.webp,1013,0,79,84,214,58,,500,500
43AS06MARKIV_服_下着_表情_愛撫,43_拼接.webp,1013,0,79,84,214,58,,500,500
43AS06MARKIV_服_下着_表情_自慰,43_拼接.webp,1013,0,79,84,214,58,,500,500
43AS06MARKIV_服_下着_表情_憤怒,43_拼接.webp,1333,0,79,86,214,57,,500,500
43AS06MARKIV_服_下着_表情_発情,43_拼接.webp,1412,0,80,86,213,57,,500,500
43AS06MARKIV_服_下着_表情_トロ顔,43_拼接.webp,1412,0,80,86,213,57,,500,500
43AS06MARKIV_服_下着_表情_笑顔,43_拼接.webp,1492,0,81,86,212,57,,500,500
43AS06MARKIV_服_下着_表情_通常,43_拼接.webp,0,0,1,1,0,0,,500,500
43AS06MARKIV_服躯_服_下着,43_拼接.webp,0,254,219,485,160,15,,500,500
43AS06MARKIV_服_表情_イキ顔,43_拼接.webp,756,81,80,89,211,71,,500,500
43AS06MARKIV_服_表情_性交,43_拼接.webp,1573,0,81,86,210,71,,500,500
43AS06MARKIV_服_表情_愛撫,43_拼接.webp,1573,0,81,86,210,71,,500,500
43AS06MARKIV_服_表情_自慰,43_拼接.webp,1573,0,81,86,210,71,,500,500
43AS06MARKIV_服_表情_憤怒,43_拼接.webp,836,82,81,89,210,70,,500,500
43AS06MARKIV_服_表情_発情,43_拼接.webp,917,82,81,89,210,70,,500,500
43AS06MARKIV_服_表情_トロ顔,43_拼接.webp,917,82,81,89,210,70,,500,500
43AS06MARKIV_服_表情_笑顔,43_拼接.webp,1654,0,80,86,211,72,,500,500
43AS06MARKIV_服_表情_通常,43_拼接.webp,0,0,1,1,0,0,,500,500
43AS06MARKIV_服躯_服,43_拼接.webp,1660,179,236,478,135,22,,500,500
43AS06MARKIV_裸_表情_イキ顔,43_拼接.webp,998,84,84,89,197,46,,500,500
43AS06MARKIV_裸_表情_性交,43_拼接.webp,1166,85,84,90,198,47,,500,500
43AS06MARKIV_裸_表情_愛撫,43_拼接.webp,1166,85,84,90,198,47,,500,500
43AS06MARKIV_裸_表情_自慰,43_拼接.webp,1166,85,84,90,198,47,,500,500
43AS06MARKIV_裸_表情_憤怒,43_拼接.webp,1575,86,84,91,197,47,,500,500
43AS06MARKIV_裸_表情_発情,43_拼接.webp,1825,0,84,87,197,47,,500,500
43AS06MARKIV_裸_表情_トロ顔,43_拼接.webp,1825,0,84,87,197,47,,500,500
43AS06MARKIV_裸_表情_睡眠,43_拼接.webp,1659,87,84,91,197,47,,500,500
43AS06MARKIV_裸_表情_笑顔,43_拼接.webp,1250,86,84,90,197,46,,500,500
43AS06MARKIV_裸_表情_通常,43_拼接.webp,0,0,1,1,0,0,,500,500
43AS06MARKIV_服躯_裸,43_拼接.webp,272,752,252,496,125,4,,500,500
43AS06MARKIV_裸躯_躯干,43_拼接.webp,0,0,1,1,0,0,,500,500

別立ち_服_通常_43,43_拼接.webp,1660,179,236,478,135,22,,500,500
別顔_服_通常_43,43_拼接.webp,1660,179,236,278,35,22,,300,300
別立ち_运动服湿_43,43_拼接.webp,1474,178,186,114,163,197,,500,500

;------------------------------------------------------------
;勇仪
;------------------------------------------------------------
64AS06MARKIV_服_神秘宝藏_表情_イキ顔,64_拼接.webp,1628,757,78,87,215,43,,500,500
64AS06MARKIV_服_神秘宝藏_表情_性交,64_拼接.webp,1630,633,78,87,215,43,,500,500
64AS06MARKIV_服_神秘宝藏_表情_愛撫,64_拼接.webp,1630,633,78,87,215,43,,500,500
64AS06MARKIV_服_神秘宝藏_表情_自慰,64_拼接.webp,1630,633,78,87,215,43,,500,500
64AS06MARKIV_服_神秘宝藏_表情_憤怒,64_拼接.webp,1549,757,79,87,215,42,,500,500
64AS06MARKIV_服_神秘宝藏_表情_発情,64_拼接.webp,1449,1945,80,89,215,42,,500,500
64AS06MARKIV_服_神秘宝藏_表情_トロ顔,64_拼接.webp,1449,1945,80,89,215,42,,500,500
64AS06MARKIV_服_神秘宝藏_表情_笑顔,64_拼接.webp,1370,1072,78,89,216,42,,500,500
64AS06MARKIV_服_神秘宝藏_表情_通常,64_拼接.webp,0,0,1,1,0,0,,500,500
64AS06MARKIV_服躯_服_神秘宝藏,64_拼接.webp,357,500,335,500,72,0,,500,500
64AS06MARKIV_服_不知火_表情_イキ顔,64_拼接.webp,1432,1850,75,95,209,39,,500,500
64AS06MARKIV_服_不知火_表情_性交,64_拼接.webp,1357,1768,75,96,208,38,,500,500
64AS06MARKIV_服_不知火_表情_愛撫,64_拼接.webp,1357,1768,75,96,208,38,,500,500
64AS06MARKIV_服_不知火_表情_自慰,64_拼接.webp,1357,1768,75,96,208,38,,500,500
64AS06MARKIV_服_不知火_表情_憤怒,64_拼接.webp,1357,1864,75,96,208,38,,500,500
64AS06MARKIV_服_不知火_表情_発情,64_拼接.webp,1529,1930,74,96,209,38,,500,500
64AS06MARKIV_服_不知火_表情_トロ顔,64_拼接.webp,1529,1930,74,96,209,38,,500,500
64AS06MARKIV_服_不知火_表情_笑顔,64_拼接.webp,1596,1831,75,94,209,39,,500,500
64AS06MARKIV_服_不知火_表情_通常,64_拼接.webp,0,0,1,1,0,0,,500,500
64AS06MARKIV_服躯_服_不知火,64_拼接.webp,0,1000,356,500,72,0,,500,500
64AS06MARKIV_服_裙甲_表情_イキ顔,64_拼接.webp,1448,1072,92,75,215,86,,500,500
64AS06MARKIV_服_裙甲_表情_性交,64_拼接.webp,1459,971,92,75,216,86,,500,500
64AS06MARKIV_服_裙甲_表情_愛撫,64_拼接.webp,1459,971,92,75,216,86,,500,500
64AS06MARKIV_服_裙甲_表情_自慰,64_拼接.webp,1459,971,92,75,216,86,,500,500
64AS06MARKIV_服_裙甲_表情_憤怒,64_拼接.webp,1543,891,91,74,216,87,,500,500
64AS06MARKIV_服_裙甲_表情_発情,64_拼接.webp,1370,1161,91,76,217,85,,500,500
64AS06MARKIV_服_裙甲_表情_トロ顔,64_拼接.webp,1370,1161,91,76,217,85,,500,500
64AS06MARKIV_服_裙甲_表情_笑顔,64_拼接.webp,1744,0,92,71,216,88,,500,500
64AS06MARKIV_服_裙甲_表情_通常,64_拼接.webp,0,0,1,1,0,0,,500,500
64AS06MARKIV_服躯_服_裙甲,64_拼接.webp,1024,1500,333,500,69,0,,500,500
64AS06MARKIV_服_女仆_表情_イキ顔,64_拼接.webp,1461,1147,81,78,198,56,,500,500
64AS06MARKIV_服_女仆_表情_性交,64_拼接.webp,1452,1237,80,79,199,55,,500,500
64AS06MARKIV_服_女仆_表情_愛撫,64_拼接.webp,1452,1237,80,79,199,55,,500,500
64AS06MARKIV_服_女仆_表情_自慰,64_拼接.webp,1452,1237,80,79,199,55,,500,500
64AS06MARKIV_服_女仆_表情_憤怒,64_拼接.webp,1646,367,83,80,197,54,,500,500
64AS06MARKIV_服_女仆_表情_発情,64_拼接.webp,1613,1123,82,73,198,55,,500,500
64AS06MARKIV_服_女仆_表情_トロ顔,64_拼接.webp,1613,1123,82,73,198,55,,500,500
64AS06MARKIV_服_女仆_表情_笑顔,64_拼接.webp,1657,166,84,78,198,56,,500,500
64AS06MARKIV_服_女仆_表情_通常,64_拼接.webp,0,0,1,1,0,0,,500,500
64AS06MARKIV_服躯_服_女仆,64_拼接.webp,0,1500,356,500,72,0,,500,500
64AS06MARKIV_服_牛仔_表情_イキ顔,64_拼接.webp,1383,384,88,95,202,48,,500,500
64AS06MARKIV_服_牛仔_表情_性交,64_拼接.webp,1360,795,93,101,199,47,,500,500
64AS06MARKIV_服_牛仔_表情_愛撫,64_拼接.webp,1360,795,93,101,199,47,,500,500
64AS06MARKIV_服_牛仔_表情_自慰,64_拼接.webp,1360,795,93,101,199,47,,500,500
64AS06MARKIV_服_牛仔_表情_憤怒,64_拼接.webp,1454,695,91,97,199,48,,500,500
64AS06MARKIV_服_牛仔_表情_発情,64_拼接.webp,1383,0,90,101,201,47,,500,500
64AS06MARKIV_服_牛仔_表情_トロ顔,64_拼接.webp,1383,0,90,101,201,47,,500,500
64AS06MARKIV_服_牛仔_表情_笑顔,64_拼接.webp,1360,695,94,100,197,48,,500,500
64AS06MARKIV_服_牛仔_表情_通常,64_拼接.webp,0,0,1,1,0,0,,500,500
64AS06MARKIV_服躯_服_牛仔,64_拼接.webp,692,500,334,500,83,0,,500,500
64AS06MARKIV_服_啦啦队_表情_イキ顔,64_拼接.webp,1545,662,85,95,235,42,,500,500
64AS06MARKIV_服_啦啦队_表情_性交,64_拼接.webp,1383,288,88,96,232,41,,500,500
64AS06MARKIV_服_啦啦队_表情_愛撫,64_拼接.webp,1383,288,88,96,232,41,,500,500
64AS06MARKIV_服_啦啦队_表情_自慰,64_拼接.webp,1383,288,88,96,232,41,,500,500
64AS06MARKIV_服_啦啦队_表情_憤怒,64_拼接.webp,1383,192,90,96,230,40,,500,500
64AS06MARKIV_服_啦啦队_表情_発情,64_拼接.webp,1473,0,91,95,229,40,,500,500
64AS06MARKIV_服_啦啦队_表情_トロ顔,64_拼接.webp,1473,0,91,95,229,40,,500,500
64AS06MARKIV_服_啦啦队_表情_笑顔,64_拼接.webp,1457,479,88,95,232,41,,500,500
64AS06MARKIV_服_啦啦队_表情_通常,64_拼接.webp,0,0,1,1,0,0,,500,500
64AS06MARKIV_服躯_服_啦啦队,64_拼接.webp,380,0,335,500,44,0,,500,500
64AS06MARKIV_服_婚纱_表情_イキ顔,64_拼接.webp,1455,1316,79,76,208,82,,500,500
64AS06MARKIV_服_婚纱_表情_性交,64_拼接.webp,1622,1042,78,74,208,82,,500,500
64AS06MARKIV_服_婚纱_表情_愛撫,64_拼接.webp,1622,1042,78,74,208,82,,500,500
64AS06MARKIV_服_婚纱_表情_自慰,64_拼接.webp,1622,1042,78,74,208,82,,500,500
64AS06MARKIV_服_婚纱_表情_憤怒,64_拼接.webp,1530,1392,79,76,208,82,,500,500
64AS06MARKIV_服_婚纱_表情_発情,64_拼接.webp,1540,1046,82,77,206,81,,500,500
64AS06MARKIV_服_婚纱_表情_トロ顔,64_拼接.webp,1540,1046,82,77,206,81,,500,500
64AS06MARKIV_服_婚纱_表情_笑顔,64_拼接.webp,1631,965,77,73,209,83,,500,500
64AS06MARKIV_服_婚纱_表情_通常,64_拼接.webp,0,0,1,1,0,0,,500,500
64AS06MARKIV_服躯_服_婚纱,64_拼接.webp,715,0,334,500,83,0,,500,500
64AS06MARKIV_服_花魁_表情_イキ顔,64_拼接.webp,1656,0,88,82,217,71,,500,500
64AS06MARKIV_服_花魁_表情_性交,64_拼接.webp,1507,1850,89,80,216,71,,500,500
64AS06MARKIV_服_花魁_表情_愛撫,64_拼接.webp,1507,1850,89,80,216,71,,500,500
64AS06MARKIV_服_花魁_表情_自慰,64_拼接.webp,1507,1850,89,80,216,71,,500,500
64AS06MARKIV_服_花魁_表情_憤怒,64_拼接.webp,1439,1588,88,82,217,71,,500,500
64AS06MARKIV_服_花魁_表情_発情,64_拼接.webp,1440,1670,88,81,217,71,,500,500
64AS06MARKIV_服_花魁_表情_トロ顔,64_拼接.webp,1440,1670,88,81,217,71,,500,500
64AS06MARKIV_服_花魁_表情_笑顔,64_拼接.webp,1603,1925,87,81,218,71,,500,500
64AS06MARKIV_服_花魁_表情_通常,64_拼接.webp,0,0,1,1,0,0,,500,500
64AS06MARKIV_服躯_服_花魁,64_拼接.webp,0,500,357,500,57,0,,500,500
64AS06MARKIV_服_和服_表情_イキ顔,64_拼接.webp,1534,1311,79,76,213,89,,500,500
64AS06MARKIV_服_和服_表情_性交,64_拼接.webp,1450,1392,80,76,213,89,,500,500
64AS06MARKIV_服_和服_表情_愛撫,64_拼接.webp,1450,1392,80,76,213,89,,500,500
64AS06MARKIV_服_和服_表情_自慰,64_拼接.webp,1450,1392,80,76,213,89,,500,500
64AS06MARKIV_服_和服_表情_憤怒,64_拼接.webp,1551,965,80,77,213,88,,500,500
64AS06MARKIV_服_和服_表情_発情,64_拼接.webp,1440,1469,81,76,213,89,,500,500
64AS06MARKIV_服_和服_表情_トロ顔,64_拼接.webp,1440,1469,81,76,213,89,,500,500
64AS06MARKIV_服_和服_表情_笑顔,64_拼接.webp,1370,1392,80,77,214,89,,500,500
64AS06MARKIV_服_和服_表情_通常,64_拼接.webp,0,0,1,1,0,0,,500,500
64AS06MARKIV_服躯_服_和服,64_拼接.webp,1036,1000,334,498,83,2,,500,500
64AS06MARKIV_服_下着_表情_イキ顔,64_拼接.webp,1357,1498,83,90,210,59,,500,500
64AS06MARKIV_服_下着_表情_性交,64_拼接.webp,1357,1588,82,91,210,59,,500,500
64AS06MARKIV_服_下着_表情_愛撫,64_拼接.webp,1357,1588,82,91,210,59,,500,500
64AS06MARKIV_服_下着_表情_自慰,64_拼接.webp,1357,1588,82,91,210,59,,500,500
64AS06MARKIV_服_下着_表情_憤怒,64_拼接.webp,1564,276,83,91,210,57,,500,500
64AS06MARKIV_服_下着_表情_発情,64_拼接.webp,1357,1679,83,89,209,59,,500,500
64AS06MARKIV_服_下着_表情_トロ顔,64_拼接.webp,1357,1679,83,89,209,59,,500,500
64AS06MARKIV_服_下着_表情_笑顔,64_拼接.webp,1370,1237,82,79,210,58,,500,500
64AS06MARKIV_服_下着_表情_睡眠,64_拼接.webp,1471,373,82,93,210,57,,500,500
64AS06MARKIV_服_下着_表情_通常,64_拼接.webp,0,0,1,1,0,0,,500,500
64AS06MARKIV_服躯_服_下着,64_拼接.webp,356,1500,334,500,83,0,,500,500
64AS06MARKIV_服_布鲁马_表情_イキ顔,64_拼接.webp,1480,95,91,84,190,75,,500,500
64AS06MARKIV_服_布鲁马_表情_性交,64_拼接.webp,1564,0,92,83,190,75,,500,500
64AS06MARKIV_服_布鲁马_表情_愛撫,64_拼接.webp,1564,0,92,83,190,75,,500,500
64AS06MARKIV_服_布鲁马_表情_自慰,64_拼接.webp,1564,0,92,83,190,75,,500,500
64AS06MARKIV_服_布鲁马_表情_憤怒,64_拼接.webp,1545,466,93,82,189,75,,500,500
64AS06MARKIV_服_布鲁马_表情_発情,64_拼接.webp,1357,1960,92,78,190,75,,500,500
64AS06MARKIV_服_布鲁马_表情_トロ顔,64_拼接.webp,1357,1960,92,78,190,75,,500,500
64AS06MARKIV_服_布鲁马_表情_笑顔,64_拼接.webp,1566,179,91,83,190,75,,500,500
64AS06MARKIV_服_布鲁马_表情_通常,64_拼接.webp,0,0,1,1,0,0,,500,500
64AS06MARKIV_服躯_服_布鲁马,64_拼接.webp,690,1500,334,500,83,0,,500,500
64AS06MARKIV_服_比基尼_表情_イキ顔,64_拼接.webp,1360,896,96,97,193,30,,500,500
64AS06MARKIV_服_比基尼_表情_性交,64_拼接.webp,1383,101,97,91,193,30,,500,500
64AS06MARKIV_服_比基尼_表情_愛撫,64_拼接.webp,1383,101,97,91,193,30,,500,500
64AS06MARKIV_服_比基尼_表情_自慰,64_拼接.webp,1383,101,97,91,193,30,,500,500
64AS06MARKIV_服_比基尼_表情_憤怒,64_拼接.webp,1360,500,97,99,193,30,,500,500
64AS06MARKIV_服_比基尼_表情_発情,64_拼接.webp,1360,599,98,96,192,31,,500,500
64AS06MARKIV_服_比基尼_表情_トロ顔,64_拼接.webp,1360,599,98,96,192,31,,500,500
64AS06MARKIV_服_比基尼_表情_笑顔,64_拼接.webp,1453,795,96,96,194,31,,500,500
64AS06MARKIV_服_比基尼_表情_通常,64_拼接.webp,0,0,1,1,0,0,,500,500
64AS06MARKIV_服躯_服_比基尼,64_拼接.webp,702,1000,334,500,83,0,,500,500
64AS06MARKIV_服_连帽衫_表情_イキ顔,64_拼接.webp,1550,548,88,85,196,62,,500,500
64AS06MARKIV_服_连帽衫_表情_性交,64_拼接.webp,1432,1768,87,82,197,61,,500,500
64AS06MARKIV_服_连帽衫_表情_愛撫,64_拼接.webp,1432,1768,87,82,197,61,,500,500
64AS06MARKIV_服_连帽衫_表情_自慰,64_拼接.webp,1432,1768,87,82,197,61,,500,500
64AS06MARKIV_服_连帽衫_表情_憤怒,64_拼接.webp,1458,574,92,88,197,59,,500,500
64AS06MARKIV_服_连帽衫_表情_発情,64_拼接.webp,1456,891,87,80,196,63,,500,500
64AS06MARKIV_服_连帽衫_表情_トロ顔,64_拼接.webp,1456,891,87,80,196,63,,500,500
64AS06MARKIV_服_连帽衫_表情_笑顔,64_拼接.webp,1519,1751,89,80,196,63,,500,500
64AS06MARKIV_服_连帽衫_表情_通常,64_拼接.webp,0,0,1,1,0,0,,500,500
64AS06MARKIV_服躯_服_连帽衫,64_拼接.webp,0,0,380,500,60,0,,500,500
64AS06MARKIV_服_马尾_表情_イキ顔,64_拼接.webp,1553,373,93,82,193,65,,500,500
64AS06MARKIV_服_马尾_表情_性交,64_拼接.webp,1571,83,91,83,194,65,,500,500
64AS06MARKIV_服_马尾_表情_愛撫,64_拼接.webp,1571,83,91,83,194,65,,500,500
64AS06MARKIV_服_马尾_表情_自慰,64_拼接.webp,1571,83,91,83,194,65,,500,500
64AS06MARKIV_服_马尾_表情_憤怒,64_拼接.webp,1473,192,93,84,193,66,,500,500
64AS06MARKIV_服_马尾_表情_発情,64_拼接.webp,1662,82,91,72,195,66,,500,500
64AS06MARKIV_服_马尾_表情_トロ顔,64_拼接.webp,1662,82,91,72,195,66,,500,500
64AS06MARKIV_服_马尾_表情_笑顔,64_拼接.webp,1471,288,93,85,193,66,,500,500
64AS06MARKIV_服_马尾_表情_通常,64_拼接.webp,0,0,1,1,0,0,,500,500
64AS06MARKIV_服躯_服_马尾,64_拼接.webp,1026,500,334,500,83,0,,500,500
64AS06MARKIV_服_表情_イキ顔,64_拼接.webp,1370,1316,85,76,184,63,,500,500
64AS06MARKIV_服_表情_性交,64_拼接.webp,1638,533,86,77,184,62,,500,500
64AS06MARKIV_服_表情_愛撫,64_拼接.webp,1638,533,86,77,184,62,,500,500
64AS06MARKIV_服_表情_自慰,64_拼接.webp,1638,533,86,77,184,62,,500,500
64AS06MARKIV_服_表情_憤怒,64_拼接.webp,1638,455,86,78,183,61,,500,500
64AS06MARKIV_服_表情_発情,64_拼接.webp,1647,262,87,76,183,62,,500,500
64AS06MARKIV_服_表情_トロ顔,64_拼接.webp,1647,262,87,76,183,62,,500,500
64AS06MARKIV_服_表情_笑顔,64_拼接.webp,1370,993,89,79,181,60,,500,500
64AS06MARKIV_服_表情_通常,64_拼接.webp,0,0,1,1,0,0,,500,500
64AS06MARKIV_服躯_服,64_拼接.webp,356,1000,346,500,77,0,,500,500
64AS06MARKIV_裸_表情_イキ顔,64_拼接.webp,1542,1123,71,85,214,34,,500,500
64AS06MARKIV_裸_表情_性交,64_拼接.webp,1521,1468,71,85,214,34,,500,500
64AS06MARKIV_裸_表情_愛撫,64_拼接.webp,1521,1468,71,85,214,34,,500,500
64AS06MARKIV_裸_表情_自慰,64_拼接.webp,1521,1468,71,85,214,34,,500,500
64AS06MARKIV_裸_表情_憤怒,64_拼接.webp,1532,1225,71,86,214,33,,500,500
64AS06MARKIV_裸_表情_発情,64_拼接.webp,1634,844,71,84,214,34,,500,500
64AS06MARKIV_裸_表情_トロ顔,64_拼接.webp,1634,844,71,84,214,34,,500,500
64AS06MARKIV_裸_表情_睡眠,64_拼接.webp,1603,1208,70,86,214,33,,500,500
64AS06MARKIV_裸_表情_笑顔,64_拼接.webp,1705,844,69,86,215,33,,500,500
64AS06MARKIV_裸_表情_通常,64_拼接.webp,0,0,1,1,0,0,,500,500
64AS06MARKIV_服躯_裸,64_拼接.webp,1049,0,334,500,83,0,,500,500
64AS06MARKIV_裸躯_躯干,64_拼接.webp,0,0,1,1,0,0,,500,500

別立ち2_服_通常_64,64_拼接.webp,356,1000,346,500,77,0,,500,500
別顔2_服_通常_64,64_拼接.webp,379,1000,300,300,0,0,,300,300
別立ち2_阴毛,64_拼接.webp,1706,720,59,58,177,424,,500,500
64AS06MARKIV_覆盖范围,64_拼接.webp,0,0,333,333,-83,0

;------------------------------------------------------------
;蕾蒂
;------------------------------------------------------------
74AS06MARKIV_服_晚礼服_表情_イキ顔,74_拼接.webp,512,0,85,89,199,54,,500,500
74AS06MARKIV_服_晚礼服_表情_微笑,74_拼接.webp,260,0,84,87,199,54,,500,500
74AS06MARKIV_服_晚礼服_表情_性交,74_拼接.webp,428,0,84,88,199,54,,500,500
74AS06MARKIV_服_晚礼服_表情_愛撫,74_拼接.webp,428,0,84,88,199,54,,500,500
74AS06MARKIV_服_晚礼服_表情_自慰,74_拼接.webp,428,0,84,88,199,54,,500,500
74AS06MARKIV_服_晚礼服_表情_憤怒,74_拼接.webp,175,0,85,85,199,54,,500,500
74AS06MARKIV_服_晚礼服_表情_発情,74_拼接.webp,597,0,85,89,199,53,,500,500
74AS06MARKIV_服_晚礼服_表情_トロ顔,74_拼接.webp,597,0,85,89,199,53,,500,500
74AS06MARKIV_服_晚礼服_表情_笑顔,74_拼接.webp,344,0,84,87,200,54,,500,500
74AS06MARKIV_服_晚礼服_表情_通常,74_拼接.webp,0,0,1,1,0,0,,500,500
74AS06MARKIV_服躯_服_晚礼服,74_拼接.webp,721,198,334,500,83,0,,500,500
74AS06MARKIV_服_兔女郎_表情_イキ顔,74_拼接.webp,1194,92,98,111,202,46,,500,500
74AS06MARKIV_服_兔女郎_表情_微笑,74_拼接.webp,1292,92,98,111,201,46,,500,500
74AS06MARKIV_服_兔女郎_表情_性交,74_拼接.webp,896,89,98,108,201,47,,500,500
74AS06MARKIV_服_兔女郎_表情_愛撫,74_拼接.webp,896,89,98,108,201,47,,500,500
74AS06MARKIV_服_兔女郎_表情_自慰,74_拼接.webp,896,89,98,108,201,47,,500,500
74AS06MARKIV_服_兔女郎_表情_憤怒,74_拼接.webp,1096,90,98,110,201,47,,500,500
74AS06MARKIV_服_兔女郎_表情_発情,74_拼接.webp,800,89,96,107,202,47,,500,500
74AS06MARKIV_服_兔女郎_表情_トロ顔,74_拼接.webp,800,89,96,107,202,47,,500,500
74AS06MARKIV_服_兔女郎_表情_笑顔,74_拼接.webp,994,89,102,109,197,46,,500,500
74AS06MARKIV_服_兔女郎_表情_通常,74_拼接.webp,0,0,1,1,0,0,,500,500
74AS06MARKIV_服躯_服_兔女郎,74_拼接.webp,236,189,253,500,94,0,,500,500
74AS06MARKIV_服_护士服_表情_イキ顔,74_拼接.webp,531,89,90,102,205,51,,500,500
74AS06MARKIV_服_护士服_表情_微笑,74_拼接.webp,1734,0,89,96,205,51,,500,500
74AS06MARKIV_服_护士服_表情_性交,74_拼接.webp,621,89,90,102,205,51,,500,500
74AS06MARKIV_服_护士服_表情_愛撫,74_拼接.webp,621,89,90,102,205,51,,500,500
74AS06MARKIV_服_护士服_表情_自慰,74_拼接.webp,621,89,90,102,205,51,,500,500
74AS06MARKIV_服_护士服_表情_憤怒,74_拼接.webp,1823,0,89,97,206,52,,500,500
74AS06MARKIV_服_护士服_表情_発情,74_拼接.webp,682,0,89,89,206,52,,500,500
74AS06MARKIV_服_护士服_表情_トロ顔,74_拼接.webp,682,0,89,89,206,52,,500,500
74AS06MARKIV_服_护士服_表情_笑顔,74_拼接.webp,352,88,90,100,206,52,,500,500
74AS06MARKIV_服_护士服_表情_通常,74_拼接.webp,0,0,1,1,0,0,,500,500
74AS06MARKIV_服躯_服_护士服,74_拼接.webp,1390,93,313,493,93,7,,500,500
74AS06MARKIV_服_下着_表情_イキ顔,74_拼接.webp,771,0,86,89,218,66,,500,500
74AS06MARKIV_服_下着_表情_微笑,74_拼接.webp,857,0,85,89,219,67,,500,500
74AS06MARKIV_服_下着_表情_性交,74_拼接.webp,90,0,85,84,219,67,,500,500
74AS06MARKIV_服_下着_表情_愛撫,74_拼接.webp,90,0,85,84,219,67,,500,500
74AS06MARKIV_服_下着_表情_自慰,74_拼接.webp,90,0,85,84,219,67,,500,500
74AS06MARKIV_服_下着_表情_憤怒,74_拼接.webp,942,0,86,89,218,67,,500,500
74AS06MARKIV_服_下着_表情_発情,74_拼接.webp,1557,0,86,93,217,66,,500,500
74AS06MARKIV_服_下着_表情_トロ顔,74_拼接.webp,1557,0,86,93,217,66,,500,500
74AS06MARKIV_服_下着_表情_睡眠,74_拼接.webp,1028,0,83,89,220,67,,500,500
74AS06MARKIV_服_下着_表情_笑顔,74_拼接.webp,1202,0,86,91,218,66,,500,500
74AS06MARKIV_服_下着_表情_通常,74_拼接.webp,0,0,1,1,0,0,,500,500
74AS06MARKIV_服躯_服_下着,74_拼接.webp,489,191,232,500,121,0,,500,500
74AS06MARKIV_服_表情_イキ顔,74_拼接.webp,1288,0,90,92,205,83,,500,500
74AS06MARKIV_服_表情_微笑,74_拼接.webp,1643,0,91,93,205,82,,500,500
74AS06MARKIV_服_表情_性交,74_拼接.webp,1378,0,89,92,206,83,,500,500
74AS06MARKIV_服_表情_愛撫,74_拼接.webp,1378,0,89,92,206,83,,500,500
74AS06MARKIV_服_表情_自慰,74_拼接.webp,1378,0,89,92,206,83,,500,500
74AS06MARKIV_服_表情_憤怒,74_拼接.webp,0,0,90,83,205,82,,500,500
74AS06MARKIV_服_表情_発情,74_拼接.webp,1111,0,91,90,205,83,,500,500
74AS06MARKIV_服_表情_トロ顔,74_拼接.webp,1111,0,91,90,205,83,,500,500
74AS06MARKIV_服_表情_笑顔,74_拼接.webp,1467,0,90,92,205,83,,500,500
74AS06MARKIV_服_表情_通常,74_拼接.webp,0,0,1,1,0,0,,500,500
74AS06MARKIV_服躯_服,74_拼接.webp,1703,98,334,495,83,5,,500,500
74AS06MARKIV_裸_表情_イキ顔,74_拼接.webp,87,84,87,100,208,57,,500,500
74AS06MARKIV_裸_表情_微笑,74_拼接.webp,711,89,89,102,206,56,,500,500
74AS06MARKIV_裸_表情_性交,74_拼接.webp,174,87,89,99,206,58,,500,500
74AS06MARKIV_裸_表情_愛撫,74_拼接.webp,174,87,89,99,206,58,,500,500
74AS06MARKIV_裸_表情_自慰,74_拼接.webp,174,87,89,99,206,58,,500,500
74AS06MARKIV_裸_表情_憤怒,74_拼接.webp,263,87,89,99,206,57,,500,500
74AS06MARKIV_裸_表情_発情,74_拼接.webp,1912,0,87,98,207,58,,500,500
74AS06MARKIV_裸_表情_トロ顔,74_拼接.webp,1912,0,87,98,207,58,,500,500
74AS06MARKIV_裸_表情_睡眠,74_拼接.webp,0,83,87,98,208,58,,500,500
74AS06MARKIV_裸_表情_笑顔,74_拼接.webp,442,89,89,100,206,57,,500,500
74AS06MARKIV_裸_表情_通常,74_拼接.webp,0,0,1,1,0,0,,500,500
74AS06MARKIV_服躯_裸,74_拼接.webp,0,186,236,499,115,1,,500,500
74AS06MARKIV_裸躯_躯干,74_拼接.webp,0,0,1,1,0,0,,500,500

別立ち_服_通常_74,74_拼接.webp,1703,98,334,495,83,5,,500,500
別顔_服_通常_74,74_拼接.webp,1720,98,300,295,0,5,,300,300
74AS06MARKIV_覆盖范围,74_拼接.webp,0,0,333,333,-83,0

;------------------------------------------------------------
;魅魔
;------------------------------------------------------------
4AS06MARKIV_服_兔女郎_表情_イキ顔,4_拼接.webp,496,685,84,87,206,74,,500,500
4AS06MARKIV_服_兔女郎_表情_微笑,4_拼接.webp,411,685,85,87,205,74,,500,500
4AS06MARKIV_服_兔女郎_表情_性交,4_拼接.webp,580,682,86,86,205,74,,500,500
4AS06MARKIV_服_兔女郎_表情_愛撫,4_拼接.webp,580,682,86,86,205,74,,500,500
4AS06MARKIV_服_兔女郎_表情_自慰,4_拼接.webp,580,682,86,86,205,74,,500,500
4AS06MARKIV_服_兔女郎_表情_憤怒,4_拼接.webp,583,594,86,87,205,74,,500,500
4AS06MARKIV_服_兔女郎_表情_発情,4_拼接.webp,325,687,85,87,205,74,,500,500
4AS06MARKIV_服_兔女郎_表情_トロ顔,4_拼接.webp,325,687,85,87,205,74,,500,500
4AS06MARKIV_服_兔女郎_表情_笑顔,4_拼接.webp,674,588,85,88,205,74,,500,500
4AS06MARKIV_服_兔女郎_表情_通常,4_拼接.webp,0,0,1,1,0,0,,500,500
4AS06MARKIV_服躯_服_兔女郎,4_拼接.webp,0,0,334,500,83,0,,500,500
4AS06MARKIV_服_下着_表情_イキ顔,4_拼接.webp,666,760,86,85,210,65,,500,500
4AS06MARKIV_服_下着_表情_微笑,4_拼接.webp,756,676,86,86,210,66,,500,500
4AS06MARKIV_服_下着_表情_性交,4_拼接.webp,496,772,86,83,210,66,,500,500
4AS06MARKIV_服_下着_表情_愛撫,4_拼接.webp,496,772,86,83,210,66,,500,500
4AS06MARKIV_服_下着_表情_自慰,4_拼接.webp,496,772,86,83,210,66,,500,500
4AS06MARKIV_服_下着_表情_憤怒,4_拼接.webp,850,500,85,72,211,66,,500,500
4AS06MARKIV_服_下着_表情_発情,4_拼接.webp,842,659,87,76,209,66,,500,500
4AS06MARKIV_服_下着_表情_トロ顔,4_拼接.webp,842,659,87,76,209,66,,500,500
4AS06MARKIV_服_下着_表情_睡眠,4_拼接.webp,410,772,86,85,210,66,,500,500
4AS06MARKIV_服_下着_表情_笑顔,4_拼接.webp,839,762,87,78,209,65,,500,500
4AS06MARKIV_服_下着_表情_通常,4_拼接.webp,0,0,1,1,0,0,,500,500
4AS06MARKIV_服躯_服_下着,4_拼接.webp,0,500,325,500,86,0,,500,500
4AS06MARKIV_服_表情_イキ顔,4_拼接.webp,325,591,86,96,217,49,,500,500
4AS06MARKIV_服_表情_微笑,4_拼接.webp,325,774,83,83,219,50,,500,500
4AS06MARKIV_服_表情_性交,4_拼接.webp,589,500,85,94,218,50,,500,500
4AS06MARKIV_服_表情_愛撫,4_拼接.webp,589,500,85,94,218,50,,500,500
4AS06MARKIV_服_表情_自慰,4_拼接.webp,589,500,85,94,218,50,,500,500
4AS06MARKIV_服_表情_憤怒,4_拼接.webp,502,500,87,94,217,49,,500,500
4AS06MARKIV_服_表情_発情,4_拼接.webp,498,594,85,88,219,49,,500,500
4AS06MARKIV_服_表情_トロ顔,4_拼接.webp,498,594,85,88,219,49,,500,500
4AS06MARKIV_服_表情_笑顔,4_拼接.webp,411,591,87,94,217,49,,500,500
4AS06MARKIV_服_表情_通常,4_拼接.webp,0,0,1,1,0,0,,500,500
4AS06MARKIV_服躯_服,4_拼接.webp,334,0,334,500,83,0,,500,500
4AS06MARKIV_裸_表情_イキ顔,4_拼接.webp,762,577,87,82,197,70,,500,500
4AS06MARKIV_裸_表情_微笑,4_拼接.webp,762,500,88,77,197,71,,500,500
4AS06MARKIV_裸_表情_性交,4_拼接.webp,325,500,89,91,196,71,,500,500
4AS06MARKIV_裸_表情_愛撫,4_拼接.webp,325,500,89,91,196,71,,500,500
4AS06MARKIV_裸_表情_自慰,4_拼接.webp,325,500,89,91,196,71,,500,500
4AS06MARKIV_裸_表情_憤怒,4_拼接.webp,414,500,88,91,197,70,,500,500
4AS06MARKIV_裸_表情_発情,4_拼接.webp,669,676,87,84,197,71,,500,500
4AS06MARKIV_裸_表情_トロ顔,4_拼接.webp,669,676,87,84,197,71,,500,500
4AS06MARKIV_裸_表情_睡眠,4_拼接.webp,674,500,88,88,196,71,,500,500
4AS06MARKIV_裸_表情_笑顔,4_拼接.webp,752,762,87,82,198,71,,500,500
4AS06MARKIV_裸_表情_通常,4_拼接.webp,0,0,1,1,0,0,,500,500
4AS06MARKIV_服躯_裸,4_拼接.webp,668,0,329,500,89,0,,500,500
4AS06MARKIV_裸躯_躯干,4_拼接.webp,0,0,1,1,0,0,,500,500

別立ち2_服_通常_4,4_拼接.webp,334,0,334,500,83,0,,500,500
別顔2_服_通常_4,4_拼接.webp,351,0,300,300,0,0,,300,300
4AS06MARKIV_覆盖范围,4_拼接.webp,0,0,333,333,-83,0

;------------------------------------------------------------
;铃仙二号
;------------------------------------------------------------
100AS06MARKIV_服_战斗服_表情_イキ顔,100_拼接.webp,939,97,89,88,214,88,,500,500
100AS06MARKIV_服_战斗服_表情_微笑,100_拼接.webp,1005,383,89,83,214,88,,500,500
100AS06MARKIV_服_战斗服_表情_性交,100_拼接.webp,938,196,90,88,214,87,,500,500
100AS06MARKIV_服_战斗服_表情_愛撫,100_拼接.webp,938,196,90,88,214,87,,500,500
100AS06MARKIV_服_战斗服_表情_自慰,100_拼接.webp,938,196,90,88,214,87,,500,500
100AS06MARKIV_服_战斗服_表情_憤怒,100_拼接.webp,1004,484,89,85,214,88,,500,500
100AS06MARKIV_服_战斗服_表情_発情,100_拼接.webp,937,294,90,89,213,87,,500,500
100AS06MARKIV_服_战斗服_表情_トロ顔,100_拼接.webp,937,294,90,89,213,87,,500,500
100AS06MARKIV_服_战斗服_表情_笑顔,100_拼接.webp,940,0,89,87,214,88,,500,500
100AS06MARKIV_服_战斗服_表情_通常,100_拼接.webp,0,0,1,1,0,0,,500,500
100AS06MARKIV_服躯_服_战斗服,100_拼接.webp,0,500,317,500,83,0,,500,500
100AS06MARKIV_服_兔女郎_表情_イキ顔,100_拼接.webp,1082,882,88,95,206,73,,500,500
100AS06MARKIV_服_兔女郎_表情_微笑,100_拼接.webp,908,894,87,102,206,73,,500,500
100AS06MARKIV_服_兔女郎_表情_性交,100_拼接.webp,909,794,88,98,206,73,,500,500
100AS06MARKIV_服_兔女郎_表情_愛撫,100_拼接.webp,909,794,88,98,206,73,,500,500
100AS06MARKIV_服_兔女郎_表情_自慰,100_拼接.webp,909,794,88,98,206,73,,500,500
100AS06MARKIV_服_兔女郎_表情_憤怒,100_拼接.webp,995,892,87,99,206,73,,500,500
100AS06MARKIV_服_兔女郎_表情_発情,100_拼接.webp,820,794,89,100,205,73,,500,500
100AS06MARKIV_服_兔女郎_表情_トロ顔,100_拼接.webp,820,794,89,100,205,73,,500,500
100AS06MARKIV_服_兔女郎_表情_笑顔,100_拼接.webp,820,894,88,101,206,72,,500,500
100AS06MARKIV_服_兔女郎_表情_通常,100_拼接.webp,0,0,1,1,0,0,,500,500
100AS06MARKIV_服躯_服_兔女郎,100_拼接.webp,317,500,280,500,88,0,,500,500
100AS06MARKIV_服_下着_表情_イキ顔,100_拼接.webp,913,696,90,93,197,84,,500,500
100AS06MARKIV_服_下着_表情_微笑,100_拼接.webp,916,499,88,94,198,83,,500,500
100AS06MARKIV_服_下着_表情_性交,100_拼接.webp,916,593,89,92,197,84,,500,500
100AS06MARKIV_服_下着_表情_愛撫,100_拼接.webp,916,593,89,92,197,84,,500,500
100AS06MARKIV_服_下着_表情_自慰,100_拼接.webp,916,593,89,92,197,84,,500,500
100AS06MARKIV_服_下着_表情_憤怒,100_拼接.webp,1003,685,88,93,198,84,,500,500
100AS06MARKIV_服_下着_表情_発情,100_拼接.webp,1087,778,88,93,198,84,,500,500
100AS06MARKIV_服_下着_表情_トロ顔,100_拼接.webp,1087,778,88,93,198,84,,500,500
100AS06MARKIV_服_下着_表情_睡眠,100_拼接.webp,917,391,88,93,198,84,,500,500
100AS06MARKIV_服_下着_表情_笑顔,100_拼接.webp,997,789,90,93,197,84,,500,500
100AS06MARKIV_服_下着_表情_通常,100_拼接.webp,0,0,1,1,0,0,,500,500
100AS06MARKIV_服躯_服_下着,100_拼接.webp,376,0,267,482,123,18,,500,500
100AS06MARKIV_服_表情_イキ顔,100_拼接.webp,839,294,98,97,203,77,,500,500
100AS06MARKIV_服_表情_微笑,100_拼接.webp,739,0,102,99,200,76,,500,500
100AS06MARKIV_服_表情_性交,100_拼接.webp,643,209,102,96,200,76,,500,500
100AS06MARKIV_服_表情_愛撫,100_拼接.webp,643,209,102,96,200,76,,500,500
100AS06MARKIV_服_表情_自慰,100_拼接.webp,643,209,102,96,200,76,,500,500
100AS06MARKIV_服_表情_憤怒,100_拼接.webp,739,305,100,96,201,78,,500,500
100AS06MARKIV_服_表情_発情,100_拼接.webp,841,0,99,97,203,77,,500,500
100AS06MARKIV_服_表情_トロ顔,100_拼接.webp,841,0,99,97,203,77,,500,500
100AS06MARKIV_服_表情_笑顔,100_拼接.webp,743,99,100,97,201,77,,500,500
100AS06MARKIV_服_表情_通常,100_拼接.webp,0,0,1,1,0,0,,500,500
100AS06MARKIV_服躯_服,100_拼接.webp,0,0,376,500,63,0,,500,500
100AS06MARKIV_裸_表情_イキ顔,100_拼接.webp,643,305,96,100,203,68,,500,500
100AS06MARKIV_裸_表情_微笑,100_拼接.webp,745,196,97,98,202,68,,500,500
100AS06MARKIV_裸_表情_性交,100_拼接.webp,820,499,96,99,203,67,,500,500
100AS06MARKIV_裸_表情_愛撫,100_拼接.webp,820,499,96,99,203,67,,500,500
100AS06MARKIV_裸_表情_自慰,100_拼接.webp,820,499,96,99,203,67,,500,500
100AS06MARKIV_裸_表情_憤怒,100_拼接.webp,842,196,96,98,203,68,,500,500
100AS06MARKIV_裸_表情_発情,100_拼接.webp,820,401,97,98,202,68,,500,500
100AS06MARKIV_裸_表情_トロ顔,100_拼接.webp,820,401,97,98,202,68,,500,500
100AS06MARKIV_裸_表情_睡眠,100_拼接.webp,820,696,93,98,202,67,,500,500
100AS06MARKIV_裸_表情_笑顔,100_拼接.webp,820,598,96,98,203,68,,500,500
100AS06MARKIV_裸_表情_通常,100_拼接.webp,0,0,1,1,0,0,,500,500
100AS06MARKIV_服躯_裸,100_拼接.webp,597,482,223,491,130,9,,500,500
100AS06MARKIV_裸躯_躯干,100_拼接.webp,0,0,1,1,0,0,,500,500

別立ち_服_通常_100,100_拼接.webp,0,0,376,500,63,0,,500,500
別顔_服_通常_100,100_拼接.webp,37,0,300,300,0,0,,300,300
100AS06MARKIV_覆盖范围,100_拼接.webp,0,0,333,333,-83,0

別立ち_勃起_100,100_拼接.webp,843,97,96,99,183,374,,500,500
別立ち_射精_100,100_拼接.webp,643,107,100,102,186,374,,500,500
別立ち_未勃_100,100_拼接.webp,643,0,96,107,190,385,,500,500

;------------------------------------------------------------
;幽香
;------------------------------------------------------------
;在生成索引后手动交换了第一轮的性交与爱抚表情
68AS06MARKIV_服_下着_表情_イキ顔,68_拼接.webp,917,500,85,84,204,57,,500,500
68AS06MARKIV_服_下着_表情_性交,68_拼接.webp,809,1164,81,83,206,57,,500,500
68AS06MARKIV_服_下着_表情_愛撫,68_拼接.webp,894,993,81,83,206,57,,500,500
68AS06MARKIV_服_下着_表情_自慰,68_拼接.webp,894,993,81,83,206,57,,500,500
68AS06MARKIV_服_下着_表情_憤怒,68_拼接.webp,830,585,88,83,202,57,,500,500
68AS06MARKIV_服_下着_表情_発情,68_拼接.webp,831,500,86,84,203,57,,500,500
68AS06MARKIV_服_下着_表情_トロ顔,68_拼接.webp,831,500,86,84,203,57,,500,500
68AS06MARKIV_服_下着_表情_笑顔,68_拼接.webp,924,663,83,82,205,59,,500,500
68AS06MARKIV_服_下着_表情_通常,68_拼接.webp,0,0,1,1,0,0,,500,500
68AS06MARKIV_服躯_服_下着,68_拼接.webp,0,1488,272,500,120,0,,500,500
68AS06MARKIV_服_危险野兽_表情_イキ顔,68_拼接.webp,743,500,88,85,215,65,,500,500
68AS06MARKIV_服_危险野兽_表情_性交,68_拼接.webp,808,1007,86,79,216,66,,500,500
68AS06MARKIV_服_危险野兽_表情_愛撫,68_拼接.webp,743,841,88,81,215,65,,500,500
68AS06MARKIV_服_危险野兽_表情_自慰,68_拼接.webp,743,841,88,81,215,65,,500,500
68AS06MARKIV_服_危险野兽_表情_憤怒,68_拼接.webp,854,1330,84,80,217,66,,500,500
68AS06MARKIV_服_危险野兽_表情_発情,68_拼接.webp,655,500,88,88,215,61,,500,500
68AS06MARKIV_服_危险野兽_表情_トロ顔,68_拼接.webp,655,500,88,88,215,61,,500,500
68AS06MARKIV_服_危险野兽_表情_笑顔,68_拼接.webp,890,914,86,79,216,66,,500,500
68AS06MARKIV_服_危险野兽_表情_通常,68_拼接.webp,0,0,1,1,0,0,,500,500
68AS06MARKIV_服躯_服_危险野兽,68_拼接.webp,0,500,332,500,83,0,,500,500
68AS06MARKIV_服_兔女郎_表情_イキ顔,68_拼接.webp,743,755,85,86,203,62,,500,500
68AS06MARKIV_服_兔女郎_表情_性交,68_拼接.webp,890,1164,81,82,205,62,,500,500
68AS06MARKIV_服_兔女郎_表情_愛撫,68_拼接.webp,1061,1224,83,75,205,63,,500,500
68AS06MARKIV_服_兔女郎_表情_自慰,68_拼接.webp,1061,1224,83,75,205,63,,500,500
68AS06MARKIV_服_兔女郎_表情_憤怒,68_拼接.webp,750,670,86,85,202,62,,500,500
68AS06MARKIV_服_兔女郎_表情_発情,68_拼接.webp,808,922,82,85,204,62,,500,500
68AS06MARKIV_服_兔女郎_表情_トロ顔,68_拼接.webp,808,922,82,85,204,62,,500,500
68AS06MARKIV_服_兔女郎_表情_笑顔,68_拼接.webp,809,1247,81,83,206,62,,500,500
68AS06MARKIV_服_兔女郎_表情_通常,68_拼接.webp,0,0,1,1,0,0,,500,500
68AS06MARKIV_服躯_服_兔女郎,68_拼接.webp,643,0,280,500,102,0,,500,500
68AS06MARKIV_服_睡衣_表情_イキ顔,68_拼接.webp,596,1974,91,74,194,56,,500,500
68AS06MARKIV_服_睡衣_表情_性交,68_拼接.webp,1002,492,76,76,208,53,,500,500
68AS06MARKIV_服_睡衣_表情_愛撫,68_拼接.webp,1053,1147,81,77,204,53,,500,500
68AS06MARKIV_服_睡衣_表情_自慰,68_拼接.webp,1053,1147,81,77,204,53,,500,500
68AS06MARKIV_服_睡衣_表情_憤怒,68_拼接.webp,1167,780,78,70,206,57,,500,500
68AS06MARKIV_服_睡衣_表情_発情,68_拼接.webp,1136,850,77,71,207,57,,500,500
68AS06MARKIV_服_睡衣_表情_トロ顔,68_拼接.webp,1136,850,77,71,207,57,,500,500
68AS06MARKIV_服_睡衣_表情_睡眠,68_拼接.webp,1177,1374,77,78,207,51,,500,500
68AS06MARKIV_服_睡衣_表情_笑顔,68_拼接.webp,1084,566,79,72,206,58,,500,500
68AS06MARKIV_服_睡衣_表情_通常,68_拼接.webp,0,0,1,1,0,0,,500,500
68AS06MARKIV_服躯_服_睡衣,68_拼接.webp,923,0,215,492,135,8,,500,500
68AS06MARKIV_服_婚纱_表情_イキ顔,68_拼接.webp,596,1974,91,74,194,56,,500,500
68AS06MARKIV_服_婚纱_表情_性交,68_拼接.webp,1002,492,76,76,208,53,,500,500
68AS06MARKIV_服_婚纱_表情_愛撫,68_拼接.webp,1053,1147,81,77,204,53,,500,500
68AS06MARKIV_服_婚纱_表情_自慰,68_拼接.webp,1053,1147,81,77,204,53,,500,500
68AS06MARKIV_服_婚纱_表情_憤怒,68_拼接.webp,1167,780,78,70,206,57,,500,500
68AS06MARKIV_服_婚纱_表情_発情,68_拼接.webp,1136,850,77,71,207,57,,500,500
68AS06MARKIV_服_婚纱_表情_トロ顔,68_拼接.webp,1136,850,77,71,207,57,,500,500
68AS06MARKIV_服_婚纱_表情_睡眠,68_拼接.webp,1177,1374,77,78,207,51,,500,500
68AS06MARKIV_服_婚纱_表情_笑顔,68_拼接.webp,1084,566,79,72,206,58,,500,500
68AS06MARKIV_服_婚纱_表情_通常,68_拼接.webp,0,0,1,1,0,0,,500,500
68AS06MARKIV_服躯_服_婚纱,68_婚纱.webp,334,0,333,495,83,5,,500,500
68AS06MARKIV_服躯_服_头纱,68_婚纱.webp,0,0,334,495,83,5,,500,500
颜68AS06MARKIV_服躯_服_头纱,68_婚纱.webp,0,0,351,295,0,5,,300,300
68AS06MARKIV_服_水手服_表情_イキ顔,68_拼接.webp,655,755,88,84,209,59,,500,500
68AS06MARKIV_服_水手服_表情_性交,68_拼接.webp,655,839,88,84,208,59,,500,500
68AS06MARKIV_服_水手服_表情_愛撫,68_拼接.webp,655,588,88,87,209,59,,500,500
68AS06MARKIV_服_水手服_表情_自慰,68_拼接.webp,655,588,88,87,209,59,,500,500
68AS06MARKIV_服_水手服_表情_憤怒,68_拼接.webp,718,986,90,82,209,59,,500,500
68AS06MARKIV_服_水手服_表情_発情,68_拼接.webp,836,668,88,80,209,59,,500,500
68AS06MARKIV_服_水手服_表情_トロ顔,68_拼接.webp,836,668,88,80,209,59,,500,500
68AS06MARKIV_服_水手服_表情_笑顔,68_拼接.webp,743,585,87,85,209,58,,500,500
68AS06MARKIV_服_水手服_表情_通常,68_拼接.webp,0,0,1,1,0,0,,500,500
68AS06MARKIV_服躯_服_水手服,68_拼接.webp,1254,1357,220,500,150,0,,500,500
68AS06MARKIV_服_魅魔服_表情_イキ顔,68_拼接.webp,1085,638,78,72,214,73,,500,500
68AS06MARKIV_服_魅魔服_表情_性交,68_拼接.webp,1006,568,78,74,215,74,,500,500
68AS06MARKIV_服_魅魔服_表情_愛撫,68_拼接.webp,1078,492,78,74,215,74,,500,500
68AS06MARKIV_服_魅魔服_表情_自慰,68_拼接.webp,1078,492,78,74,215,74,,500,500
68AS06MARKIV_服_魅魔服_表情_憤怒,68_拼接.webp,1042,1951,80,75,214,73,,500,500
68AS06MARKIV_服_魅魔服_表情_発情,68_拼接.webp,1284,1933,79,74,214,74,,500,500
68AS06MARKIV_服_魅魔服_表情_トロ顔,68_拼接.webp,1284,1933,79,74,214,74,,500,500
68AS06MARKIV_服_魅魔服_表情_笑顔,68_拼接.webp,1019,1309,81,77,214,73,,500,500
68AS06MARKIV_服_魅魔服_表情_通常,68_拼接.webp,0,0,1,1,0,0,,500,500
68AS06MARKIV_服躯_服_魅魔服,68_拼接.webp,0,1000,334,488,83,12,,500,500
68AS06MARKIV_服_连帽衫_表情_イキ顔,68_拼接.webp,1062,1050,79,77,215,65,,500,500
68AS06MARKIV_服_连帽衫_表情_性交,68_拼接.webp,1057,895,79,78,215,65,,500,500
68AS06MARKIV_服_连帽衫_表情_愛撫,68_拼接.webp,1134,1127,79,77,215,66,,500,500
68AS06MARKIV_服_连帽衫_表情_自慰,68_拼接.webp,1134,1127,79,77,215,66,,500,500
68AS06MARKIV_服_连帽衫_表情_憤怒,68_拼接.webp,1181,1281,79,76,215,65,,500,500
68AS06MARKIV_服_连帽衫_表情_発情,68_拼接.webp,1254,1857,78,76,216,65,,500,500
68AS06MARKIV_服_连帽衫_表情_トロ顔,68_拼接.webp,1254,1857,78,76,216,65,,500,500
68AS06MARKIV_服_连帽衫_表情_笑顔,68_拼接.webp,1144,1204,78,77,216,65,,500,500
68AS06MARKIV_服_连帽衫_表情_通常,68_拼接.webp,0,0,1,1,0,0,,500,500
68AS06MARKIV_服躯_服_连帽衫,68_拼接.webp,332,500,323,488,94,12,,500,500
68AS06MARKIV_服_皇家糖霜_表情_イキ顔,68_拼接.webp,896,1076,81,80,220,62,,500,500
68AS06MARKIV_服_皇家糖霜_表情_性交,68_拼接.webp,938,1322,81,78,220,62,,500,500
68AS06MARKIV_服_皇家糖霜_表情_愛撫,68_拼接.webp,975,993,82,79,220,62,,500,500
68AS06MARKIV_服_皇家糖霜_表情_自慰,68_拼接.webp,975,993,82,79,220,62,,500,500
68AS06MARKIV_服_皇家糖霜_表情_憤怒,68_拼接.webp,971,1156,82,78,219,62,,500,500
68AS06MARKIV_服_皇家糖霜_表情_発情,68_拼接.webp,1057,973,80,77,221,63,,500,500
68AS06MARKIV_服_皇家糖霜_表情_トロ顔,68_拼接.webp,1057,973,80,77,221,63,,500,500
68AS06MARKIV_服_皇家糖霜_表情_笑顔,68_拼接.webp,976,904,81,79,220,62,,500,500
68AS06MARKIV_服_皇家糖霜_表情_通常,68_拼接.webp,0,0,1,1,0,0,,500,500
68AS06MARKIV_服躯_服_皇家糖霜,68_拼接.webp,1138,0,208,490,135,10,,500,500
68AS06MARKIV_服_着物_表情_イキ顔,68_拼接.webp,272,1977,81,70,207,64,,500,500
68AS06MARKIV_服_着物_表情_性交,68_拼接.webp,1088,780,79,70,208,64,,500,500
68AS06MARKIV_服_着物_表情_愛撫,68_拼接.webp,353,1977,81,70,207,64,,500,500
68AS06MARKIV_服_着物_表情_自慰,68_拼接.webp,353,1977,81,70,207,64,,500,500
68AS06MARKIV_服_着物_表情_憤怒,68_拼接.webp,772,1974,82,74,207,62,,500,500
68AS06MARKIV_服_着物_表情_発情,68_拼接.webp,434,1977,81,70,207,63,,500,500
68AS06MARKIV_服_着物_表情_トロ顔,68_拼接.webp,434,1977,81,70,207,63,,500,500
68AS06MARKIV_服_着物_表情_笑顔,68_拼接.webp,655,923,81,63,207,63,,500,500
68AS06MARKIV_服_着物_表情_通常,68_拼接.webp,0,0,1,1,0,0,,500,500
68AS06MARKIV_服躯_服_着物,68_拼接.webp,272,1488,271,489,116,11,,500,500
68AS06MARKIV_服_哥特洛丽塔_表情_イキ顔,68_拼接.webp,1332,1857,79,74,214,63,,500,500
68AS06MARKIV_服_哥特洛丽塔_表情_性交,68_拼接.webp,1442,1931,80,73,213,64,,500,500
68AS06MARKIV_服_哥特洛丽塔_表情_愛撫,68_拼接.webp,1363,1931,79,74,213,63,,500,500
68AS06MARKIV_服_哥特洛丽塔_表情_自慰,68_拼接.webp,1363,1931,79,74,213,63,,500,500
68AS06MARKIV_服_哥特洛丽塔_表情_憤怒,68_拼接.webp,1411,1857,79,74,214,64,,500,500
68AS06MARKIV_服_哥特洛丽塔_表情_発情,68_拼接.webp,1100,1299,81,75,213,63,,500,500
68AS06MARKIV_服_哥特洛丽塔_表情_トロ顔,68_拼接.webp,1100,1299,81,75,213,63,,500,500
68AS06MARKIV_服_哥特洛丽塔_表情_笑顔,68_拼接.webp,1122,1951,80,75,213,63,,500,500
68AS06MARKIV_服_哥特洛丽塔_表情_通常,68_拼接.webp,0,0,1,1,0,0,,500,500
68AS06MARKIV_服躯_服_哥特洛丽塔,68_拼接.webp,334,988,268,487,107,13,,500,500
68AS06MARKIV_服_初音_表情_イキ顔,68_拼接.webp,977,1072,85,75,205,58,,500,500
68AS06MARKIV_服_初音_表情_性交,68_拼接.webp,1005,745,83,75,206,58,,500,500
68AS06MARKIV_服_初音_表情_愛撫,68_拼接.webp,1202,1951,82,73,207,59,,500,500
68AS06MARKIV_服_初音_表情_自慰,68_拼接.webp,1202,1951,82,73,207,59,,500,500
68AS06MARKIV_服_初音_表情_憤怒,68_拼接.webp,687,1974,85,73,206,58,,500,500
68AS06MARKIV_服_初音_表情_発情,68_拼接.webp,1005,820,83,75,206,58,,500,500
68AS06MARKIV_服_初音_表情_トロ顔,68_拼接.webp,1005,820,83,75,206,58,,500,500
68AS06MARKIV_服_初音_表情_笑顔,68_拼接.webp,977,1234,84,75,206,58,,500,500
68AS06MARKIV_服_初音_表情_通常,68_拼接.webp,0,0,1,1,0,0,,500,500
68AS06MARKIV_服躯_服_初音,68_拼接.webp,334,0,309,497,89,3,,500,500
68AS06MARKIV_服_不给治_表情_イキ顔,68_拼接.webp,1141,989,76,67,207,62,,500,500
68AS06MARKIV_服_不给治_表情_性交,68_拼接.webp,1215,918,76,66,207,62,,500,500
68AS06MARKIV_服_不给治_表情_愛撫,68_拼接.webp,1213,850,76,68,207,62,,500,500
68AS06MARKIV_服_不给治_表情_自慰,68_拼接.webp,1213,850,76,68,207,62,,500,500
68AS06MARKIV_服_不给治_表情_憤怒,68_拼接.webp,1099,1386,78,68,205,61,,500,500
68AS06MARKIV_服_不给治_表情_発情,68_拼接.webp,1007,642,78,73,206,60,,500,500
68AS06MARKIV_服_不给治_表情_トロ顔,68_拼接.webp,1007,642,78,73,206,60,,500,500
68AS06MARKIV_服_不给治_表情_笑顔,68_拼接.webp,1141,1056,76,66,207,62,,500,500
68AS06MARKIV_服_不给治_表情_通常,68_拼接.webp,0,0,1,1,0,0,,500,500
68AS06MARKIV_服躯_服_不给治,68_拼接.webp,803,1454,227,500,137,0,,500,500
68AS06MARKIV_服_2B_表情_イキ顔,68_拼接.webp,602,1406,80,69,211,49,,500,500
68AS06MARKIV_服_2B_表情_性交,68_拼接.webp,1137,921,78,68,212,49,,500,500
68AS06MARKIV_服_2B_表情_愛撫,68_拼接.webp,682,1406,79,69,212,48,,500,500
68AS06MARKIV_服_2B_表情_自慰,68_拼接.webp,682,1406,79,69,212,48,,500,500
68AS06MARKIV_服_2B_表情_憤怒,68_拼接.webp,515,1977,81,70,211,48,,500,500
68AS06MARKIV_服_2B_表情_発情,68_拼接.webp,1088,710,80,70,211,48,,500,500
68AS06MARKIV_服_2B_表情_トロ顔,68_拼接.webp,1088,710,80,70,211,48,,500,500
68AS06MARKIV_服_2B_表情_笑顔,68_拼接.webp,1019,1386,80,68,211,49,,500,500
68AS06MARKIV_服_2B_表情_通常,68_拼接.webp,0,0,1,1,0,0,,500,500
68AS06MARKIV_服躯_服_2B,68_拼接.webp,0,0,334,500,83,0,,500,500
68AS06MARKIV_服_表情_イキ顔,68_拼接.webp,717,1132,92,90,198,70,,500,500
68AS06MARKIV_服_表情_性交,68_拼接.webp,948,1954,94,86,197,74,,500,500
68AS06MARKIV_服_表情_愛撫,68_拼接.webp,854,1954,94,86,197,74,,500,500
68AS06MARKIV_服_表情_自慰,68_拼接.webp,854,1954,94,86,197,74,,500,500
68AS06MARKIV_服_表情_憤怒,68_拼接.webp,761,1364,93,90,198,70,,500,500
68AS06MARKIV_服_表情_発情,68_拼接.webp,715,1274,94,90,197,70,,500,500
68AS06MARKIV_服_表情_トロ顔,68_拼接.webp,715,1274,94,90,197,70,,500,500
68AS06MARKIV_服_表情_笑顔,68_拼接.webp,655,675,95,80,197,80,,500,500
68AS06MARKIV_服_表情_通常,68_拼接.webp,0,0,1,1,0,0,,500,500
68AS06MARKIV_服躯_服,68_拼接.webp,543,1475,260,499,122,1,,500,500
68AS06MARKIV_裸_表情_イキ顔,68_拼接.webp,890,1246,87,76,217,65,,500,500
68AS06MARKIV_裸_表情_性交,68_拼接.webp,809,1086,87,78,217,63,,500,500
68AS06MARKIV_裸_表情_愛撫,68_拼接.webp,918,826,87,78,217,63,,500,500
68AS06MARKIV_裸_表情_自慰,68_拼接.webp,918,826,87,78,217,63,,500,500
68AS06MARKIV_裸_表情_憤怒,68_拼接.webp,831,835,87,79,217,64,,500,500
68AS06MARKIV_裸_表情_発情,68_拼接.webp,918,584,88,79,217,63,,500,500
68AS06MARKIV_裸_表情_トロ顔,68_拼接.webp,918,584,88,79,217,63,,500,500
68AS06MARKIV_裸_表情_睡眠,68_拼接.webp,917,748,88,78,216,64,,500,500
68AS06MARKIV_裸_表情_笑顔,68_拼接.webp,828,755,89,80,216,62,,500,500
68AS06MARKIV_裸_表情_通常,68_拼接.webp,0,0,1,1,0,0,,500,500
68AS06MARKIV_服躯_裸,68_拼接.webp,1030,1454,224,497,147,3,,500,500
68AS06MARKIV_裸躯_躯干,68_拼接.webp,0,0,1,1,0,0,,500,500

別立ち_服_通常_68,68_拼接.webp,272,500,260,499,122,1,,500,500
別顔_服_通常_68,68_拼接.webp,272,500,260,299,22,1,,300,300
68AS06MARKIV_覆盖范围,68_拼接.webp,0,0,333,333,-83,0

別立ち_阴毛_68,68_拼接.webp,0,1988,56,44,241,402,,500,500
別立ち_勃起_68,68_拼接.webp,602,988,116,144,206,344,,500,500
別立ち_射精_68,68_拼接.webp,602,988,116,144,206,344,,500,500
別立ち_未勃_68,68_拼接.webp,602,1274,113,132,207,368,,500,500

;------------------------------------------------------------
;衣玖
;------------------------------------------------------------
35AS06MARKIV_服_下着_表情_イキ顔,35_拼接.webp,327,1064,83,92,216,52,,500,500
35AS06MARKIV_服_下着_表情_微笑,35_拼接.webp,496,862,82,91,217,52,,500,500
35AS06MARKIV_服_下着_表情_性交,35_拼接.webp,410,1064,83,92,218,52,,500,500
35AS06MARKIV_服_下着_表情_愛撫,35_拼接.webp,410,1064,83,92,218,52,,500,500
35AS06MARKIV_服_下着_表情_自慰,35_拼接.webp,410,1064,83,92,218,52,,500,500
35AS06MARKIV_服_下着_表情_憤怒,35_拼接.webp,578,856,82,91,217,52,,500,500
35AS06MARKIV_服_下着_表情_発情,35_拼接.webp,493,1046,82,91,217,52,,500,500
35AS06MARKIV_服_下着_表情_トロ顔,35_拼接.webp,493,1046,82,91,217,52,,500,500
35AS06MARKIV_服_下着_表情_睡眠,35_拼接.webp,504,1137,82,91,217,52,,500,500
35AS06MARKIV_服_下着_表情_笑顔,35_拼接.webp,426,683,84,91,216,52,,500,500
35AS06MARKIV_服_下着_表情_通常,35_拼接.webp,0,0,1,1,0,0,,500,500
35AS06MARKIV_服躯_服_下着,35_拼接.webp,0,1492,226,496,153,4,,500,500
35AS06MARKIV_服_バニーギャル_表情_イキ顔,35_拼接.webp,326,500,85,95,217,61,,500,500
35AS06MARKIV_服_バニーギャル_表情_微笑,35_拼接.webp,418,1156,86,88,218,61,,500,500
35AS06MARKIV_服_バニーギャル_表情_性交,35_拼接.webp,409,1394,89,97,216,59,,500,500
35AS06MARKIV_服_バニーギャル_表情_愛撫,35_拼接.webp,409,1394,89,97,216,59,,500,500
35AS06MARKIV_服_バニーギャル_表情_自慰,35_拼接.webp,409,1394,89,97,216,59,,500,500
35AS06MARKIV_服_バニーギャル_表情_憤怒,35_拼接.webp,240,598,85,97,217,60,,500,500
35AS06MARKIV_服_バニーギャル_表情_発情,35_拼接.webp,240,782,85,95,218,61,,500,500
35AS06MARKIV_服_バニーギャル_表情_トロ顔,35_拼接.webp,240,782,85,95,218,61,,500,500
35AS06MARKIV_服_バニーギャル_表情_笑顔,35_拼接.webp,240,500,86,98,217,60,,500,500
35AS06MARKIV_服_バニーギャル_表情_通常,35_拼接.webp,0,0,1,1,0,0,,500,500
35AS06MARKIV_服躯_服_バニーギャル,35_拼接.webp,226,1492,221,500,129,0,,500,500
35AS06MARKIV_服_メイド_表情_イキ顔,35_拼接.webp,325,598,86,94,209,71,,500,500
35AS06MARKIV_服_メイド_表情_微笑,35_拼接.webp,320,1397,89,93,206,71,,500,500
35AS06MARKIV_服_メイド_表情_性交,35_拼接.webp,327,974,85,90,209,72,,500,500
35AS06MARKIV_服_メイド_表情_愛撫,35_拼接.webp,327,974,85,90,209,72,,500,500
35AS06MARKIV_服_メイド_表情_自慰,35_拼接.webp,327,974,85,90,209,72,,500,500
35AS06MARKIV_服_メイド_表情_憤怒,35_拼接.webp,493,959,86,87,209,72,,500,500
35AS06MARKIV_服_メイド_表情_発情,35_拼接.webp,232,1397,88,95,207,71,,500,500
35AS06MARKIV_服_メイド_表情_トロ顔,35_拼接.webp,232,1397,88,95,207,71,,500,500
35AS06MARKIV_服_メイド_表情_笑顔,35_拼接.webp,325,782,86,92,208,71,,500,500
35AS06MARKIV_服_メイド_表情_通常,35_拼接.webp,0,0,1,1,0,0,,500,500
35AS06MARKIV_服躯_服_メイド,35_拼接.webp,0,500,240,500,129,0,,500,500
35AS06MARKIV_服_OL_表情_イキ顔,35_拼接.webp,575,1046,81,90,203,50,,500,500
35AS06MARKIV_服_OL_表情_微笑,35_拼接.webp,240,877,83,97,203,50,,500,500
35AS06MARKIV_服_OL_表情_性交,35_拼接.webp,323,877,83,97,202,50,,500,500
35AS06MARKIV_服_OL_表情_愛撫,35_拼接.webp,323,877,83,97,202,50,,500,500
35AS06MARKIV_服_OL_表情_自慰,35_拼接.webp,323,877,83,97,202,50,,500,500
35AS06MARKIV_服_OL_表情_憤怒,35_拼接.webp,412,959,81,94,204,50,,500,500
35AS06MARKIV_服_OL_表情_発情,35_拼接.webp,498,1327,81,93,204,50,,500,500
35AS06MARKIV_服_OL_表情_トロ顔,35_拼接.webp,498,1327,81,93,204,50,,500,500
35AS06MARKIV_服_OL_表情_笑顔,35_拼接.webp,411,500,83,97,202,50,,500,500
35AS06MARKIV_服_OL_表情_通常,35_拼接.webp,0,0,1,1,0,0,,500,500
35AS06MARKIV_服躯_服_OL,35_拼接.webp,0,1000,232,492,156,8,,500,500
35AS06MARKIV_服_表情_イキ顔,35_拼接.webp,406,874,90,85,213,73,,500,500
35AS06MARKIV_服_表情_微笑,35_拼接.webp,418,1244,91,83,213,73,,500,500
35AS06MARKIV_服_表情_性交,35_拼接.webp,501,774,90,82,213,73,,500,500
35AS06MARKIV_服_表情_愛撫,35_拼接.webp,501,774,90,82,213,73,,500,500
35AS06MARKIV_服_表情_自慰,35_拼接.webp,501,774,90,82,213,73,,500,500
35AS06MARKIV_服_表情_憤怒,35_拼接.webp,411,777,90,85,213,73,,500,500
35AS06MARKIV_服_表情_発情,35_拼接.webp,411,597,89,86,213,72,,500,500
35AS06MARKIV_服_表情_トロ顔,35_拼接.webp,411,597,89,86,213,72,,500,500
35AS06MARKIV_服_表情_笑顔,35_拼接.webp,333,692,93,85,211,73,,500,500
35AS06MARKIV_服_表情_通常,35_拼接.webp,0,0,1,1,0,0,,500,500
35AS06MARKIV_服躯_服,35_拼接.webp,0,0,434,500,33,0,,500,500
35AS06MARKIV_裸_表情_イキ顔,35_拼接.webp,232,1101,95,100,208,58,,500,500
35AS06MARKIV_裸_表情_微笑,35_拼接.webp,240,695,93,87,209,60,,500,500
35AS06MARKIV_裸_表情_性交,35_拼接.webp,325,1298,93,96,209,59,,500,500
35AS06MARKIV_裸_表情_愛撫,35_拼接.webp,325,1298,93,96,209,59,,500,500
35AS06MARKIV_裸_表情_自慰,35_拼接.webp,325,1298,93,96,209,59,,500,500
35AS06MARKIV_裸_表情_憤怒,35_拼接.webp,325,1201,93,97,209,59,,500,500
35AS06MARKIV_裸_表情_発情,35_拼接.webp,232,1201,93,98,209,59,,500,500
35AS06MARKIV_裸_表情_トロ顔,35_拼接.webp,232,1201,93,98,209,59,,500,500
35AS06MARKIV_裸_表情_睡眠,35_拼接.webp,232,1000,95,101,208,58,,500,500
35AS06MARKIV_裸_表情_笑顔,35_拼接.webp,232,1299,93,98,209,59,,500,500
35AS06MARKIV_裸_表情_通常,35_拼接.webp,0,0,1,1,0,0,,500,500
35AS06MARKIV_服躯_裸,35_拼接.webp,447,1491,218,499,144,1,,500,500
35AS06MARKIV_裸躯_躯干,35_拼接.webp,0,0,1,1,0,0,,500,500

別立ち2_服_通常_35,35_拼接.webp,0,0,434,500,33,0,,500,500
別顔2_服_通常_35,35_拼接.webp,67,0,300,300,0,0,,300,300
35AS06MARKIV_覆盖范围,35_拼接.webp,0,0,333,333,-83,0

;------------------------------------------------------------
;咲夜
;------------------------------------------------------------
15AS06MARKIV_服_暁美ほむら_表情_イキ顔,15_拼接.webp,1123,576,79,76,208,78,,500,500
15AS06MARKIV_服_暁美ほむら_表情_微笑,15_拼接.webp,1201,882,77,74,210,79,,500,500
15AS06MARKIV_服_暁美ほむら_表情_性交,15_拼接.webp,1203,803,76,74,211,79,,500,500
15AS06MARKIV_服_暁美ほむら_表情_愛撫,15_拼接.webp,1203,803,76,74,211,79,,500,500
15AS06MARKIV_服_暁美ほむら_表情_自慰,15_拼接.webp,1203,803,76,74,211,79,,500,500
15AS06MARKIV_服_暁美ほむら_表情_憤怒,15_拼接.webp,1147,957,78,74,210,79,,500,500
15AS06MARKIV_服_暁美ほむら_表情_発情,15_拼接.webp,1123,882,78,75,210,78,,500,500
15AS06MARKIV_服_暁美ほむら_表情_トロ顔,15_拼接.webp,1123,882,78,75,210,78,,500,500
15AS06MARKIV_服_暁美ほむら_表情_笑顔,15_拼接.webp,913,1980,79,68,210,79,,500,500
15AS06MARKIV_服_暁美ほむら_表情_通常,15_拼接.webp,0,0,1,1,0,0,,500,500
15AS06MARKIV_服躯_服_暁美ほむら,15_拼接.webp,301,1484,272,489,119,11,,500,500
15AS06MARKIV_服_水着_表情_イキ顔,15_拼接.webp,816,667,83,86,208,69,,500,500
15AS06MARKIV_服_水着_表情_微笑,15_拼接.webp,1068,1073,82,83,208,69,,500,500
15AS06MARKIV_服_水着_表情_性交,15_拼接.webp,1234,1320,81,83,209,69,,500,500
15AS06MARKIV_服_水着_表情_愛撫,15_拼接.webp,1234,1320,81,83,209,69,,500,500
15AS06MARKIV_服_水着_表情_自慰,15_拼接.webp,1234,1320,81,83,209,69,,500,500
15AS06MARKIV_服_水着_表情_憤怒,15_拼接.webp,816,753,82,85,208,69,,500,500
15AS06MARKIV_服_水着_表情_発情,15_拼接.webp,1066,988,81,85,208,69,,500,500
15AS06MARKIV_服_水着_表情_トロ顔,15_拼接.webp,1066,988,81,85,208,69,,500,500
15AS06MARKIV_服_水着_表情_笑顔,15_拼接.webp,1072,1320,81,84,209,69,,500,500
15AS06MARKIV_服_水着_表情_通常,15_拼接.webp,0,0,1,1,0,0,,500,500
15AS06MARKIV_服躯_服_水着,15_拼接.webp,1103,1480,202,496,150,4,,500,500
15AS06MARKIV_裸_裸エプロン_表情_イキ顔,15_拼接.webp,1224,328,81,80,213,69,,500,500
15AS06MARKIV_裸_裸エプロン_表情_微笑,15_拼接.webp,1384,1905,82,81,213,69,,500,500
15AS06MARKIV_裸_裸エプロン_表情_性交,15_拼接.webp,1145,81,82,80,213,68,,500,500
15AS06MARKIV_裸_裸エプロン_表情_愛撫,15_拼接.webp,1145,81,82,80,213,68,,500,500
15AS06MARKIV_裸_裸エプロン_表情_自慰,15_拼接.webp,1145,81,82,80,213,68,,500,500
15AS06MARKIV_裸_裸エプロン_表情_憤怒,15_拼接.webp,1463,1813,82,81,211,68,,500,500
15AS06MARKIV_裸_裸エプロン_表情_発情,15_拼接.webp,1065,81,80,83,214,66,,500,500
15AS06MARKIV_裸_裸エプロン_表情_トロ顔,15_拼接.webp,1065,81,80,83,214,66,,500,500
15AS06MARKIV_裸_裸エプロン_表情_笑顔,15_拼接.webp,1383,1650,83,81,213,67,,500,500
15AS06MARKIV_裸_裸エプロン_表情_通常,15_拼接.webp,0,0,1,1,0,0,,500,500
15AS06MARKIV_服躯_裸_裸エプロン,15_拼接.webp,829,0,236,494,141,6,,500,500
15AS06MARKIV_服_裸エプロン_表情_イキ顔,15_拼接.webp,1224,328,81,80,213,69,,500,500
15AS06MARKIV_服_裸エプロン_表情_微笑,15_拼接.webp,1384,1905,82,81,213,69,,500,500
15AS06MARKIV_服_裸エプロン_表情_性交,15_拼接.webp,1145,81,82,80,213,68,,500,500
15AS06MARKIV_服_裸エプロン_表情_愛撫,15_拼接.webp,1145,81,82,80,213,68,,500,500
15AS06MARKIV_服_裸エプロン_表情_自慰,15_拼接.webp,1145,81,82,80,213,68,,500,500
15AS06MARKIV_服_裸エプロン_表情_憤怒,15_拼接.webp,1463,1813,82,81,211,68,,500,500
15AS06MARKIV_服_裸エプロン_表情_発情,15_拼接.webp,1065,81,80,83,214,66,,500,500
15AS06MARKIV_服_裸エプロン_表情_トロ顔,15_拼接.webp,1065,81,80,83,214,66,,500,500
15AS06MARKIV_服_裸エプロン_表情_笑顔,15_拼接.webp,1383,1650,83,81,213,67,,500,500
15AS06MARKIV_服_裸エプロン_表情_通常,15_拼接.webp,0,0,1,1,0,0,,500,500
15AS06MARKIV_服躯_服_裸エプロン,15_拼接.webp,829,0,236,494,141,6,,500,500
15AS06MARKIV_服_バニーギャル_表情_イキ顔,15_拼接.webp,1387,0,78,77,209,73,,500,500
15AS06MARKIV_服_バニーギャル_表情_微笑,15_拼接.webp,987,1366,85,85,205,72,,500,500
15AS06MARKIV_服_バニーギャル_表情_性交,15_拼接.webp,1305,1480,80,85,207,73,,500,500
15AS06MARKIV_服_バニーギャル_表情_愛撫,15_拼接.webp,1305,1480,80,85,207,73,,500,500
15AS06MARKIV_服_バニーギャル_表情_自慰,15_拼接.webp,1305,1480,80,85,207,73,,500,500
15AS06MARKIV_服_バニーギャル_表情_憤怒,15_拼接.webp,816,838,82,85,206,73,,500,500
15AS06MARKIV_服_バニーギャル_表情_発情,15_拼接.webp,1227,80,79,82,209,73,,500,500
15AS06MARKIV_服_バニーギャル_表情_トロ顔,15_拼接.webp,1227,80,79,82,209,73,,500,500
15AS06MARKIV_服_バニーギャル_表情_笑顔,15_拼接.webp,1229,0,79,78,209,74,,500,500
15AS06MARKIV_服_バニーギャル_表情_通常,15_拼接.webp,0,0,1,1,0,0,,500,500
15AS06MARKIV_服躯_服_バニーギャル,15_拼接.webp,829,1480,274,500,79,0,,500,500
15AS06MARKIV_服_パジャマ_表情_イキ顔,15_拼接.webp,816,497,84,85,201,73,,500,500
15AS06MARKIV_服_パジャマ_表情_微笑,15_拼接.webp,1071,1238,83,82,202,73,,500,500
15AS06MARKIV_服_パジャマ_表情_性交,15_拼接.webp,987,1279,84,87,201,72,,500,500
15AS06MARKIV_服_パジャマ_表情_愛撫,15_拼接.webp,987,1279,84,87,201,72,,500,500
15AS06MARKIV_服_パジャマ_表情_自慰,15_拼接.webp,987,1279,84,87,201,72,,500,500
15AS06MARKIV_服_パジャマ_表情_憤怒,15_拼接.webp,816,582,84,85,201,73,,500,500
15AS06MARKIV_服_パジャマ_表情_発情,15_拼接.webp,1307,161,79,77,203,75,,500,500
15AS06MARKIV_服_パジャマ_表情_トロ顔,15_拼接.webp,1307,161,79,77,203,75,,500,500
15AS06MARKIV_服_パジャマ_表情_睡眠,15_拼接.webp,902,1383,85,87,201,71,,500,500
15AS06MARKIV_服_パジャマ_表情_笑顔,15_拼接.webp,656,1965,84,83,201,73,,500,500
15AS06MARKIV_服_パジャマ_表情_通常,15_拼接.webp,0,0,1,1,0,0,,500,500
15AS06MARKIV_服躯_服_パジャマ,15_拼接.webp,575,989,238,492,130,8,,500,500
15AS06MARKIV_服_女忍_表情_イキ顔,15_拼接.webp,1386,1731,81,82,207,75,,500,500
15AS06MARKIV_服_女忍_表情_微笑,15_拼接.webp,1146,410,80,81,207,75,,500,500
15AS06MARKIV_服_女忍_表情_性交,15_拼接.webp,1305,1737,81,83,207,75,,500,500
15AS06MARKIV_服_女忍_表情_愛撫,15_拼接.webp,1305,1737,81,83,207,75,,500,500
15AS06MARKIV_服_女忍_表情_自慰,15_拼接.webp,1305,1737,81,83,207,75,,500,500
15AS06MARKIV_服_女忍_表情_憤怒,15_拼接.webp,1466,1894,82,81,206,75,,500,500
15AS06MARKIV_服_女忍_表情_発情,15_拼接.webp,1065,0,82,81,206,75,,500,500
15AS06MARKIV_服_女忍_表情_トロ顔,15_拼接.webp,1065,0,82,81,206,75,,500,500
15AS06MARKIV_服_女忍_表情_笑顔,15_拼接.webp,1154,1238,82,82,206,74,,500,500
15AS06MARKIV_服_女忍_表情_通常,15_拼接.webp,0,0,1,1,0,0,,500,500
15AS06MARKIV_服躯_服_女忍,15_拼接.webp,337,498,247,491,114,9,,500,500
15AS06MARKIV_服_下着_表情_イキ顔,15_拼接.webp,991,1161,89,77,229,90,,500,500
15AS06MARKIV_服_下着_表情_微笑,15_拼接.webp,400,1973,88,73,229,90,,500,500
15AS06MARKIV_服_下着_表情_性交,15_拼接.webp,1072,1404,88,76,229,89,,500,500
15AS06MARKIV_服_下着_表情_愛撫,15_拼接.webp,1072,1404,88,76,229,89,,500,500
15AS06MARKIV_服_下着_表情_自慰,15_拼接.webp,1072,1404,88,76,229,89,,500,500
15AS06MARKIV_服_下着_表情_憤怒,15_拼接.webp,740,1965,89,78,229,88,,500,500
15AS06MARKIV_服_下着_表情_発情,15_拼接.webp,1160,1404,88,76,230,89,,500,500
15AS06MARKIV_服_下着_表情_トロ顔,15_拼接.webp,1160,1404,88,76,230,89,,500,500
15AS06MARKIV_服_下着_表情_笑顔,15_拼接.webp,311,1973,89,74,229,88,,500,500
15AS06MARKIV_服_下着_表情_通常,15_拼接.webp,0,0,1,1,0,0,,500,500
15AS06MARKIV_服躯_服_下着,15_拼接.webp,900,494,223,494,139,6,,500,500
15AS06MARKIV_服_杰克_表情_イキ顔,15_拼接.webp,1147,0,82,80,213,84,,500,500
15AS06MARKIV_服_杰克_表情_微笑,15_拼接.webp,1248,1403,81,77,213,86,,500,500
15AS06MARKIV_服_杰克_表情_性交,15_拼接.webp,1145,161,82,80,213,84,,500,500
15AS06MARKIV_服_杰克_表情_愛撫,15_拼接.webp,1145,161,82,80,213,84,,500,500
15AS06MARKIV_服_杰克_表情_自慰,15_拼接.webp,1145,161,82,80,213,84,,500,500
15AS06MARKIV_服_杰克_表情_憤怒,15_拼接.webp,1144,247,81,81,213,85,,500,500
15AS06MARKIV_服_杰克_表情_発情,15_拼接.webp,1080,1156,83,82,211,84,,500,500
15AS06MARKIV_服_杰克_表情_トロ顔,15_拼接.webp,1080,1156,83,82,211,84,,500,500
15AS06MARKIV_服_杰克_表情_笑顔,15_拼接.webp,1065,415,81,78,213,85,,500,500
15AS06MARKIV_服_杰克_表情_通常,15_拼接.webp,0,0,1,1,0,0,,500,500
15AS06MARKIV_服躯_服_杰克,15_拼接.webp,573,1481,256,484,113,16,,500,500
15AS06MARKIV_服_ウェディングドレス_表情_イキ顔,15_拼接.webp,1065,164,80,83,208,70,,500,500
15AS06MARKIV_服_ウェディングドレス_表情_微笑,15_拼接.webp,1123,808,80,74,208,71,,500,500
15AS06MARKIV_服_ウェディングドレス_表情_性交,15_拼接.webp,1144,328,80,82,207,70,,500,500
15AS06MARKIV_服_ウェディングドレス_表情_愛撫,15_拼接.webp,1144,328,80,82,207,70,,500,500
15AS06MARKIV_服_ウェディングドレス_表情_自慰,15_拼接.webp,1144,328,80,82,207,70,,500,500
15AS06MARKIV_服_ウェディングドレス_表情_憤怒,15_拼接.webp,1305,1565,80,85,208,70,,500,500
15AS06MARKIV_服_ウェディングドレス_表情_発情,15_拼接.webp,1065,247,79,84,208,70,,500,500
15AS06MARKIV_服_ウェディングドレス_表情_トロ顔,15_拼接.webp,1065,247,79,84,208,70,,500,500
15AS06MARKIV_服_ウェディングドレス_表情_笑顔,15_拼接.webp,1153,1320,81,84,207,70,,500,500
15AS06MARKIV_服_ウェディングドレス_表情_通常,15_拼接.webp,0,0,1,1,0,0,,500,500
15AS06MARKIV_服躯_服_ウェディングドレス,15_拼接.webp,0,0,348,498,76,2,,500,500
15AS06MARKIV_服_私服2_表情_イキ顔,15_拼接.webp,1305,1650,78,87,215,57,,500,500
15AS06MARKIV_服_私服2_表情_微笑,15_拼接.webp,1225,241,77,85,216,58,,500,500
15AS06MARKIV_服_私服2_表情_性交,15_拼接.webp,985,988,81,86,212,57,,500,500
15AS06MARKIV_服_私服2_表情_愛撫,15_拼接.webp,985,988,81,86,212,57,,500,500
15AS06MARKIV_服_私服2_表情_自慰,15_拼接.webp,985,988,81,86,212,57,,500,500
15AS06MARKIV_服_私服2_表情_憤怒,15_拼接.webp,1305,1820,79,85,214,58,,500,500
15AS06MARKIV_服_私服2_表情_発情,15_拼接.webp,903,988,82,85,212,58,,500,500
15AS06MARKIV_服_私服2_表情_トロ顔,15_拼接.webp,903,988,82,85,212,58,,500,500
15AS06MARKIV_服_私服2_表情_笑顔,15_拼接.webp,1065,331,79,84,214,58,,500,500
15AS06MARKIV_服_私服2_表情_通常,15_拼接.webp,0,0,1,1,0,0,,500,500
15AS06MARKIV_服躯_服_私服2,15_拼接.webp,594,0,235,497,130,3,,500,500
15AS06MARKIV_服_ゴシック_表情_イキ顔,15_拼接.webp,157,1976,77,71,215,74,,500,500
15AS06MARKIV_服_ゴシック_表情_微笑,15_拼接.webp,234,1976,77,71,216,74,,500,500
15AS06MARKIV_服_ゴシック_表情_性交,15_拼接.webp,1123,493,79,83,215,71,,500,500
15AS06MARKIV_服_ゴシック_表情_愛撫,15_拼接.webp,1123,493,79,83,215,71,,500,500
15AS06MARKIV_服_ゴシック_表情_自慰,15_拼接.webp,1123,493,79,83,215,71,,500,500
15AS06MARKIV_服_ゴシック_表情_憤怒,15_拼接.webp,1123,652,77,77,216,75,,500,500
15AS06MARKIV_服_ゴシック_表情_発情,15_拼接.webp,1200,652,76,77,216,75,,500,500
15AS06MARKIV_服_ゴシック_表情_トロ顔,15_拼接.webp,1200,652,76,77,216,75,,500,500
15AS06MARKIV_服_ゴシック_表情_笑顔,15_拼接.webp,1150,1031,75,74,216,76,,500,500
15AS06MARKIV_服_ゴシック_表情_通常,15_拼接.webp,0,0,1,1,0,0,,500,500
15AS06MARKIV_服躯_服_ゴシック,15_拼接.webp,0,994,309,490,85,10,,500,500
15AS06MARKIV_服_高好感_表情_イキ顔,15_拼接.webp,1308,0,79,78,204,71,,500,500
15AS06MARKIV_服_高好感_表情_微笑,15_拼接.webp,78,1976,79,71,205,78,,500,500
15AS06MARKIV_服_高好感_表情_性交,15_拼接.webp,1198,729,80,74,204,70,,500,500
15AS06MARKIV_服_高好感_表情_愛撫,15_拼接.webp,1198,729,80,74,204,70,,500,500
15AS06MARKIV_服_高好感_表情_自慰,15_拼接.webp,1198,729,80,74,204,70,,500,500
15AS06MARKIV_服_高好感_表情_憤怒,15_拼接.webp,1227,162,80,78,205,76,,500,500
15AS06MARKIV_服_高好感_表情_発情,15_拼接.webp,992,1980,78,68,206,78,,500,500
15AS06MARKIV_服_高好感_表情_トロ顔,15_拼接.webp,992,1980,78,68,206,78,,500,500
15AS06MARKIV_服_高好感_表情_笑顔,15_拼接.webp,902,1186,89,93,200,62,,500,500
15AS06MARKIV_服_高好感_表情_通常,15_拼接.webp,0,0,1,1,0,0,,500,500
15AS06MARKIV_服躯_服_高好感,15_拼接.webp,0,1484,301,492,76,8,,500,500
15AS06MARKIV_服_私服_表情_イキ顔,15_拼接.webp,1070,1980,84,62,205,84,,500,500
15AS06MARKIV_服_私服_表情_微笑,15_拼接.webp,488,1973,84,73,205,83,,500,500
15AS06MARKIV_服_私服_表情_性交,15_拼接.webp,1384,1986,83,60,206,85,,500,500
15AS06MARKIV_服_私服_表情_愛撫,15_拼接.webp,1384,1986,83,60,206,85,,500,500
15AS06MARKIV_服_私服_表情_自慰,15_拼接.webp,1384,1986,83,60,206,85,,500,500
15AS06MARKIV_服_私服_表情_憤怒,15_拼接.webp,829,1980,84,65,205,84,,500,500
15AS06MARKIV_服_私服_表情_発情,15_拼接.webp,572,1973,84,73,205,84,,500,500
15AS06MARKIV_服_私服_表情_トロ顔,15_拼接.webp,572,1973,84,73,205,84,,500,500
15AS06MARKIV_服_私服_表情_笑顔,15_拼接.webp,816,923,84,62,205,84,,500,500
15AS06MARKIV_服_私服_表情_通常,15_拼接.webp,0,0,1,1,0,0,,500,500
15AS06MARKIV_服躯_服_私服,15_拼接.webp,584,498,232,491,127,9,,500,500
15AS06MARKIV_服_Dio_表情_イキ顔,15_拼接.webp,1305,1905,79,85,212,72,,500,500
15AS06MARKIV_服_Dio_表情_微笑,15_拼接.webp,1384,1820,79,85,213,70,,500,500
15AS06MARKIV_服_Dio_表情_性交,15_拼接.webp,0,1976,78,72,213,73,,500,500
15AS06MARKIV_服_Dio_表情_愛撫,15_拼接.webp,0,1976,78,72,213,73,,500,500
15AS06MARKIV_服_Dio_表情_自慰,15_拼接.webp,0,1976,78,72,213,73,,500,500
15AS06MARKIV_服_Dio_表情_憤怒,15_拼接.webp,1382,78,77,78,214,72,,500,500
15AS06MARKIV_服_Dio_表情_発情,15_拼接.webp,1302,240,78,81,214,71,,500,500
15AS06MARKIV_服_Dio_表情_トロ顔,15_拼接.webp,1302,240,78,81,214,71,,500,500
15AS06MARKIV_服_Dio_表情_笑顔,15_拼接.webp,988,1074,80,87,213,70,,500,500
15AS06MARKIV_服_Dio_表情_通常,15_拼接.webp,0,0,1,1,0,0,,500,500
15AS06MARKIV_服躯_服_Dio,15_拼接.webp,0,498,337,496,86,4,,500,500
15AS06MARKIV_服_表情_イキ顔,15_拼接.webp,1467,1975,77,73,224,82,,500,500
15AS06MARKIV_服_表情_微笑,15_拼接.webp,1544,1975,76,68,224,85,,500,500
15AS06MARKIV_服_表情_性交,15_拼接.webp,1231,1976,74,71,225,82,,500,500
15AS06MARKIV_服_表情_愛撫,15_拼接.webp,1231,1976,74,71,225,82,,500,500
15AS06MARKIV_服_表情_自慰,15_拼接.webp,1231,1976,74,71,225,82,,500,500
15AS06MARKIV_服_表情_憤怒,15_拼接.webp,1306,78,76,83,225,73,,500,500
15AS06MARKIV_服_表情_発情,15_拼接.webp,1123,729,75,79,225,74,,500,500
15AS06MARKIV_服_表情_トロ顔,15_拼接.webp,1123,729,75,79,225,74,,500,500
15AS06MARKIV_服_表情_笑顔,15_拼接.webp,1154,1976,77,71,224,85,,500,500
15AS06MARKIV_服_表情_通常,15_拼接.webp,0,0,1,1,0,0,,500,500
15AS06MARKIV_服躯_服,15_拼接.webp,309,994,266,487,119,13,,500,500
15AS06MARKIV_裸_表情_イキ顔,15_拼接.webp,813,1087,89,99,215,55,,500,500
15AS06MARKIV_裸_表情_微笑,15_拼接.webp,813,1285,87,99,216,55,,500,500
15AS06MARKIV_裸_表情_性交,15_拼接.webp,813,989,90,98,214,56,,500,500
15AS06MARKIV_裸_表情_愛撫,15_拼接.webp,813,989,90,98,214,56,,500,500
15AS06MARKIV_裸_表情_自慰,15_拼接.webp,813,989,90,98,214,56,,500,500
15AS06MARKIV_裸_表情_憤怒,15_拼接.webp,900,1285,87,98,215,56,,500,500
15AS06MARKIV_裸_表情_発情,15_拼接.webp,902,1087,86,99,216,55,,500,500
15AS06MARKIV_裸_表情_トロ顔,15_拼接.webp,902,1087,86,99,216,55,,500,500
15AS06MARKIV_裸_表情_睡眠,15_拼接.webp,813,1384,89,96,214,57,,500,500
15AS06MARKIV_裸_表情_笑顔,15_拼接.webp,813,1186,89,99,215,55,,500,500
15AS06MARKIV_裸_表情_通常,15_拼接.webp,0,0,1,1,0,0,,500,500
15AS06MARKIV_服躯_裸,15_拼接.webp,348,0,246,498,129,2,,500,500
15AS06MARKIV_裸躯_躯干,15_拼接.webp,0,0,1,1,0,0,,500,500

別立ち2_服_通常_15,15_拼接.webp,309,994,266,487,119,13,,500,500
別顔2_服_通常_15,15_拼接.webp,309,994,266,287,19,13,,300,300
15AS06MARKIV_覆盖范围,15_拼接.webp,0,0,333,333,-83,0

;------------------------------------------------------------
;雷鼓
;------------------------------------------------------------
96AS06MARKIV_服_マキマ_表情_イキ顔,96_拼接.webp,300,0,75,79,201,62,,500,500
96AS06MARKIV_服_マキマ_表情_微笑,96_拼接.webp,151,0,74,78,201,62,,500,500
96AS06MARKIV_服_マキマ_表情_性交,96_拼接.webp,0,0,75,77,201,63,,500,500
96AS06MARKIV_服_マキマ_表情_自慰,96_拼接.webp,0,0,75,77,201,63,,500,500
96AS06MARKIV_服_マキマ_表情_憤怒,96_拼接.webp,225,0,75,78,201,62,,500,500
96AS06MARKIV_服_マキマ_表情_発情,96_拼接.webp,375,0,75,79,201,62,,500,500
96AS06MARKIV_服_マキマ_表情_トロ顔,96_拼接.webp,375,0,75,79,201,62,,500,500
96AS06MARKIV_服_マキマ_表情_笑顔,96_拼接.webp,75,0,76,77,201,63,,500,500
96AS06MARKIV_服_マキマ_表情_通常,96_拼接.webp,0,0,1,1,0,0,,500,500
96AS06MARKIV_服躯_服_マキマ,96_拼接.webp,1551,84,360,500,70,0,,500,500
96AS06MARKIV_服_ライダースーツ_表情_イキ顔,96_拼接.webp,1194,0,79,82,204,64,,500,500
96AS06MARKIV_服_ライダースーツ_表情_微笑,96_拼接.webp,1604,0,80,83,203,64,,500,500
96AS06MARKIV_服_ライダースーツ_表情_性交,96_拼接.webp,587,79,82,87,203,63,,500,500
96AS06MARKIV_服_ライダースーツ_表情_自慰,96_拼接.webp,587,79,82,87,203,63,,500,500
96AS06MARKIV_服_ライダースーツ_表情_憤怒,96_拼接.webp,1273,0,82,82,203,64,,500,500
96AS06MARKIV_服_ライダースーツ_表情_発情,96_拼接.webp,1355,0,80,82,203,65,,500,500
96AS06MARKIV_服_ライダースーツ_表情_トロ顔,96_拼接.webp,1355,0,80,82,203,65,,500,500
96AS06MARKIV_服_ライダースーツ_表情_笑顔,96_拼接.webp,947,0,80,81,203,65,,500,500
96AS06MARKIV_服_ライダースーツ_表情_通常,96_拼接.webp,0,0,1,1,0,0,,500,500
96AS06MARKIV_服躯_服_ライダースーツ,96_拼接.webp,1299,82,252,499,118,1,,500,500
96AS06MARKIV_服_下着_表情_イキ顔,96_拼接.webp,450,0,84,79,207,86,,500,500
96AS06MARKIV_服_下着_表情_微笑,96_拼接.webp,534,0,82,79,209,86,,500,500
96AS06MARKIV_服_下着_表情_性交,96_拼接.webp,164,78,87,85,207,84,,500,500
96AS06MARKIV_服_下着_表情_自慰,96_拼接.webp,164,78,87,85,207,84,,500,500
96AS06MARKIV_服_下着_表情_憤怒,96_拼接.webp,616,0,82,79,209,86,,500,500
96AS06MARKIV_服_下着_表情_発情,96_拼接.webp,698,0,83,80,208,85,,500,500
96AS06MARKIV_服_下着_表情_トロ顔,96_拼接.webp,698,0,83,80,208,85,,500,500
96AS06MARKIV_服_下着_表情_睡眠,96_拼接.webp,1027,0,83,81,208,84,,500,500
96AS06MARKIV_服_下着_表情_笑顔,96_拼接.webp,1772,0,87,84,207,84,,500,500
96AS06MARKIV_服_下着_表情_通常,96_拼接.webp,0,0,1,1,0,0,,500,500
96AS06MARKIV_服躯_服_下着,96_拼接.webp,1085,82,214,479,133,21,,500,500
96AS06MARKIV_服_バニーギャル_表情_イキ顔,96_拼接.webp,1859,0,82,84,223,54,,500,500
96AS06MARKIV_服_バニーギャル_表情_微笑,96_拼接.webp,1941,0,82,84,222,54,,500,500
96AS06MARKIV_服_バニーギャル_表情_性交,96_拼接.webp,0,77,83,84,222,54,,500,500
96AS06MARKIV_服_バニーギャル_表情_自慰,96_拼接.webp,0,77,83,84,222,54,,500,500
96AS06MARKIV_服_バニーギャル_表情_憤怒,96_拼接.webp,83,78,81,84,223,54,,500,500
96AS06MARKIV_服_バニーギャル_表情_発情,96_拼接.webp,421,79,82,86,223,54,,500,500
96AS06MARKIV_服_バニーギャル_表情_トロ顔,96_拼接.webp,421,79,82,86,223,54,,500,500
96AS06MARKIV_服_バニーギャル_表情_笑顔,96_拼接.webp,503,79,84,86,222,53,,500,500
96AS06MARKIV_服_バニーギャル_表情_通常,96_拼接.webp,0,0,1,1,0,0,,500,500
96AS06MARKIV_服躯_服_バニーギャル,96_拼接.webp,233,165,321,500,87,0,,500,500
96AS06MARKIV_服_表情_イキ顔,96_拼接.webp,781,0,83,80,212,59,,500,500
96AS06MARKIV_服_表情_微笑,96_拼接.webp,1519,0,85,82,211,58,,500,500
96AS06MARKIV_服_表情_性交,96_拼接.webp,864,0,83,80,212,58,,500,500
96AS06MARKIV_服_表情_自慰,96_拼接.webp,864,0,83,80,212,58,,500,500
96AS06MARKIV_服_表情_憤怒,96_拼接.webp,1110,0,84,81,211,58,,500,500
96AS06MARKIV_服_表情_発情,96_拼接.webp,251,79,84,85,211,57,,500,500
96AS06MARKIV_服_表情_トロ顔,96_拼接.webp,251,79,84,85,211,57,,500,500
96AS06MARKIV_服_表情_笑顔,96_拼接.webp,335,79,86,85,210,57,,500,500
96AS06MARKIV_服_表情_通常,96_拼接.webp,0,0,1,1,0,0,,500,500
96AS06MARKIV_服躯_服,96_拼接.webp,554,168,248,500,126,0,,500,500
96AS06MARKIV_裸_表情_イキ顔,96_拼接.webp,833,80,83,90,204,49,,500,500
96AS06MARKIV_裸_表情_微笑,96_拼接.webp,1435,0,84,82,203,56,,500,500
96AS06MARKIV_裸_表情_性交,96_拼接.webp,669,80,82,88,204,49,,500,500
96AS06MARKIV_裸_表情_自慰,96_拼接.webp,669,80,82,88,204,49,,500,500
96AS06MARKIV_裸_表情_憤怒,96_拼接.webp,751,80,82,88,204,50,,500,500
96AS06MARKIV_裸_表情_発情,96_拼接.webp,999,81,86,91,202,49,,500,500
96AS06MARKIV_裸_表情_トロ顔,96_拼接.webp,999,81,86,91,202,49,,500,500
96AS06MARKIV_裸_表情_睡眠,96_拼接.webp,916,81,83,90,203,48,,500,500
96AS06MARKIV_裸_表情_笑顔,96_拼接.webp,1684,0,88,83,200,56,,500,500
96AS06MARKIV_裸_表情_通常,96_拼接.webp,0,0,1,1,0,0,,500,500
96AS06MARKIV_服躯_裸,96_拼接.webp,0,163,233,500,136,0,,500,500
96AS06MARKIV_裸躯_躯干,96_拼接.webp,0,0,1,1,0,0,,500,500

別立ち_服_通常_96,96_拼接.webp,554,168,248,500,126,0,,500,500
別顔_服_通常_96,96_拼接.webp,554,168,248,300,26,0,,300,300
96AS06MARKIV_覆盖范围,96_拼接.webp,0,0,333,333,-83,0

;------------------------------------------------------------
;莲子
;------------------------------------------------------------
81AS06MARKIV_服_晚礼服_表情_イキ顔,81_拼接.webp,520,1261,80,83,203,69,,500,500
81AS06MARKIV_服_晚礼服_表情_微笑,81_拼接.webp,632,1925,81,80,201,69,,500,500
81AS06MARKIV_服_晚礼服_表情_性交,81_拼接.webp,367,657,79,81,202,69,,500,500
81AS06MARKIV_服_晚礼服_表情_自慰,81_拼接.webp,367,657,79,81,202,69,,500,500
81AS06MARKIV_服_晚礼服_表情_憤怒,81_拼接.webp,612,810,77,79,203,69,,500,500
81AS06MARKIV_服_晚礼服_表情_発情,81_拼接.webp,519,1052,78,80,204,69,,500,500
81AS06MARKIV_服_晚礼服_表情_トロ顔,81_拼接.webp,519,1052,78,80,204,69,,500,500
81AS06MARKIV_服_晚礼服_表情_笑顔,81_拼接.webp,527,735,79,79,202,70,,500,500
81AS06MARKIV_服_晚礼服_表情_通常,81_拼接.webp,0,0,1,1,0,0,,500,500
81AS06MARKIV_服躯_服_晚礼服,81_拼接.webp,0,998,331,497,94,3,,500,500
81AS06MARKIV_服_バニーギャル_表情_イキ顔,81_拼接.webp,331,1189,102,92,191,92,,500,500
81AS06MARKIV_服_バニーギャル_表情_微笑,81_拼接.webp,331,1365,103,82,191,99,,500,500
81AS06MARKIV_服_バニーギャル_表情_性交,81_拼接.webp,331,998,109,98,188,92,,500,500
81AS06MARKIV_服_バニーギャル_表情_自慰,81_拼接.webp,331,998,109,98,188,92,,500,500
81AS06MARKIV_服_バニーギャル_表情_憤怒,81_拼接.webp,331,1281,107,84,187,98,,500,500
81AS06MARKIV_服_バニーギャル_表情_発情,81_拼接.webp,331,1096,102,93,191,94,,500,500
81AS06MARKIV_服_バニーギャル_表情_トロ顔,81_拼接.webp,331,1096,102,93,191,94,,500,500
81AS06MARKIV_服_バニーギャル_表情_笑顔,81_拼接.webp,434,1365,103,82,191,101,,500,500
81AS06MARKIV_服_バニーギャル_表情_通常,81_拼接.webp,0,0,1,1,0,0,,500,500
81AS06MARKIV_服躯_服_バニーギャル,81_拼接.webp,0,1495,292,500,97,0,,500,500
81AS06MARKIV_服_パジャマ_表情_イキ顔,81_拼接.webp,447,577,83,77,207,68,,500,500
81AS06MARKIV_服_パジャマ_表情_微笑,81_拼接.webp,792,1925,83,78,207,68,,500,500
81AS06MARKIV_服_パジャマ_表情_性交,81_拼接.webp,367,500,84,77,206,67,,500,500
81AS06MARKIV_服_パジャマ_表情_自慰,81_拼接.webp,367,500,84,77,206,67,,500,500
81AS06MARKIV_服_パジャマ_表情_憤怒,81_拼接.webp,367,817,84,76,207,69,,500,500
81AS06MARKIV_服_パジャマ_表情_発情,81_拼接.webp,598,1130,81,75,208,69,,500,500
81AS06MARKIV_服_パジャマ_表情_トロ顔,81_拼接.webp,598,1130,81,75,208,69,,500,500
81AS06MARKIV_服_パジャマ_表情_睡眠,81_拼接.webp,606,733,81,77,208,68,,500,500
81AS06MARKIV_服_パジャマ_表情_笑顔,81_拼接.webp,514,1182,84,79,207,67,,500,500
81AS06MARKIV_服_パジャマ_表情_通常,81_拼接.webp,0,0,1,1,0,0,,500,500
81AS06MARKIV_服躯_服_パジャマ,81_拼接.webp,292,1495,260,500,126,0,,500,500
81AS06MARKIV_服_下着_表情_イキ顔,81_拼接.webp,597,1052,79,78,207,58,,500,500
81AS06MARKIV_服_下着_表情_微笑,81_拼接.webp,526,893,80,78,207,57,,500,500
81AS06MARKIV_服_下着_表情_性交,81_拼接.webp,677,969,79,75,207,57,,500,500
81AS06MARKIV_服_下着_表情_自慰,81_拼接.webp,677,969,79,75,207,57,,500,500
81AS06MARKIV_服_下着_表情_憤怒,81_拼接.webp,552,1925,80,82,207,57,,500,500
81AS06MARKIV_服_下着_表情_発情,81_拼接.webp,367,577,80,80,207,58,,500,500
81AS06MARKIV_服_下着_表情_トロ顔,81_拼接.webp,367,577,80,80,207,58,,500,500
81AS06MARKIV_服_下着_表情_笑顔,81_拼接.webp,448,735,79,80,208,58,,500,500
81AS06MARKIV_服_下着_表情_通常,81_拼接.webp,0,0,1,1,0,0,,500,500
81AS06MARKIV_服躯_服_下着,81_拼接.webp,552,1425,249,500,109,0,,500,500
81AS06MARKIV_服_制服_表情_イキ顔,81_拼接.webp,600,1205,80,71,214,69,,500,500
81AS06MARKIV_服_制服_表情_微笑,81_拼接.webp,520,972,78,80,215,68,,500,500
81AS06MARKIV_服_制服_表情_性交,81_拼接.webp,440,973,80,79,214,68,,500,500
81AS06MARKIV_服_制服_表情_自慰,81_拼接.webp,440,973,80,79,214,68,,500,500
81AS06MARKIV_服_制服_表情_憤怒,81_拼接.webp,676,1049,79,76,215,68,,500,500
81AS06MARKIV_服_制服_表情_発情,81_拼接.webp,532,814,80,78,215,68,,500,500
81AS06MARKIV_服_制服_表情_トロ顔,81_拼接.webp,532,814,80,78,215,68,,500,500
81AS06MARKIV_服_制服_表情_笑顔,81_拼接.webp,686,889,80,73,215,67,,500,500
81AS06MARKIV_服_制服_表情_通常,81_拼接.webp,0,0,1,1,0,0,,500,500
81AS06MARKIV_服躯_服_制服,81_拼接.webp,0,500,367,498,77,2,,500,500
81AS06MARKIV_服_表情_イキ顔,81_拼接.webp,528,654,79,79,213,75,,500,500
81AS06MARKIV_服_表情_微笑,81_拼接.webp,367,893,79,80,213,75,,500,500
81AS06MARKIV_服_表情_性交,81_拼接.webp,446,893,80,79,212,74,,500,500
81AS06MARKIV_服_表情_自慰,81_拼接.webp,446,893,80,79,212,74,,500,500
81AS06MARKIV_服_表情_憤怒,81_拼接.webp,598,971,79,78,213,75,,500,500
81AS06MARKIV_服_表情_発情,81_拼接.webp,438,1264,82,81,211,74,,500,500
81AS06MARKIV_服_表情_トロ顔,81_拼接.webp,438,1264,82,81,211,74,,500,500
81AS06MARKIV_服_表情_笑顔,81_拼接.webp,433,1096,86,86,209,70,,500,500
81AS06MARKIV_服_表情_通常,81_拼接.webp,0,0,1,1,0,0,,500,500
81AS06MARKIV_服躯_服,81_拼接.webp,0,0,379,500,49,0,,500,500
81AS06MARKIV_裸_表情_イキ顔,81_拼接.webp,433,1182,81,82,216,59,,500,500
81AS06MARKIV_裸_表情_微笑,81_拼接.webp,451,815,81,78,216,62,,500,500
81AS06MARKIV_裸_表情_性交,81_拼接.webp,713,1925,79,82,217,60,,500,500
81AS06MARKIV_裸_表情_自慰,81_拼接.webp,713,1925,79,82,217,60,,500,500
81AS06MARKIV_裸_表情_憤怒,81_拼接.webp,367,738,81,79,216,62,,500,500
81AS06MARKIV_裸_表情_発情,81_拼接.webp,606,892,80,77,217,63,,500,500
81AS06MARKIV_裸_表情_トロ顔,81_拼接.webp,606,892,80,77,217,63,,500,500
81AS06MARKIV_裸_表情_睡眠,81_拼接.webp,537,1344,81,81,216,60,,500,500
81AS06MARKIV_裸_表情_笑顔,81_拼接.webp,446,657,82,78,216,62,,500,500
81AS06MARKIV_裸_表情_通常,81_拼接.webp,0,0,1,1,0,0,,500,500
81AS06MARKIV_服躯_裸,81_拼接.webp,379,0,220,500,140,0,,500,500
81AS06MARKIV_裸躯_躯干,81_拼接.webp,0,0,1,1,0,0,,500,500

別立ち2_服_通常_81,81_拼接.webp,0,0,379,500,49,0,,500,500
別顔2_服_通常_81,81_拼接.webp,51,0,300,300,0,0,,300,300
81AS06MARKIV_覆盖范围,81_拼接.webp,0,0,333,333,-83,0

;------------------------------------------------------------
;梅莉
;------------------------------------------------------------
82AS06MARKIV_服_バニーギャル_表情_イキ顔,82_拼接.webp,514,0,88,77,207,82,,500,500
82AS06MARKIV_服_バニーギャル_表情_微笑,82_拼接.webp,846,0,89,78,207,81,,500,500
82AS06MARKIV_服_バニーギャル_表情_性交,82_拼接.webp,261,0,86,73,208,84,,500,500
82AS06MARKIV_服_バニーギャル_表情_自慰,82_拼接.webp,261,0,86,73,208,84,,500,500
82AS06MARKIV_服_バニーギャル_表情_憤怒,82_拼接.webp,87,0,87,72,208,83,,500,500
82AS06MARKIV_服_バニーギャル_表情_発情,82_拼接.webp,174,0,87,72,207,83,,500,500
82AS06MARKIV_服_バニーギャル_表情_トロ顔,82_拼接.webp,174,0,87,72,207,83,,500,500
82AS06MARKIV_服_バニーギャル_表情_笑顔,82_拼接.webp,0,0,87,70,208,83,,500,500
82AS06MARKIV_服_バニーギャル_表情_通常,82_拼接.webp,0,0,1,1,0,0,,500,500
82AS06MARKIV_服躯_服_バニーギャル,82_拼接.webp,1311,167,250,500,133,0,,500,500
82AS06MARKIV_服_パジャマ_表情_イキ顔,82_拼接.webp,431,0,83,76,206,78,,500,500
82AS06MARKIV_服_パジャマ_表情_微笑,82_拼接.webp,935,0,84,78,205,78,,500,500
82AS06MARKIV_服_パジャマ_表情_性交,82_拼接.webp,347,0,84,73,205,77,,500,500
82AS06MARKIV_服_パジャマ_表情_自慰,82_拼接.webp,347,0,84,73,205,77,,500,500
82AS06MARKIV_服_パジャマ_表情_憤怒,82_拼接.webp,1755,0,86,80,204,76,,500,500
82AS06MARKIV_服_パジャマ_表情_発情,82_拼接.webp,1841,0,83,80,206,76,,500,500
82AS06MARKIV_服_パジャマ_表情_トロ顔,82_拼接.webp,1841,0,83,80,206,76,,500,500
82AS06MARKIV_服_パジャマ_表情_睡眠,82_拼接.webp,1019,0,85,78,205,77,,500,500
82AS06MARKIV_服_パジャマ_表情_笑顔,82_拼接.webp,1104,0,84,78,205,78,,500,500
82AS06MARKIV_服_パジャマ_表情_通常,82_拼接.webp,0,0,1,1,0,0,,500,500
82AS06MARKIV_服躯_服_パジャマ,82_拼接.webp,0,153,261,485,120,15,,500,500
82AS06MARKIV_服_フォーマルドレス_表情_イキ顔,82_拼接.webp,602,0,82,77,202,81,,500,500
82AS06MARKIV_服_フォーマルドレス_表情_微笑,82_拼接.webp,1188,0,82,78,202,80,,500,500
82AS06MARKIV_服_フォーマルドレス_表情_性交,82_拼接.webp,1428,0,82,79,202,80,,500,500
82AS06MARKIV_服_フォーマルドレス_表情_自慰,82_拼接.webp,1428,0,82,79,202,80,,500,500
82AS06MARKIV_服_フォーマルドレス_表情_憤怒,82_拼接.webp,1510,0,82,79,202,80,,500,500
82AS06MARKIV_服_フォーマルドレス_表情_発情,82_拼接.webp,684,0,83,77,202,81,,500,500
82AS06MARKIV_服_フォーマルドレス_表情_トロ顔,82_拼接.webp,684,0,83,77,202,81,,500,500
82AS06MARKIV_服_フォーマルドレス_表情_笑顔,82_拼接.webp,1592,0,83,79,202,79,,500,500
82AS06MARKIV_服_フォーマルドレス_表情_通常,82_拼接.webp,0,0,1,1,0,0,,500,500
82AS06MARKIV_服躯_服_フォーマルドレス,82_拼接.webp,706,161,357,491,62,9,,500,500
82AS06MARKIV_服_下着_表情_イキ顔,82_拼接.webp,1569,79,82,89,209,74,,500,500
82AS06MARKIV_服_下着_表情_微笑,82_拼接.webp,1232,78,82,84,209,75,,500,500
82AS06MARKIV_服_下着_表情_性交,82_拼接.webp,564,77,81,82,209,76,,500,500
82AS06MARKIV_服_下着_表情_自慰,82_拼接.webp,564,77,81,82,209,76,,500,500
82AS06MARKIV_服_下着_表情_憤怒,82_拼接.webp,1314,78,81,84,209,75,,500,500
82AS06MARKIV_服_下着_表情_発情,82_拼接.webp,982,78,83,83,208,75,,500,500
82AS06MARKIV_服_下着_表情_トロ顔,82_拼接.webp,982,78,83,83,208,75,,500,500
82AS06MARKIV_服_下着_表情_笑顔,82_拼接.webp,1065,78,82,83,208,75,,500,500
82AS06MARKIV_服_下着_表情_通常,82_拼接.webp,0,0,1,1,0,0,,500,500
82AS06MARKIV_服躯_服_下着,82_拼接.webp,261,156,210,486,158,14,,500,500
82AS06MARKIV_服_制服_表情_イキ顔,82_拼接.webp,645,77,88,82,203,69,,500,500
82AS06MARKIV_服_制服_表情_微笑,82_拼接.webp,733,77,84,82,203,69,,500,500
82AS06MARKIV_服_制服_表情_性交,82_拼接.webp,1924,0,85,80,206,69,,500,500
82AS06MARKIV_服_制服_表情_自慰,82_拼接.webp,1924,0,85,80,206,69,,500,500
82AS06MARKIV_服_制服_表情_憤怒,82_拼接.webp,817,78,83,82,204,69,,500,500
82AS06MARKIV_服_制服_表情_発情,82_拼接.webp,1147,78,85,83,204,69,,500,500
82AS06MARKIV_服_制服_表情_トロ顔,82_拼接.webp,1147,78,85,83,204,69,,500,500
82AS06MARKIV_服_制服_表情_笑顔,82_拼接.webp,900,78,82,82,204,70,,500,500
82AS06MARKIV_服_制服_表情_通常,82_拼接.webp,0,0,1,1,0,0,,500,500
82AS06MARKIV_服躯_服_制服,82_拼接.webp,471,159,235,491,124,9,,500,500
82AS06MARKIV_服_表情_イキ顔,82_拼接.webp,1395,79,86,87,204,73,,500,500
82AS06MARKIV_服_表情_微笑,82_拼接.webp,0,70,81,80,209,80,,500,500
82AS06MARKIV_服_表情_性交,82_拼接.webp,1675,0,80,79,210,80,,500,500
82AS06MARKIV_服_表情_自慰,82_拼接.webp,1675,0,80,79,210,80,,500,500
82AS06MARKIV_服_表情_憤怒,82_拼接.webp,1481,79,88,88,206,72,,500,500
82AS06MARKIV_服_表情_発情,82_拼接.webp,81,72,81,80,210,80,,500,500
82AS06MARKIV_服_表情_トロ顔,82_拼接.webp,81,72,81,80,210,80,,500,500
82AS06MARKIV_服_表情_笑顔,82_拼接.webp,767,0,79,77,210,82,,500,500
82AS06MARKIV_服_表情_通常,82_拼接.webp,0,0,1,1,0,0,,500,500
82AS06MARKIV_服躯_服,82_拼接.webp,1063,162,248,493,125,7,,500,500
82AS06MARKIV_裸_表情_イキ顔,82_拼接.webp,162,72,80,80,215,75,,500,500
82AS06MARKIV_裸_表情_微笑,82_拼接.webp,483,77,81,81,214,75,,500,500
82AS06MARKIV_裸_表情_性交,82_拼接.webp,242,73,80,80,214,75,,500,500
82AS06MARKIV_裸_表情_自慰,82_拼接.webp,242,73,80,80,214,75,,500,500
82AS06MARKIV_裸_表情_憤怒,82_拼接.webp,1270,0,79,78,215,77,,500,500
82AS06MARKIV_裸_表情_発情,82_拼接.webp,322,73,81,80,214,75,,500,500
82AS06MARKIV_裸_表情_トロ顔,82_拼接.webp,322,73,81,80,214,75,,500,500
82AS06MARKIV_裸_表情_睡眠,82_拼接.webp,1349,0,79,78,215,76,,500,500
82AS06MARKIV_裸_表情_笑顔,82_拼接.webp,403,76,80,80,214,76,,500,500
82AS06MARKIV_裸_表情_通常,82_拼接.webp,0,0,1,1,0,0,,500,500
82AS06MARKIV_服躯_裸,82_拼接.webp,1651,80,211,477,150,23,,500,500
82AS06MARKIV_裸躯_躯干,82_拼接.webp,0,0,1,1,0,0,,500,500

別立ち2_服_通常_82,82_拼接.webp,1063,162,248,493,125,7,,500,500
別顔2_服_通常_82,82_拼接.webp,1063,162,248,293,25,7,,300,300
82AS06MARKIV_覆盖范围,82_拼接.webp,0,0,333,333,-83,0

;------------------------------------------------------------
;梦子
;------------------------------------------------------------
103AS06MARKIV_服_シスター_表情_イキ顔,103_拼接.webp,1769,2,87,83,203,68,,500,500
103AS06MARKIV_服_シスター_表情_発情,103_拼接.webp,1733,174,88,84,203,67,,500,500
103AS06MARKIV_服_シスター_表情_トロ顔,103_拼接.webp,1733,174,88,84,203,67,,500,500
103AS06MARKIV_服_シスター_表情_憤怒,103_拼接.webp,1687,424,87,83,203,68,,500,500
103AS06MARKIV_服_シスター_表情_笑顔,103_拼接.webp,1740,87,88,83,202,67,,500,500
103AS06MARKIV_服_シスター_表情_性交,103_拼接.webp,1642,260,87,82,203,68,,500,500
103AS06MARKIV_服_シスター_表情_自慰,103_拼接.webp,1642,260,87,82,203,68,,500,500
103AS06MARKIV_服_シスター_表情_通常,103_拼接.webp,0,0,1,1,0,0,,500,500
103AS06MARKIV_服躯_服_シスター,103_拼接.webp,672,1006,317,492,86,8,,500,500
103AS06MARKIV_服_ディストッキング_表情_イキ顔,103_拼接.webp,1585,711,89,87,210,63,,500,500
103AS06MARKIV_服_ディストッキング_表情_発情,103_拼接.webp,1455,354,89,89,210,63,,500,500
103AS06MARKIV_服_ディストッキング_表情_トロ顔,103_拼接.webp,1455,354,89,89,210,63,,500,500
103AS06MARKIV_服_ディストッキング_表情_憤怒,103_拼接.webp,1309,734,89,89,209,63,,500,500
103AS06MARKIV_服_ディストッキング_表情_笑顔,103_拼接.webp,1309,551,89,90,210,63,,500,500
103AS06MARKIV_服_ディストッキング_表情_性交,103_拼接.webp,1589,530,88,88,210,63,,500,500
103AS06MARKIV_服_ディストッキング_表情_自慰,103_拼接.webp,1589,530,88,88,210,63,,500,500
103AS06MARKIV_服_ディストッキング_表情_通常,103_拼接.webp,0,0,1,1,0,0,,500,500
103AS06MARKIV_服躯_服_ディストッキング,103_拼接.webp,671,1501,321,492,83,8,,500,500
103AS06MARKIV_服_デンジャラス・ビースト_表情_イキ顔,103_拼接.webp,1591,620,90,86,206,66,,500,500
103AS06MARKIV_服_デンジャラス・ビースト_表情_発情,103_拼接.webp,1393,2,93,85,206,66,,500,500
103AS06MARKIV_服_デンジャラス・ビースト_表情_トロ顔,103_拼接.webp,1393,2,93,85,206,66,,500,500
103AS06MARKIV_服_デンジャラス・ビースト_表情_憤怒,103_拼接.webp,1488,2,92,85,205,66,,500,500
103AS06MARKIV_服_デンジャラス・ビースト_表情_笑顔,103_拼接.webp,1648,88,90,84,206,67,,500,500
103AS06MARKIV_服_デンジャラス・ビースト_表情_性交,103_拼接.webp,1400,825,91,86,206,65,,500,500
103AS06MARKIV_服_デンジャラス・ビースト_表情_自慰,103_拼接.webp,1400,825,91,86,206,65,,500,500
103AS06MARKIV_服_デンジャラス・ビースト_表情_通常,103_拼接.webp,0,0,1,1,0,0,,500,500
103AS06MARKIV_服躯_服_デンジャラス・ビースト,103_拼接.webp,344,1501,325,500,84,0,,500,500
103AS06MARKIV_服_トレセン制服_表情_イキ顔,103_拼接.webp,1270,367,90,90,204,63,,500,500
103AS06MARKIV_服_トレセン制服_表情_発情,103_拼接.webp,1309,643,90,89,204,63,,500,500
103AS06MARKIV_服_トレセン制服_表情_トロ顔,103_拼接.webp,1309,643,90,89,204,63,,500,500
103AS06MARKIV_服_トレセン制服_表情_憤怒,103_拼接.webp,1362,362,91,89,203,63,,500,500
103AS06MARKIV_服_トレセン制服_表情_笑顔,103_拼接.webp,1359,270,90,90,204,62,,500,500
103AS06MARKIV_服_トレセン制服_表情_性交,103_拼接.webp,1309,825,89,89,205,63,,500,500
103AS06MARKIV_服_トレセン制服_表情_自慰,103_拼接.webp,1309,825,89,89,205,63,,500,500
103AS06MARKIV_服_トレセン制服_表情_通常,103_拼接.webp,0,0,1,1,0,0,,500,500
103AS06MARKIV_服躯_服_トレセン制服,103_拼接.webp,360,2,331,491,77,9,,500,500
103AS06MARKIV_服_ボディチェーン_表情_イキ顔,103_拼接.webp,1640,174,91,84,198,66,,500,500
103AS06MARKIV_服_ボディチェーン_表情_発情,103_拼接.webp,1493,816,93,84,198,66,,500,500
103AS06MARKIV_服_ボディチェーン_表情_トロ顔,103_拼接.webp,1493,816,93,84,198,66,,500,500
103AS06MARKIV_服_ボディチェーン_表情_憤怒,103_拼接.webp,1491,729,92,85,198,66,,500,500
103AS06MARKIV_服_ボディチェーン_表情_笑顔,103_拼接.webp,1546,174,92,84,198,66,,500,500
103AS06MARKIV_服_ボディチェーン_表情_性交,103_拼接.webp,1582,2,92,84,198,66,,500,500
103AS06MARKIV_服_ボディチェーン_表情_自慰,103_拼接.webp,1582,2,92,84,198,66,,500,500
103AS06MARKIV_服_ボディチェーン_表情_通常,103_拼接.webp,0,0,1,1,0,0,,500,500
103AS06MARKIV_服躯_服_ボディチェーン,103_拼接.webp,991,472,316,494,96,6,,500,500
103AS06MARKIV_服_ロイヤル・アイシング_表情_イキ顔,103_拼接.webp,784,308,98,92,196,58,,500,500
103AS06MARKIV_服_ロイヤル・アイシング_表情_発情,103_拼接.webp,1070,185,96,90,198,60,,500,500
103AS06MARKIV_服_ロイヤル・アイシング_表情_トロ顔,103_拼接.webp,1070,185,96,90,198,60,,500,500
103AS06MARKIV_服_ロイヤル・アイシング_表情_憤怒,103_拼接.webp,900,2,97,90,197,60,,500,500
103AS06MARKIV_服_ロイヤル・アイシング_表情_笑顔,103_拼接.webp,970,192,98,89,196,60,,500,500
103AS06MARKIV_服_ロイヤル・アイシング_表情_性交,103_拼接.webp,1071,93,95,89,198,60,,500,500
103AS06MARKIV_服_ロイヤル・アイシング_表情_自慰,103_拼接.webp,1071,93,95,89,198,60,,500,500
103AS06MARKIV_服_ロイヤル・アイシング_表情_通常,103_拼接.webp,0,0,1,1,0,0,,500,500
103AS06MARKIV_服躯_服_ロイヤル・アイシング,103_拼接.webp,2,2,356,500,72,0,,500,500
103AS06MARKIV_服_島風_表情_イキ顔,103_拼接.webp,1451,176,93,87,200,66,,500,500
103AS06MARKIV_服_島風_表情_発情,103_拼接.webp,1401,453,93,86,200,66,,500,500
103AS06MARKIV_服_島風_表情_トロ顔,103_拼接.webp,1401,453,93,86,200,66,,500,500
103AS06MARKIV_服_島風_表情_憤怒,103_拼接.webp,1264,277,93,88,200,65,,500,500
103AS06MARKIV_服_島風_表情_笑顔,103_拼接.webp,1075,277,94,91,200,62,,500,500
103AS06MARKIV_服_島風_表情_性交,103_拼接.webp,1451,265,93,87,200,66,,500,500
103AS06MARKIV_服_島風_表情_自慰,103_拼接.webp,1451,265,93,87,200,66,,500,500
103AS06MARKIV_服_島風_表情_通常,103_拼接.webp,0,0,1,1,0,0,,500,500
103AS06MARKIV_服躯_服_島風,103_拼接.webp,341,504,330,500,62,0,,500,500
103AS06MARKIV_服_時空管理局制服_表情_イキ顔,103_拼接.webp,1168,184,92,91,199,62,,500,500
103AS06MARKIV_服_時空管理局制服_表情_発情,103_拼接.webp,1084,370,91,92,199,61,,500,500
103AS06MARKIV_服_時空管理局制服_表情_トロ顔,103_拼接.webp,1084,370,91,92,199,61,,500,500
103AS06MARKIV_服_時空管理局制服_表情_憤怒,103_拼接.webp,1177,370,91,90,199,62,,500,500
103AS06MARKIV_服_時空管理局制服_表情_笑顔,103_拼接.webp,1171,277,91,91,199,62,,500,500
103AS06MARKIV_服_時空管理局制服_表情_性交,103_拼接.webp,1309,459,90,90,199,63,,500,500
103AS06MARKIV_服_時空管理局制服_表情_自慰,103_拼接.webp,1309,459,90,90,199,63,,500,500
103AS06MARKIV_服_時空管理局制服_表情_通常,103_拼接.webp,0,0,1,1,0,0,,500,500
103AS06MARKIV_服躯_服_時空管理局制服,103_拼接.webp,339,1006,331,493,98,7,,500,500
103AS06MARKIV_服_私服_表情_イキ顔,103_拼接.webp,693,97,89,105,204,47,,500,500
103AS06MARKIV_服_私服_表情_発情,103_拼接.webp,784,203,89,103,204,48,,500,500
103AS06MARKIV_服_私服_表情_トロ顔,103_拼接.webp,784,203,89,103,204,48,,500,500
103AS06MARKIV_服_私服_表情_憤怒,103_拼接.webp,693,204,89,104,204,47,,500,500
103AS06MARKIV_服_私服_表情_笑顔,103_拼接.webp,693,310,89,104,204,47,,500,500
103AS06MARKIV_服_私服_表情_性交,103_拼接.webp,784,97,89,104,204,47,,500,500
103AS06MARKIV_服_私服_表情_自慰,103_拼接.webp,784,97,89,104,204,47,,500,500
103AS06MARKIV_服_私服_表情_通常,103_拼接.webp,0,0,1,1,0,0,,500,500
103AS06MARKIV_服躯_服_私服,103_拼接.webp,1288,1470,269,497,116,3,,500,500
103AS06MARKIV_服_着物_表情_イキ顔,103_拼接.webp,1553,1074,85,83,203,68,,500,500
103AS06MARKIV_服_着物_表情_発情,103_拼接.webp,1553,1159,85,83,203,68,,500,500
103AS06MARKIV_服_着物_表情_トロ顔,103_拼接.webp,1553,1159,85,83,203,68,,500,500
103AS06MARKIV_服_着物_表情_憤怒,103_拼接.webp,1553,1244,85,83,203,68,,500,500
103AS06MARKIV_服_着物_表情_笑顔,103_拼接.webp,1553,1329,84,82,203,68,,500,500
103AS06MARKIV_服_着物_表情_性交,103_拼接.webp,1735,342,85,80,203,68,,500,500
103AS06MARKIV_服_着物_表情_自慰,103_拼接.webp,1735,342,85,80,203,68,,500,500
103AS06MARKIV_服_着物_表情_通常,103_拼接.webp,0,0,1,1,0,0,,500,500
103AS06MARKIV_服躯_服_着物,103_拼接.webp,1297,968,254,500,124,0,,500,500
103AS06MARKIV_服_セーラー服_表情_イキ顔,103_拼接.webp,1400,734,89,89,210,65,,500,500
103AS06MARKIV_服_セーラー服_表情_性交,103_拼接.webp,1553,89,93,83,208,69,,500,500
103AS06MARKIV_服_セーラー服_表情_自慰,103_拼接.webp,1553,89,93,83,208,69,,500,500
103AS06MARKIV_服_セーラー服_表情_愛撫,103_拼接.webp,885,386,102,85,205,71,,500,500
103AS06MARKIV_服_セーラー服_表情_憤怒,103_拼接.webp,1676,2,91,83,209,57,,500,500
103AS06MARKIV_服_セーラー服_表情_発情,103_拼接.webp,1401,640,91,87,208,67,,500,500
103AS06MARKIV_服_セーラー服_表情_トロ顔,103_拼接.webp,1401,640,91,87,208,67,,500,500
103AS06MARKIV_服_セーラー服_表情_笑顔,103_拼接.webp,1400,551,92,87,208,59,,500,500
103AS06MARKIV_服_セーラー服_表情_通常,103_拼接.webp,0,0,1,1,0,0,,500,500
103AS06MARKIV_服躯_服_セーラー服,103_拼接.webp,2,1507,340,489,74,11,,500,500
103AS06MARKIV_服_バニーギャル_表情_イキ顔,103_拼接.webp,1588,800,85,84,212,74,,500,500
103AS06MARKIV_服_バニーギャル_表情_性交,103_拼接.webp,1262,184,91,91,210,67,,500,500
103AS06MARKIV_服_バニーギャル_表情_自慰,103_拼接.webp,1262,184,91,91,210,67,,500,500
103AS06MARKIV_服_バニーギャル_表情_愛撫,103_拼接.webp,1731,260,89,80,210,71,,500,500
103AS06MARKIV_服_バニーギャル_表情_憤怒,103_拼接.webp,1553,988,85,84,212,75,,500,500
103AS06MARKIV_服_バニーギャル_表情_発情,103_拼接.webp,1679,509,85,86,212,73,,500,500
103AS06MARKIV_服_バニーギャル_表情_トロ顔,103_拼接.webp,1679,509,85,86,212,73,,500,500
103AS06MARKIV_服_バニーギャル_表情_笑顔,103_拼接.webp,1553,902,86,84,212,74,,500,500
103AS06MARKIV_服_バニーギャル_表情_通常,103_拼接.webp,0,0,1,1,0,0,,500,500
103AS06MARKIV_服躯_服_バニーギャル,103_拼接.webp,2,1006,335,499,75,1,,500,500
103AS06MARKIV_服_パジャマ_表情_イキ顔,103_拼接.webp,1546,260,94,82,201,71,,500,500
103AS06MARKIV_服_パジャマ_表情_性交,103_拼接.webp,1295,2,96,85,198,68,,500,500
103AS06MARKIV_服_パジャマ_表情_自慰,103_拼接.webp,1295,2,96,85,198,68,,500,500
103AS06MARKIV_服_パジャマ_表情_愛撫,103_拼接.webp,1641,344,92,78,200,62,,500,500
103AS06MARKIV_服_パジャマ_表情_憤怒,103_拼接.webp,1592,427,93,80,200,70,,500,500
103AS06MARKIV_服_パジャマ_表情_睡眠,103_拼接.webp,971,94,98,89,198,66,,500,500
103AS06MARKIV_服_パジャマ_表情_発情,103_拼接.webp,1496,445,94,83,200,71,,500,500
103AS06MARKIV_服_パジャマ_表情_トロ顔,103_拼接.webp,1496,445,94,83,200,71,,500,500
103AS06MARKIV_服_パジャマ_表情_笑顔,103_拼接.webp,1197,2,96,86,198,68,,500,500
103AS06MARKIV_服_パジャマ_表情_通常,103_拼接.webp,0,0,1,1,0,0,,500,500
103AS06MARKIV_服躯_服_パジャマ,103_拼接.webp,994,1470,292,499,101,1,,500,500
103AS06MARKIV_服_下着_表情_イキ顔,103_拼接.webp,980,283,93,93,205,39,,500,500
103AS06MARKIV_服_下着_表情_性交,103_拼接.webp,999,2,98,89,201,46,,500,500
103AS06MARKIV_服_下着_表情_自慰,103_拼接.webp,999,2,98,89,201,46,,500,500
103AS06MARKIV_服_下着_表情_愛撫,103_拼接.webp,693,2,103,93,200,42,,500,500
103AS06MARKIV_服_下着_表情_憤怒,103_拼接.webp,884,290,94,94,205,39,,500,500
103AS06MARKIV_服_下着_表情_発情,103_拼接.webp,875,95,94,95,205,39,,500,500
103AS06MARKIV_服_下着_表情_トロ顔,103_拼接.webp,875,95,94,95,205,39,,500,500
103AS06MARKIV_服_下着_表情_笑顔,103_拼接.webp,875,192,93,96,205,39,,500,500
103AS06MARKIV_服_下着_表情_通常,103_拼接.webp,0,0,1,1,0,0,,500,500
103AS06MARKIV_服躯_服_下着,103_拼接.webp,2,504,337,500,66,0,,500,500
103AS06MARKIV_服_表情_イキ顔,103_拼接.webp,1358,89,96,85,196,63,,500,500
103AS06MARKIV_服_表情_性交,103_拼接.webp,1456,89,95,83,197,65,,500,500
103AS06MARKIV_服_表情_自慰,103_拼接.webp,1456,89,95,83,197,65,,500,500
103AS06MARKIV_服_表情_愛撫,103_拼接.webp,1494,627,95,82,197,66,,500,500
103AS06MARKIV_服_表情_憤怒,103_拼接.webp,1494,541,93,84,198,64,,500,500
103AS06MARKIV_服_表情_発情,103_拼接.webp,1099,2,96,87,197,62,,500,500
103AS06MARKIV_服_表情_トロ顔,103_拼接.webp,1099,2,96,87,197,62,,500,500
103AS06MARKIV_服_表情_笑顔,103_拼接.webp,693,416,90,69,202,71,,500,500
103AS06MARKIV_服_表情_通常,103_拼接.webp,0,0,1,1,0,0,,500,500
103AS06MARKIV_服躯_服,103_拼接.webp,991,968,304,500,83,0,,500,500
103AS06MARKIV_裸_表情_イキ顔,103_拼接.webp,1168,91,93,91,204,65,,500,500
103AS06MARKIV_裸_表情_性交,103_拼接.webp,1263,90,93,89,203,68,,500,500
103AS06MARKIV_裸_表情_自慰,103_拼接.webp,1263,90,93,89,203,68,,500,500
103AS06MARKIV_裸_表情_愛撫,103_拼接.webp,1355,181,94,87,203,69,,500,500
103AS06MARKIV_裸_表情_憤怒,103_拼接.webp,785,402,98,91,204,65,,500,500
103AS06MARKIV_裸_表情_睡眠,103_拼接.webp,798,2,100,91,201,65,,500,500
103AS06MARKIV_裸_表情_発情,103_拼接.webp,989,378,93,92,204,65,,500,500
103AS06MARKIV_裸_表情_トロ顔,103_拼接.webp,989,378,93,92,204,65,,500,500
103AS06MARKIV_裸_表情_笑顔,103_拼接.webp,1546,344,93,81,204,75,,500,500
103AS06MARKIV_裸_表情_通常,103_拼接.webp,0,0,1,1,0,0,,500,500
103AS06MARKIV_服躯_裸,103_拼接.webp,673,495,316,496,92,4,,500,500

別立ち2_服_通常_103,103_拼接.webp,991,968,304,500,83,0,,500,500
別顔2_服_通常_103,103_拼接.webp,1008,968,300,300,0,0,,300,300
103AS06MARKIV_覆盖范围,103_拼接.webp,0,0,333,333,-83,0

;------------------------------------------------------------
;梦美
;------------------------------------------------------------
9AS06MARKIV_服_セーラー服_表情_イキ顔,9_拼接.webp,61,0,96,76,199,68,,500,500
9AS06MARKIV_服_セーラー服_表情_性交,9_拼接.webp,346,0,97,86,199,68,,500,500
9AS06MARKIV_服_セーラー服_表情_愛撫,9_拼接.webp,249,0,97,85,199,68,,500,500
9AS06MARKIV_服_セーラー服_表情_憤怒,9_拼接.webp,443,0,97,86,199,68,,500,500
9AS06MARKIV_服_セーラー服_表情_発情,9_拼接.webp,540,0,96,86,200,68,,500,500
9AS06MARKIV_服_セーラー服_表情_トロ顔,9_拼接.webp,540,0,96,86,200,68,,500,500
9AS06MARKIV_服_セーラー服_表情_笑顔,9_拼接.webp,636,0,99,86,197,68,,500,500
9AS06MARKIV_服_セーラー服_表情_通常,9_拼接.webp,0,0,1,1,0,0,,500,500
9AS06MARKIV_服躯_服_セーラー服,9_拼接.webp,1580,91,278,500,106,0,,500,500
9AS06MARKIV_服_バニーギャル_表情_イキ顔,9_拼接.webp,1209,88,99,97,195,54,,500,500
9AS06MARKIV_服_バニーギャル_表情_性交,9_拼接.webp,719,86,99,96,195,55,,500,500
9AS06MARKIV_服_バニーギャル_表情_愛撫,9_拼接.webp,527,86,100,95,195,56,,500,500
9AS06MARKIV_服_バニーギャル_表情_憤怒,9_拼接.webp,818,86,99,96,195,55,,500,500
9AS06MARKIV_服_バニーギャル_表情_発情,9_拼接.webp,917,87,101,96,193,55,,500,500
9AS06MARKIV_服_バニーギャル_表情_トロ顔,9_拼接.webp,917,87,101,96,193,55,,500,500
9AS06MARKIV_服_バニーギャル_表情_笑顔,9_拼接.webp,1018,87,99,96,195,55,,500,500
9AS06MARKIV_服_バニーギャル_表情_通常,9_拼接.webp,0,0,1,1,0,0,,500,500
9AS06MARKIV_服躯_服_バニーギャル,9_拼接.webp,0,178,212,500,147,0,,500,500
9AS06MARKIV_服_パジャマ_表情_イキ顔,9_拼接.webp,1956,0,87,93,203,58,,500,500
9AS06MARKIV_服_パジャマ_表情_性交,9_拼接.webp,1401,89,87,104,203,53,,500,500
9AS06MARKIV_服_パジャマ_表情_愛撫,9_拼接.webp,0,76,86,93,203,57,,500,500
9AS06MARKIV_服_パジャマ_表情_憤怒,9_拼接.webp,86,84,86,93,203,57,,500,500
9AS06MARKIV_服_パジャマ_表情_睡眠,9_拼接.webp,172,85,86,93,203,58,,500,500
9AS06MARKIV_服_パジャマ_表情_発情,9_拼接.webp,258,85,87,94,202,57,,500,500
9AS06MARKIV_服_パジャマ_表情_トロ顔,9_拼接.webp,258,85,87,94,202,57,,500,500
9AS06MARKIV_服_パジャマ_表情_笑顔,9_拼接.webp,438,86,89,94,201,57,,500,500
9AS06MARKIV_服_パジャマ_表情_通常,9_拼接.webp,0,0,1,1,0,0,,500,500
9AS06MARKIV_服躯_服_パジャマ,9_拼接.webp,486,182,335,500,67,0,,500,500
9AS06MARKIV_服_下着_表情_イキ顔,9_拼接.webp,157,0,92,84,204,60,,500,500
9AS06MARKIV_服_下着_表情_性交,9_拼接.webp,1493,0,92,90,204,59,,500,500
9AS06MARKIV_服_下着_表情_愛撫,9_拼接.webp,1862,0,94,92,203,59,,500,500
9AS06MARKIV_服_下着_表情_憤怒,9_拼接.webp,1677,0,93,91,204,59,,500,500
9AS06MARKIV_服_下着_表情_発情,9_拼接.webp,735,0,93,86,204,59,,500,500
9AS06MARKIV_服_下着_表情_トロ顔,9_拼接.webp,735,0,93,86,204,59,,500,500
9AS06MARKIV_服_下着_表情_笑顔,9_拼接.webp,1399,0,94,89,203,59,,500,500
9AS06MARKIV_服_下着_表情_通常,9_拼接.webp,0,0,1,1,0,0,,500,500
9AS06MARKIV_服躯_服_下着,9_拼接.webp,212,180,274,500,88,0,,500,500
9AS06MARKIV_服_表情_イキ顔,9_拼接.webp,1206,0,95,88,193,63,,500,500
9AS06MARKIV_服_表情_性交,9_拼接.webp,922,0,95,87,193,63,,500,500
9AS06MARKIV_服_表情_愛撫,9_拼接.webp,828,0,94,86,194,64,,500,500
9AS06MARKIV_服_表情_憤怒,9_拼接.webp,1017,0,94,87,194,63,,500,500
9AS06MARKIV_服_表情_発情,9_拼接.webp,1111,0,95,87,193,63,,500,500
9AS06MARKIV_服_表情_トロ顔,9_拼接.webp,1111,0,95,87,193,63,,500,500
9AS06MARKIV_服_表情_笑顔,9_拼接.webp,1301,0,98,88,191,62,,500,500
9AS06MARKIV_服_表情_通常,9_拼接.webp,0,0,1,1,0,0,,500,500
9AS06MARKIV_服躯_服,9_拼接.webp,821,184,388,500,60,0,,500,500
9AS06MARKIV_裸_表情_イキ顔,9_拼接.webp,1770,0,92,91,205,54,,500,500
9AS06MARKIV_裸_表情_性交,9_拼接.webp,1585,0,92,90,205,54,,500,500
9AS06MARKIV_裸_表情_愛撫,9_拼接.webp,627,86,92,95,205,54,,500,500
9AS06MARKIV_裸_表情_憤怒,9_拼接.webp,345,86,93,93,205,54,,500,500
9AS06MARKIV_裸_表情_睡眠,9_拼接.webp,1308,89,93,98,205,54,,500,500
9AS06MARKIV_裸_表情_発情,9_拼接.webp,1117,88,92,96,205,54,,500,500
9AS06MARKIV_裸_表情_トロ顔,9_拼接.webp,1117,88,92,96,205,54,,500,500
9AS06MARKIV_裸_表情_笑顔,9_拼接.webp,1488,90,92,104,205,52,,500,500
9AS06MARKIV_裸_表情_通常,9_拼接.webp,0,0,1,1,0,0,,500,500
9AS06MARKIV_服躯_裸,9_拼接.webp,1209,194,339,500,59,0,,500,500
9AS06MARKIV_裸躯_躯干,9_拼接.webp,0,0,1,1,0,0,,500,500

別立ち3_服_通常_9,9_拼接.webp,821,184,388,500,60,0,,500,500
別顔3_服_通常_9,9_拼接.webp,861,185,300,300,0,0,,300,300
9AS06MARKIV_覆盖范围,9_拼接.webp,0,0,333,333,-83,0

別立ち3_阴毛_54,9_拼接.webp,0,0,61,53,216,439,,500,500

;------------------------------------------------------------
;阿空
;------------------------------------------------------------
37AS06MARKIV_服_セーラー服_表情_イキ顔,37_拼接.webp,424,1774,88,90,206,77,,500,500
37AS06MARKIV_服_セーラー服_表情_性交,37_拼接.webp,334,1866,88,92,206,76,,500,500
37AS06MARKIV_服_セーラー服_表情_愛撫,37_拼接.webp,439,1678,87,90,207,75,,500,500
37AS06MARKIV_服_セーラー服_表情_憤怒,37_拼接.webp,334,1774,90,92,205,77,,500,500
37AS06MARKIV_服_セーラー服_表情_発情,37_拼接.webp,518,1948,88,87,206,77,,500,500
37AS06MARKIV_服_セーラー服_表情_トロ顔,37_拼接.webp,518,1948,88,87,206,77,,500,500
37AS06MARKIV_服_セーラー服_表情_笑顔,37_拼接.webp,429,1957,89,91,206,77,,500,500
37AS06MARKIV_服_セーラー服_表情_通常,37_拼接.webp,0,0,1,1,0,0,,500,500
37AS06MARKIV_服躯_服_セーラー服,37_拼接.webp,0,500,334,500,65,0,,500,500
37AS06MARKIV_服_バニーギャル_表情_イキ顔,37_拼接.webp,531,1578,90,87,203,64,,500,500
37AS06MARKIV_服_バニーギャル_表情_性交,37_拼接.webp,609,1665,89,84,203,64,,500,500
37AS06MARKIV_服_バニーギャル_表情_愛撫,37_拼接.webp,334,1000,146,156,146,0,,500,500
37AS06MARKIV_服_バニーギャル_表情_憤怒,37_拼接.webp,596,1768,91,84,201,64,,500,500
37AS06MARKIV_服_バニーギャル_表情_発情,37_拼接.webp,596,1852,90,84,203,64,,500,500
37AS06MARKIV_服_バニーギャル_表情_トロ顔,37_拼接.webp,596,1852,90,84,203,64,,500,500
37AS06MARKIV_服_バニーギャル_表情_笑顔,37_拼接.webp,334,1292,90,98,203,64,,500,500
37AS06MARKIV_服_バニーギャル_表情_通常,37_拼接.webp,0,0,1,1,0,0,,500,500
37AS06MARKIV_服躯_服_バニーギャル,37_拼接.webp,0,1000,334,500,83,0,,500,500
37AS06MARKIV_服_パジャマ_表情_イキ顔,37_拼接.webp,550,1096,91,94,205,62,,500,500
37AS06MARKIV_服_パジャマ_表情_性交,37_拼接.webp,527,1252,93,94,205,62,,500,500
37AS06MARKIV_服_パジャマ_表情_愛撫,37_拼接.webp,422,1866,91,91,205,62,,500,500
37AS06MARKIV_服_パジャマ_表情_憤怒,37_拼接.webp,641,1093,91,92,205,62,,500,500
37AS06MARKIV_服_パジャマ_表情_睡眠,37_拼接.webp,621,1578,91,82,205,62,,500,500
37AS06MARKIV_服_パジャマ_表情_発情,37_拼接.webp,430,1487,98,95,199,62,,500,500
37AS06MARKIV_服_パジャマ_表情_トロ顔,37_拼接.webp,430,1487,98,95,199,62,,500,500
37AS06MARKIV_服_パジャマ_表情_笑顔,37_拼接.webp,532,1346,92,94,204,63,,500,500
37AS06MARKIV_服_パジャマ_表情_通常,37_拼接.webp,0,0,1,1,0,0,,500,500
37AS06MARKIV_服躯_服_パジャマ,37_拼接.webp,0,1500,334,500,83,0,,500,500
37AS06MARKIV_服_下着_表情_イキ顔,37_拼接.webp,334,1583,95,96,205,57,,500,500
37AS06MARKIV_服_下着_表情_性交,37_拼接.webp,436,1388,96,95,205,57,,500,500
37AS06MARKIV_服_下着_表情_愛撫,37_拼接.webp,528,1483,94,95,205,57,,500,500
37AS06MARKIV_服_下着_表情_憤怒,37_拼接.webp,620,1190,95,92,205,58,,500,500
37AS06MARKIV_服_下着_表情_発情,37_拼接.webp,334,1487,96,96,205,56,,500,500
37AS06MARKIV_服_下着_表情_トロ顔,37_拼接.webp,334,1487,96,96,205,56,,500,500
37AS06MARKIV_服_下着_表情_笑顔,37_拼接.webp,334,1958,95,90,205,57,,500,500
37AS06MARKIV_服_下着_表情_通常,37_拼接.webp,0,0,1,1,0,0,,500,500
37AS06MARKIV_服躯_服_下着,37_拼接.webp,334,500,334,500,80,0,,500,500
37AS06MARKIV_服_表情_イキ顔,37_拼接.webp,334,1156,114,136,210,16,,500,500
37AS06MARKIV_服_表情_性交,37_拼接.webp,606,1936,82,82,211,65,,500,500
37AS06MARKIV_服_表情_愛撫,37_拼接.webp,512,1768,84,90,209,65,,500,500
37AS06MARKIV_服_表情_憤怒,37_拼接.webp,686,1852,82,79,210,65,,500,500
37AS06MARKIV_服_表情_発情,37_拼接.webp,526,1678,83,90,210,64,,500,500
37AS06MARKIV_服_表情_トロ顔,37_拼接.webp,526,1678,83,90,210,64,,500,500
37AS06MARKIV_服_表情_笑顔,37_拼接.webp,513,1858,83,90,210,64,,500,500
37AS06MARKIV_服_表情_通常,37_拼接.webp,0,0,1,1,0,0,,500,500
37AS06MARKIV_服躯_服,37_拼接.webp,335,0,334,500,81,0,,500,500
37AS06MARKIV_裸_表情_イキ顔,37_拼接.webp,334,1679,105,95,196,58,,500,500
37AS06MARKIV_裸_表情_性交,37_拼接.webp,424,1292,103,96,197,57,,500,500
37AS06MARKIV_裸_表情_愛撫,37_拼接.webp,582,1000,104,93,198,58,,500,500
37AS06MARKIV_裸_表情_憤怒,37_拼接.webp,448,1156,102,96,198,58,,500,500
37AS06MARKIV_裸_表情_睡眠,37_拼接.webp,480,1000,102,96,199,57,,500,500
37AS06MARKIV_裸_表情_発情,37_拼接.webp,429,1583,102,95,199,57,,500,500
37AS06MARKIV_裸_表情_トロ顔,37_拼接.webp,429,1583,102,95,199,57,,500,500
37AS06MARKIV_裸_表情_笑顔,37_拼接.webp,334,1390,102,97,198,58,,500,500
37AS06MARKIV_裸_表情_通常,37_拼接.webp,0,0,1,1,0,0,,500,500
37AS06MARKIV_服躯_裸,37_拼接.webp,0,0,335,500,80,0,,500,500
37AS06MARKIV_裸躯_躯干,37_拼接.webp,0,0,1,1,0,0,,500,500

別立ち_服_通常_37,37_拼接.webp,335,0,334,500,81,0,,500,500
別顔_服_通常_37,37_拼接.webp,354,0,300,300,0,0,,300,300
37AS06MARKIV_覆盖范围,37_拼接.webp,0,0,333,333,-83,0

;------------------------------------------------------------
;雏
;------------------------------------------------------------
79AS06MARKIV_服_セーラー服_表情_イキ顔,79_拼接.webp,472,868,96,83,200,77,,500,500
79AS06MARKIV_服_セーラー服_表情_性交,79_拼接.webp,907,662,98,85,200,77,,500,500
79AS06MARKIV_服_セーラー服_表情_自慰,79_拼接.webp,907,662,98,85,200,77,,500,500
79AS06MARKIV_服_セーラー服_表情_憤怒,79_拼接.webp,568,868,97,82,200,78,,500,500
79AS06MARKIV_服_セーラー服_表情_発情,79_拼接.webp,706,663,97,90,200,78,,500,500
79AS06MARKIV_服_セーラー服_表情_トロ顔,79_拼接.webp,706,663,97,90,200,78,,500,500
79AS06MARKIV_服_セーラー服_表情_笑顔,79_拼接.webp,500,500,99,96,199,77,,500,500
79AS06MARKIV_服_セーラー服_表情_通常,79_拼接.webp,0,0,1,1,0,0,,500,500
79AS06MARKIV_服躯_服_セーラー服,79_拼接.webp,1655,0,288,500,108,0,,500,500
79AS06MARKIV_服_バニーギャル_表情_イキ顔,79_拼接.webp,706,753,102,89,200,72,,500,500
79AS06MARKIV_服_バニーギャル_表情_性交,79_拼接.webp,599,500,105,84,198,72,,500,500
79AS06MARKIV_服_バニーギャル_表情_自慰,79_拼接.webp,599,500,105,84,198,72,,500,500
79AS06MARKIV_服_バニーギャル_表情_憤怒,79_拼接.webp,602,675,104,87,198,74,,500,500
79AS06MARKIV_服_バニーギャル_表情_発情,79_拼接.webp,392,595,105,94,198,73,,500,500
79AS06MARKIV_服_バニーギャル_表情_トロ顔,79_拼接.webp,392,595,105,94,198,73,,500,500
79AS06MARKIV_服_バニーギャル_表情_笑顔,79_拼接.webp,497,596,105,91,198,73,,500,500
79AS06MARKIV_服_バニーギャル_表情_通常,79_拼接.webp,0,0,1,1,0,0,,500,500
79AS06MARKIV_服躯_服_バニーギャル,79_拼接.webp,368,0,332,500,89,0,,500,500
79AS06MARKIV_服_下着_表情_イキ顔,79_拼接.webp,702,584,103,79,197,81,,500,500
79AS06MARKIV_服_下着_表情_性交,79_拼接.webp,704,500,103,84,198,80,,500,500
79AS06MARKIV_服_下着_表情_自慰,79_拼接.webp,704,500,103,84,198,80,,500,500
79AS06MARKIV_服_下着_表情_憤怒,79_拼接.webp,907,585,102,77,199,83,,500,500
79AS06MARKIV_服_下着_表情_睡眠,79_拼接.webp,909,500,102,70,199,83,,500,500
79AS06MARKIV_服_下着_表情_発情,79_拼接.webp,807,500,102,85,198,80,,500,500
79AS06MARKIV_服_下着_表情_トロ顔,79_拼接.webp,807,500,102,85,198,80,,500,500
79AS06MARKIV_服_下着_表情_笑顔,79_拼接.webp,1003,747,96,61,200,96,,500,500
79AS06MARKIV_服_下着_表情_通常,79_拼接.webp,0,0,1,1,0,0,,500,500
79AS06MARKIV_服躯_服_下着,79_拼接.webp,1030,0,317,500,89,0,,500,500
79AS06MARKIV_服_表情_イキ顔,79_拼接.webp,805,585,102,80,191,74,,500,500
79AS06MARKIV_服_表情_性交,79_拼接.webp,284,500,108,97,190,71,,500,500
79AS06MARKIV_服_表情_自慰,79_拼接.webp,284,500,108,97,190,71,,500,500
79AS06MARKIV_服_表情_憤怒,79_拼接.webp,803,665,102,79,191,75,,500,500
79AS06MARKIV_服_表情_発情,79_拼接.webp,392,500,108,95,186,74,,500,500
79AS06MARKIV_服_表情_トロ顔,79_拼接.webp,392,500,108,95,186,74,,500,500
79AS06MARKIV_服_表情_笑顔,79_拼接.webp,284,597,108,92,187,74,,500,500
79AS06MARKIV_服_表情_通常,79_拼接.webp,0,0,1,1,0,0,,500,500
79AS06MARKIV_服躯_服,79_拼接.webp,0,0,368,500,66,0,,500,500
79AS06MARKIV_服_着物_表情_イキ顔,79_拼接.webp,908,906,96,74,204,79,,500,500
79AS06MARKIV_服_着物_表情_性交,79_拼接.webp,808,830,100,84,201,73,,500,500
79AS06MARKIV_服_着物_表情_自慰,79_拼接.webp,808,830,100,84,201,73,,500,500
79AS06MARKIV_服_着物_表情_憤怒,79_拼接.webp,905,747,98,80,203,79,,500,500
79AS06MARKIV_服_着物_表情_発情,79_拼接.webp,808,744,97,86,203,80,,500,500
79AS06MARKIV_服_着物_表情_トロ顔,79_拼接.webp,808,744,97,86,203,80,,500,500
79AS06MARKIV_服_着物_表情_笑顔,79_拼接.webp,379,689,99,90,202,77,,500,500
79AS06MARKIV_服_着物_表情_通常,79_拼接.webp,0,0,1,1,0,0,,500,500
79AS06MARKIV_服躯_服_着物,79_拼接.webp,700,0,330,500,75,0,,500,500
79AS06MARKIV_服_私服_表情_イキ顔,79_拼接.webp,478,689,98,90,196,76,,500,500
79AS06MARKIV_服_私服_表情_性交,79_拼接.webp,602,584,100,91,195,75,,500,500
79AS06MARKIV_服_私服_表情_自慰,79_拼接.webp,602,584,100,91,195,75,,500,500
79AS06MARKIV_服_私服_表情_憤怒,79_拼接.webp,471,779,96,89,198,76,,500,500
79AS06MARKIV_服_私服_表情_発情,79_拼接.webp,375,870,97,83,197,77,,500,500
79AS06MARKIV_服_私服_表情_トロ顔,79_拼接.webp,375,870,97,83,197,77,,500,500
79AS06MARKIV_服_私服_表情_笑顔,79_拼接.webp,378,780,93,90,201,77,,500,500
79AS06MARKIV_服_私服_表情_通常,79_拼接.webp,0,0,1,1,0,0,,500,500
79AS06MARKIV_服躯_服_私服,79_拼接.webp,0,500,284,480,106,20,,500,500
79AS06MARKIV_裸_表情_イキ顔,79_拼接.webp,284,780,94,90,205,78,,500,500
79AS06MARKIV_裸_表情_性交,79_拼接.webp,908,827,93,79,205,79,,500,500
79AS06MARKIV_裸_表情_自慰,79_拼接.webp,908,827,93,79,205,79,,500,500
79AS06MARKIV_裸_表情_憤怒,79_拼接.webp,665,842,93,81,206,79,,500,500
79AS06MARKIV_裸_表情_睡眠,79_拼接.webp,284,870,91,86,207,79,,500,500
79AS06MARKIV_裸_表情_発情,79_拼接.webp,567,779,94,89,205,78,,500,500
79AS06MARKIV_裸_表情_トロ顔,79_拼接.webp,567,779,94,89,205,78,,500,500
79AS06MARKIV_裸_表情_笑顔,79_拼接.webp,284,689,95,91,205,75,,500,500
79AS06MARKIV_裸_表情_通常,79_拼接.webp,0,0,1,1,0,0,,500,500
79AS06MARKIV_服躯_裸,79_拼接.webp,1347,0,308,500,88,0,,500,500

別立ち2_服_通常_79,79_拼接.webp,0,0,368,500,66,0,,500,500
別顔2_服_通常_79,79_拼接.webp,34,0,300,300,0,0,,300,300
79AS06MARKIV_覆盖范围,79_拼接.webp,0,0,333,333,-83,0

;------------------------------------------------------------
;青娥
;------------------------------------------------------------
90AS06MARKIV_服_セーラー服_表情_イキ顔,90_拼接.webp,1795,177,103,103,189,59,,500,500
90AS06MARKIV_服_セーラー服_表情_性交,90_拼接.webp,1304,176,95,98,197,63,,500,500
90AS06MARKIV_服_セーラー服_表情_自慰,90_拼接.webp,1304,176,95,98,197,63,,500,500
90AS06MARKIV_服_セーラー服_表情_憤怒,90_拼接.webp,1695,177,100,102,192,60,,500,500
90AS06MARKIV_服_セーラー服_表情_発情,90_拼接.webp,1167,85,94,90,197,70,,500,500
90AS06MARKIV_服_セーラー服_表情_トロ顔,90_拼接.webp,1167,85,94,90,197,70,,500,500
90AS06MARKIV_服_セーラー服_表情_笑顔,90_拼接.webp,893,84,97,89,193,73,,500,500
90AS06MARKIV_服_セーラー服_表情_通常,90_拼接.webp,0,0,1,1,0,0,,500,500
90AS06MARKIV_服躯_服_セーラー服,90_拼接.webp,543,266,289,500,77,0,,500,500
90AS06MARKIV_服_ナース_表情_イキ顔,90_拼接.webp,1157,0,89,85,207,82,,500,500
90AS06MARKIV_服_ナース_表情_性交,90_拼接.webp,1018,174,93,96,204,70,,500,500
90AS06MARKIV_服_ナース_表情_自慰,90_拼接.webp,1018,174,93,96,204,70,,500,500
90AS06MARKIV_服_ナース_表情_憤怒,90_拼接.webp,990,84,90,89,207,78,,500,500
90AS06MARKIV_服_ナース_表情_発情,90_拼接.webp,1591,0,88,86,208,81,,500,500
90AS06MARKIV_服_ナース_表情_トロ顔,90_拼接.webp,1591,0,88,86,208,81,,500,500
90AS06MARKIV_服_ナース_表情_笑顔,90_拼接.webp,91,0,88,78,208,79,,500,500
90AS06MARKIV_服_ナース_表情_通常,90_拼接.webp,0,0,1,1,0,0,,500,500
90AS06MARKIV_服躯_服_ナース,90_拼接.webp,113,259,233,500,121,0,,500,500
90AS06MARKIV_服_チャイナドレス_表情_イキ顔,90_拼接.webp,1679,0,88,86,213,74,,500,500
90AS06MARKIV_服_チャイナドレス_表情_性交,90_拼接.webp,1111,175,90,97,211,63,,500,500
90AS06MARKIV_服_チャイナドレス_表情_自慰,90_拼接.webp,1111,175,90,97,211,63,,500,500
90AS06MARKIV_服_チャイナドレス_表情_憤怒,90_拼接.webp,1767,0,88,86,213,75,,500,500
90AS06MARKIV_服_チャイナドレス_表情_発情,90_拼接.webp,1855,0,88,86,213,75,,500,500
90AS06MARKIV_服_チャイナドレス_表情_トロ顔,90_拼接.webp,1855,0,88,86,213,75,,500,500
90AS06MARKIV_服_チャイナドレス_表情_笑顔,90_拼接.webp,1943,0,88,86,213,75,,500,500
90AS06MARKIV_服_チャイナドレス_表情_通常,90_拼接.webp,0,0,1,1,0,0,,500,500
90AS06MARKIV_服躯_服_チャイナドレス,90_拼接.webp,1303,277,298,500,93,0,,500,500
90AS06MARKIV_服_危险野兽_表情_イキ顔,90_拼接.webp,1898,177,107,105,189,102,,500,500
90AS06MARKIV_服_危险野兽_表情_性交,90_拼接.webp,1201,175,103,97,189,106,,500,500
90AS06MARKIV_服_危险野兽_表情_自慰,90_拼接.webp,1201,175,103,97,189,106,,500,500
90AS06MARKIV_服_危险野兽_表情_憤怒,90_拼接.webp,1500,177,102,100,189,105,,500,500
90AS06MARKIV_服_危险野兽_表情_発情,90_拼接.webp,1399,176,101,98,190,106,,500,500
90AS06MARKIV_服_危险野兽_表情_トロ顔,90_拼接.webp,1399,176,101,98,190,106,,500,500
90AS06MARKIV_服_危险野兽_表情_笑顔,90_拼接.webp,0,256,113,110,185,97,,500,500
90AS06MARKIV_服_危险野兽_表情_通常,90_拼接.webp,0,0,1,1,0,0,,500,500
90AS06MARKIV_服躯_服_危险野兽,90_拼接.webp,0,759,345,500,77,0,,500,500
90AS06MARKIV_服_不给治就捣蛋_表情_イキ顔,90_拼接.webp,708,0,83,84,203,69,,500,500
90AS06MARKIV_服_不给治就捣蛋_表情_性交,90_拼接.webp,1246,0,81,85,203,70,,500,500
90AS06MARKIV_服_不给治就捣蛋_表情_自慰,90_拼接.webp,1246,0,81,85,203,70,,500,500
90AS06MARKIV_服_不给治就捣蛋_表情_憤怒,90_拼接.webp,1327,0,83,85,203,69,,500,500
90AS06MARKIV_服_不给治就捣蛋_表情_発情,90_拼接.webp,0,69,82,86,203,68,,500,500
90AS06MARKIV_服_不给治就捣蛋_表情_トロ顔,90_拼接.webp,0,69,82,86,203,68,,500,500
90AS06MARKIV_服_不给治就捣蛋_表情_笑顔,90_拼接.webp,356,82,84,87,203,68,,500,500
90AS06MARKIV_服_不给治就捣蛋_表情_通常,90_拼接.webp,0,0,1,1,0,0,,500,500
90AS06MARKIV_服躯_服_不给治就捣蛋,90_拼接.webp,345,766,345,500,72,0,,500,500
90AS06MARKIV_服_バニーギャル_表情_イキ顔,90_拼接.webp,0,164,84,92,203,68,,500,500
90AS06MARKIV_服_バニーギャル_表情_性交,90_拼接.webp,624,83,82,89,204,69,,500,500
90AS06MARKIV_服_バニーギャル_表情_自慰,90_拼接.webp,624,83,82,89,204,69,,500,500
90AS06MARKIV_服_バニーギャル_表情_憤怒,90_拼接.webp,84,164,85,92,202,68,,500,500
90AS06MARKIV_服_バニーギャル_表情_発情,90_拼接.webp,1360,85,85,91,202,68,,500,500
90AS06MARKIV_服_バニーギャル_表情_トロ顔,90_拼接.webp,1360,85,85,91,202,68,,500,500
90AS06MARKIV_服_バニーギャル_表情_笑顔,90_拼接.webp,1445,85,85,91,202,68,,500,500
90AS06MARKIV_服_バニーギャル_表情_通常,90_拼接.webp,0,0,1,1,0,0,,500,500
90AS06MARKIV_服躯_服_バニーギャル,90_拼接.webp,690,770,342,500,78,0,,500,500
90AS06MARKIV_服_ベビードール_表情_イキ顔,90_拼接.webp,1410,0,90,85,199,76,,500,500
90AS06MARKIV_服_ベビードール_表情_性交,90_拼接.webp,533,0,89,83,200,76,,500,500
90AS06MARKIV_服_ベビードール_表情_自慰,90_拼接.webp,533,0,89,83,200,76,,500,500
90AS06MARKIV_服_ベビードール_表情_憤怒,90_拼接.webp,791,0,90,84,199,76,,500,500
90AS06MARKIV_服_ベビードール_表情_睡眠,90_拼接.webp,706,84,91,88,198,72,,500,500
90AS06MARKIV_服_ベビードール_表情_発情,90_拼接.webp,1500,0,91,85,199,76,,500,500
90AS06MARKIV_服_ベビードール_表情_トロ顔,90_拼接.webp,1500,0,91,85,199,76,,500,500
90AS06MARKIV_服_ベビードール_表情_笑顔,90_拼接.webp,82,78,90,86,199,75,,500,500
90AS06MARKIV_服_ベビードール_表情_通常,90_拼接.webp,0,0,1,1,0,0,,500,500
90AS06MARKIV_服躯_服_ベビードール,90_拼接.webp,1032,777,353,500,74,0,,500,500
90AS06MARKIV_服_皇家糖霜_表情_イキ顔,90_拼接.webp,454,170,100,93,198,69,,500,500
90AS06MARKIV_服_皇家糖霜_表情_性交,90_拼接.webp,1261,85,99,90,198,69,,500,500
90AS06MARKIV_服_皇家糖霜_表情_自慰,90_拼接.webp,1261,85,99,90,198,69,,500,500
90AS06MARKIV_服_皇家糖霜_表情_憤怒,90_拼接.webp,1530,86,97,91,199,69,,500,500
90AS06MARKIV_服_皇家糖霜_表情_発情,90_拼接.webp,355,169,99,92,198,68,,500,500
90AS06MARKIV_服_皇家糖霜_表情_トロ顔,90_拼接.webp,355,169,99,92,198,68,,500,500
90AS06MARKIV_服_皇家糖霜_表情_笑顔,90_拼接.webp,797,84,96,88,199,70,,500,500
90AS06MARKIV_服_皇家糖霜_表情_通常,90_拼接.webp,0,0,1,1,0,0,,500,500
90AS06MARKIV_服躯_服_皇家糖霜,90_拼接.webp,832,270,239,500,128,0,,500,500
90AS06MARKIV_服_下着_表情_イキ顔,90_拼接.webp,172,79,92,86,196,73,,500,500
90AS06MARKIV_服_下着_表情_性交,90_拼接.webp,0,0,91,69,196,73,,500,500
90AS06MARKIV_服_下着_表情_自慰,90_拼接.webp,0,0,91,69,196,73,,500,500
90AS06MARKIV_服_下着_表情_憤怒,90_拼接.webp,440,82,92,87,197,73,,500,500
90AS06MARKIV_服_下着_表情_発情,90_拼接.webp,264,81,92,86,196,74,,500,500
90AS06MARKIV_服_下着_表情_トロ顔,90_拼接.webp,264,81,92,86,196,74,,500,500
90AS06MARKIV_服_下着_表情_笑顔,90_拼接.webp,532,83,92,87,196,73,,500,500
90AS06MARKIV_服_下着_表情_通常,90_拼接.webp,0,0,1,1,0,0,,500,500
90AS06MARKIV_服躯_服_下着,90_拼接.webp,1071,272,232,500,125,0,,500,500
90AS06MARKIV_服_白大褂_表情_イキ顔,90_拼接.webp,834,173,92,95,210,65,,500,500
90AS06MARKIV_服_白大褂_表情_性交,90_拼接.webp,926,173,92,95,210,64,,500,500
90AS06MARKIV_服_白大褂_表情_自慰,90_拼接.webp,926,173,92,95,210,64,,500,500
90AS06MARKIV_服_白大褂_表情_憤怒,90_拼接.webp,1602,177,93,100,210,62,,500,500
90AS06MARKIV_服_白大褂_表情_発情,90_拼接.webp,646,172,95,94,206,65,,500,500
90AS06MARKIV_服_白大褂_表情_トロ顔,90_拼接.webp,646,172,95,94,206,65,,500,500
90AS06MARKIV_服_白大褂_表情_笑顔,90_拼接.webp,554,172,92,93,210,67,,500,500
90AS06MARKIV_服_白大褂_表情_通常,90_拼接.webp,0,0,1,1,0,0,,500,500
90AS06MARKIV_服躯_服_白大褂,90_拼接2.webp,0,0,298,500,110,0,,500,500
90AS06MARKIV_服_比基尼_表情_イキ顔,90_拼接.webp,834,173,92,95,210,65,,500,500
90AS06MARKIV_服_比基尼_表情_性交,90_拼接.webp,926,173,92,95,210,64,,500,500
90AS06MARKIV_服_比基尼_表情_自慰,90_拼接.webp,926,173,92,95,210,64,,500,500
90AS06MARKIV_服_比基尼_表情_憤怒,90_拼接.webp,1602,177,93,100,210,62,,500,500
90AS06MARKIV_服_比基尼_表情_発情,90_拼接.webp,646,172,95,94,206,65,,500,500
90AS06MARKIV_服_比基尼_表情_トロ顔,90_拼接.webp,646,172,95,94,206,65,,500,500
90AS06MARKIV_服_比基尼_表情_笑顔,90_拼接.webp,554,172,92,93,210,67,,500,500
90AS06MARKIV_服_比基尼_表情_通常,90_拼接.webp,0,0,1,1,0,0,,500,500
90AS06MARKIV_服躯_服_比基尼,90_拼接2.webp,298,0,229,500,135,0,,500,500

90AS06MARKIV_服_私服_表情_イキ顔,90_拼接.webp,834,173,92,95,210,65,,500,500
90AS06MARKIV_服_私服_表情_性交,90_拼接.webp,926,173,92,95,210,64,,500,500
90AS06MARKIV_服_私服_表情_自慰,90_拼接.webp,926,173,92,95,210,64,,500,500
90AS06MARKIV_服_私服_表情_憤怒,90_拼接.webp,1602,177,93,100,210,62,,500,500
90AS06MARKIV_服_私服_表情_発情,90_拼接.webp,646,172,95,94,206,65,,500,500
90AS06MARKIV_服_私服_表情_トロ顔,90_拼接.webp,646,172,95,94,206,65,,500,500
90AS06MARKIV_服_私服_表情_笑顔,90_拼接.webp,554,172,92,93,210,67,,500,500
90AS06MARKIV_服_私服_表情_通常,90_拼接.webp,0,0,1,1,0,0,,500,500
90AS06MARKIV_服躯_服_私服,90_拼接.webp,1601,280,239,500,126,0,,500,500
90AS06MARKIV_服_魔法少女_表情_イキ顔,90_拼接.webp,169,165,92,92,198,69,,500,500
90AS06MARKIV_服_魔法少女_表情_性交,90_拼接.webp,1627,86,93,91,198,69,,500,500
90AS06MARKIV_服_魔法少女_表情_自慰,90_拼接.webp,1627,86,93,91,198,69,,500,500
90AS06MARKIV_服_魔法少女_表情_憤怒,90_拼接.webp,179,0,93,79,197,68,,500,500
90AS06MARKIV_服_魔法少女_表情_発情,90_拼接.webp,1720,86,92,91,199,69,,500,500
90AS06MARKIV_服_魔法少女_表情_トロ顔,90_拼接.webp,1720,86,92,91,199,69,,500,500
90AS06MARKIV_服_魔法少女_表情_笑顔,90_拼接.webp,741,172,93,94,198,69,,500,500
90AS06MARKIV_服_魔法少女_表情_通常,90_拼接.webp,0,0,1,1,0,0,,500,500
90AS06MARKIV_服躯_服_魔法少女,90_拼接.webp,1711,780,332,500,71,0,,500,500
90AS06MARKIV_服_表情_イキ顔,90_拼接.webp,622,0,86,83,206,74,,500,500
90AS06MARKIV_服_表情_性交,90_拼接.webp,359,0,87,82,205,75,,500,500
90AS06MARKIV_服_表情_自慰,90_拼接.webp,359,0,87,82,205,75,,500,500
90AS06MARKIV_服_表情_憤怒,90_拼接.webp,272,0,87,81,205,76,,500,500
90AS06MARKIV_服_表情_発情,90_拼接.webp,446,0,87,82,205,75,,500,500
90AS06MARKIV_服_表情_トロ顔,90_拼接.webp,446,0,87,82,205,75,,500,500
90AS06MARKIV_服_表情_笑顔,90_拼接.webp,1080,85,87,89,205,69,,500,500
90AS06MARKIV_服_表情_通常,90_拼接.webp,0,0,1,1,0,0,,500,500
90AS06MARKIV_服躯_服,90_拼接.webp,1385,780,326,500,78,0,,500,500
90AS06MARKIV_裸_表情_イキ顔,90_拼接.webp,881,0,91,84,203,76,,500,500
90AS06MARKIV_裸_表情_性交,90_拼接.webp,972,0,93,84,202,76,,500,500
90AS06MARKIV_裸_表情_自慰,90_拼接.webp,972,0,93,84,202,76,,500,500
90AS06MARKIV_裸_表情_憤怒,90_拼接.webp,1065,0,92,84,202,76,,500,500
90AS06MARKIV_裸_表情_睡眠,90_拼接.webp,261,167,94,92,202,70,,500,500
90AS06MARKIV_裸_表情_発情,90_拼接.webp,1812,86,93,91,202,69,,500,500
90AS06MARKIV_裸_表情_トロ顔,90_拼接.webp,1812,86,93,91,202,69,,500,500
90AS06MARKIV_裸_表情_笑顔,90_拼接.webp,1905,86,108,91,186,66,,500,500
90AS06MARKIV_裸_表情_通常,90_拼接.webp,0,0,1,1,0,0,,500,500
90AS06MARKIV_服躯_裸,90_拼接.webp,346,263,197,500,146,0,,500,500

別立ち3_服_通常_90,90_拼接.webp,1385,780,326,500,78,0,,500,500
別顔3_服_通常_90,90_拼接.webp,1407,780,300,300,0,0,,300,300
90AS06MARKIV_覆盖范围,90_拼接.webp,0,0,333,333,-83,0

;------------------------------------------------------------
;早鬼
;------------------------------------------------------------
133AS06MARKIV_服_ウェディングドレス_表情_イキ顔,133_拼接.webp,506,163,77,93,210,57,,500,500
133AS06MARKIV_服_ウェディングドレス_表情_微笑,133_拼接.webp,646,0,76,80,210,69,,500,500
133AS06MARKIV_服_ウェディングドレス_表情_性交,133_拼接.webp,1971,0,76,90,209,58,,500,500
133AS06MARKIV_服_ウェディングドレス_表情_自慰,133_拼接.webp,1971,0,76,90,209,58,,500,500
133AS06MARKIV_服_ウェディングドレス_表情_憤怒,133_拼接.webp,807,0,77,81,209,67,,500,500
133AS06MARKIV_服_ウェディングドレス_表情_発情,133_拼接.webp,84,154,75,90,210,58,,500,500
133AS06MARKIV_服_ウェディングドレス_表情_トロ顔,133_拼接.webp,84,154,75,90,210,58,,500,500
133AS06MARKIV_服_ウェディングドレス_表情_笑顔,133_拼接.webp,884,0,77,81,209,68,,500,500
133AS06MARKIV_服_ウェディングドレス_表情_通常,133_拼接.webp,0,0,1,1,0,0,,500,500
133AS06MARKIV_服躯_服_ウェディングドレス,133_拼接.webp,583,166,370,500,65,0,,500,500
133AS06MARKIV_服_ボディストッキング_表情_イキ顔,133_拼接.webp,159,0,84,72,217,69,,500,500
133AS06MARKIV_服_ボディストッキング_表情_微笑,133_拼接.webp,961,0,86,81,216,68,,500,500
133AS06MARKIV_服_ボディストッキング_表情_性交,133_拼接.webp,172,74,86,83,215,67,,500,500
133AS06MARKIV_服_ボディストッキング_表情_自慰,133_拼接.webp,172,74,86,83,215,67,,500,500
133AS06MARKIV_服_ボディストッキング_表情_憤怒,133_拼接.webp,1047,0,84,81,216,68,,500,500
133AS06MARKIV_服_ボディストッキング_表情_発情,133_拼接.webp,1131,0,84,81,216,69,,500,500
133AS06MARKIV_服_ボディストッキング_表情_トロ顔,133_拼接.webp,1131,0,84,81,216,69,,500,500
133AS06MARKIV_服_ボディストッキング_表情_笑顔,133_拼接.webp,1215,0,86,81,215,68,,500,500
133AS06MARKIV_服_ボディストッキング_表情_通常,133_拼接.webp,0,0,1,1,0,0,,500,500
133AS06MARKIV_服躯_服_ボディストッキング,133_拼接.webp,953,168,362,500,69,0,,500,500
133AS06MARKIV_服_トレセン体操服_表情_イキ顔,133_拼接.webp,559,0,87,79,210,72,,500,500
133AS06MARKIV_服_トレセン体操服_表情_微笑,133_拼接.webp,1301,0,83,81,210,70,,500,500
133AS06MARKIV_服_トレセン体操服_表情_性交,133_拼接.webp,1384,0,87,81,210,70,,500,500
133AS06MARKIV_服_トレセン体操服_表情_自慰,133_拼接.webp,1384,0,87,81,210,70,,500,500
133AS06MARKIV_服_トレセン体操服_表情_憤怒,133_拼接.webp,722,0,85,80,209,72,,500,500
133AS06MARKIV_服_トレセン体操服_表情_発情,133_拼接.webp,1717,0,86,82,209,69,,500,500
133AS06MARKIV_服_トレセン体操服_表情_トロ顔,133_拼接.webp,1717,0,86,82,209,69,,500,500
133AS06MARKIV_服_トレセン体操服_表情_笑顔,133_拼接.webp,1803,0,85,82,209,70,,500,500
133AS06MARKIV_服_トレセン体操服_表情_通常,133_拼接.webp,0,0,1,1,0,0,,500,500
133AS06MARKIV_服躯_服_トレセン体操服,133_拼接.webp,1315,170,370,500,65,0,,500,500
133AS06MARKIV_服_トレセン制服_表情_イキ顔,133_拼接.webp,1471,0,84,81,210,68,,500,500
133AS06MARKIV_服_トレセン制服_表情_微笑,133_拼接.webp,1888,0,83,82,210,67,,500,500
133AS06MARKIV_服_トレセン制服_表情_性交,133_拼接.webp,0,70,87,82,209,67,,500,500
133AS06MARKIV_服_トレセン制服_表情_自慰,133_拼接.webp,0,70,87,82,209,67,,500,500
133AS06MARKIV_服_トレセン制服_表情_憤怒,133_拼接.webp,87,72,85,82,209,67,,500,500
133AS06MARKIV_服_トレセン制服_表情_発情,133_拼接.webp,258,75,86,83,208,67,,500,500
133AS06MARKIV_服_トレセン制服_表情_トロ顔,133_拼接.webp,258,75,86,83,208,67,,500,500
133AS06MARKIV_服_トレセン制服_表情_笑顔,133_拼接.webp,1555,0,84,81,209,68,,500,500
133AS06MARKIV_服_トレセン制服_表情_通常,133_拼接.webp,0,0,1,1,0,0,,500,500
133AS06MARKIV_服躯_服_トレセン制服,133_拼接.webp,0,250,370,500,65,0,,500,500
133AS06MARKIV_服_トレセン水着_表情_イキ顔,133_拼接.webp,481,0,78,78,208,71,,500,500
133AS06MARKIV_服_トレセン水着_表情_微笑,133_拼接.webp,79,0,80,70,207,79,,500,500
133AS06MARKIV_服_トレセン水着_表情_性交,133_拼接.webp,324,0,77,75,208,74,,500,500
133AS06MARKIV_服_トレセン水着_表情_自慰,133_拼接.webp,324,0,77,75,208,74,,500,500
133AS06MARKIV_服_トレセン水着_表情_憤怒,133_拼接.webp,0,0,79,69,208,79,,500,500
133AS06MARKIV_服_トレセン水着_表情_発情,133_拼接.webp,243,0,81,74,207,75,,500,500
133AS06MARKIV_服_トレセン水着_表情_トロ顔,133_拼接.webp,243,0,81,74,207,75,,500,500
133AS06MARKIV_服_トレセン水着_表情_笑顔,133_拼接.webp,401,0,80,75,207,74,,500,500
133AS06MARKIV_服_トレセン水着_表情_通常,133_拼接.webp,0,0,1,1,0,0,,500,500
133AS06MARKIV_服躯_服_トレセン水着,133_拼接.webp,370,666,370,500,65,0,,500,500
133AS06MARKIV_服_バニーギャル_表情_イキ顔,133_拼接.webp,333,158,87,92,210,58,,500,500
133AS06MARKIV_服_バニーギャル_表情_微笑,133_拼接.webp,1537,81,85,89,211,60,,500,500
133AS06MARKIV_服_バニーギャル_表情_性交,133_拼接.webp,159,157,88,90,210,60,,500,500
133AS06MARKIV_服_バニーギャル_表情_自慰,133_拼接.webp,159,157,88,90,210,60,,500,500
133AS06MARKIV_服_バニーギャル_表情_憤怒,133_拼接.webp,247,158,86,90,211,59,,500,500
133AS06MARKIV_服_バニーギャル_表情_発情,133_拼接.webp,420,162,86,92,211,58,,500,500
133AS06MARKIV_服_バニーギャル_表情_トロ顔,133_拼接.webp,420,162,86,92,211,58,,500,500
133AS06MARKIV_服_バニーギャル_表情_笑顔,133_拼接.webp,1622,81,88,89,209,61,,500,500
133AS06MARKIV_服_バニーギャル_表情_通常,133_拼接.webp,0,0,1,1,0,0,,500,500
133AS06MARKIV_服躯_服_バニーギャル,133_拼接.webp,1685,179,354,500,73,0,,500,500
133AS06MARKIV_服_下着_表情_イキ顔,133_拼接.webp,1710,82,82,89,202,60,,500,500
133AS06MARKIV_服_下着_表情_微笑,133_拼接.webp,599,80,82,85,202,65,,500,500
133AS06MARKIV_服_下着_表情_性交,133_拼接.webp,344,75,81,83,202,64,,500,500
133AS06MARKIV_服_下着_表情_自慰,133_拼接.webp,344,75,81,83,202,64,,500,500
133AS06MARKIV_服_下着_表情_憤怒,133_拼接.webp,681,80,82,85,202,64,,500,500
133AS06MARKIV_服_下着_表情_睡眠,133_拼接.webp,1639,0,78,81,204,65,,500,500
133AS06MARKIV_服_下着_表情_発情,133_拼接.webp,1196,81,82,87,202,63,,500,500
133AS06MARKIV_服_下着_表情_トロ顔,133_拼接.webp,1196,81,82,87,202,63,,500,500
133AS06MARKIV_服_下着_表情_笑顔,133_拼接.webp,1792,82,83,89,201,62,,500,500
133AS06MARKIV_服_下着_表情_通常,133_拼接.webp,0,0,1,1,0,0,,500,500
133AS06MARKIV_服躯_服_下着,133_拼接.webp,740,668,348,500,76,0,,500,500
133AS06MARKIV_服_表情_イキ顔,133_拼接.webp,1278,81,84,87,208,63,,500,500
133AS06MARKIV_服_表情_微笑,133_拼接.webp,1875,82,85,89,208,62,,500,500
133AS06MARKIV_服_表情_性交,133_拼接.webp,1023,81,84,86,209,64,,500,500
133AS06MARKIV_服_表情_自慰,133_拼接.webp,1023,81,84,86,209,64,,500,500
133AS06MARKIV_服_表情_憤怒,133_拼接.webp,1362,81,86,87,207,63,,500,500
133AS06MARKIV_服_表情_発情,133_拼接.webp,1960,90,87,89,207,61,,500,500
133AS06MARKIV_服_表情_トロ顔,133_拼接.webp,1960,90,87,89,207,61,,500,500
133AS06MARKIV_服_表情_笑顔,133_拼接.webp,0,152,84,89,208,63,,500,500
133AS06MARKIV_服_表情_通常,133_拼接.webp,0,0,1,1,0,0,,500,500
133AS06MARKIV_服躯_服,133_拼接.webp,1088,670,346,500,77,0,,500,500
133AS06MARKIV_裸_表情_イキ顔,133_拼接.webp,425,78,86,84,208,65,,500,500
133AS06MARKIV_裸_表情_微笑,133_拼接.webp,763,81,87,85,208,66,,500,500
133AS06MARKIV_裸_表情_性交,133_拼接.webp,850,81,86,85,208,65,,500,500
133AS06MARKIV_裸_表情_自慰,133_拼接.webp,850,81,86,85,208,65,,500,500
133AS06MARKIV_裸_表情_憤怒,133_拼接.webp,511,79,88,84,207,66,,500,500
133AS06MARKIV_裸_表情_睡眠,133_拼接.webp,936,81,87,85,208,64,,500,500
133AS06MARKIV_裸_表情_発情,133_拼接.webp,1107,81,89,86,207,65,,500,500
133AS06MARKIV_裸_表情_トロ顔,133_拼接.webp,1107,81,89,86,207,65,,500,500
133AS06MARKIV_裸_表情_笑顔,133_拼接.webp,1448,81,89,87,207,65,,500,500
133AS06MARKIV_裸_表情_通常,133_拼接.webp,0,0,1,1,0,0,,500,500
133AS06MARKIV_服躯_裸,133_拼接.webp,1434,679,348,500,76,0,,500,500

別立ち2_服_通常_133,133_拼接.webp,1088,670,346,500,77,0,,500,500
別顔2_服_通常_133,133_拼接.webp,1111,670,300,300,0,0,,300,300
133AS06MARKIV_覆盖范围,133_拼接.webp,0,0,333,333,-83,0

;------------------------------------------------------------
;弁弁
;------------------------------------------------------------
94AS06MARKIV_服_セーラー服_表情_イキ顔,94_拼接.webp,370,591,91,87,201,75,,500,500
94AS06MARKIV_服_セーラー服_表情_微笑,94_拼接.webp,361,1903,93,89,199,73,,500,500
94AS06MARKIV_服_セーラー服_表情_性交,94_拼接.webp,461,588,89,86,202,75,,500,500
94AS06MARKIV_服_セーラー服_表情_自慰,94_拼接.webp,461,588,89,86,202,75,,500,500
94AS06MARKIV_服_セーラー服_表情_憤怒,94_拼接.webp,542,1903,93,88,199,74,,500,500
94AS06MARKIV_服_セーラー服_表情_発情,94_拼接.webp,635,1903,93,88,200,74,,500,500
94AS06MARKIV_服_セーラー服_表情_トロ顔,94_拼接.webp,635,1903,93,88,200,74,,500,500
94AS06MARKIV_服_セーラー服_表情_笑顔,94_拼接.webp,345,1137,90,89,200,73,,500,500
94AS06MARKIV_服_セーラー服_表情_通常,94_拼接.webp,0,0,1,1,0,0,,500,500
94AS06MARKIV_服躯_服_セーラー服,94_拼接.webp,0,0,370,479,65,21,,500,500
94AS06MARKIV_服_バニーギャル_表情_イキ顔,94_拼接.webp,541,767,83,90,205,73,,500,500
94AS06MARKIV_服_バニーギャル_表情_微笑,94_拼接.webp,542,674,83,92,204,71,,500,500
94AS06MARKIV_服_バニーギャル_表情_性交,94_拼接.webp,624,766,83,91,205,73,,500,500
94AS06MARKIV_服_バニーギャル_表情_自慰,94_拼接.webp,624,766,83,91,205,73,,500,500
94AS06MARKIV_服_バニーギャル_表情_憤怒,94_拼接.webp,542,857,83,90,205,73,,500,500
94AS06MARKIV_服_バニーギャル_表情_発情,94_拼接.webp,625,673,83,90,205,72,,500,500
94AS06MARKIV_服_バニーギャル_表情_トロ顔,94_拼接.webp,625,673,83,90,205,72,,500,500
94AS06MARKIV_服_バニーギャル_表情_笑顔,94_拼接.webp,435,1123,83,90,204,72,,500,500
94AS06MARKIV_服_バニーギャル_表情_通常,94_拼接.webp,0,0,1,1,0,0,,500,500
94AS06MARKIV_服躯_服_バニーギャル,94_拼接.webp,370,0,309,500,94,0,,500,500
94AS06MARKIV_服_フォーマルドレス_表情_イキ顔,94_拼接.webp,456,767,85,90,204,74,,500,500
94AS06MARKIV_服_フォーマルドレス_表情_微笑,94_拼接.webp,458,857,84,90,204,73,,500,500
94AS06MARKIV_服_フォーマルドレス_表情_性交,94_拼接.webp,370,678,86,91,202,72,,500,500
94AS06MARKIV_服_フォーマルドレス_表情_自慰,94_拼接.webp,370,678,86,91,202,72,,500,500
94AS06MARKIV_服_フォーマルドレス_表情_憤怒,94_拼接.webp,432,1315,86,93,202,72,,500,500
94AS06MARKIV_服_フォーマルドレス_表情_発情,94_拼接.webp,345,951,87,94,202,71,,500,500
94AS06MARKIV_服_フォーマルドレス_表情_トロ顔,94_拼接.webp,345,951,87,94,202,71,,500,500
94AS06MARKIV_服_フォーマルドレス_表情_笑顔,94_拼接.webp,370,500,87,91,202,72,,500,500
94AS06MARKIV_服_フォーマルドレス_表情_通常,94_拼接.webp,0,0,1,1,0,0,,500,500
94AS06MARKIV_服躯_服_フォーマルドレス,94_拼接.webp,0,479,370,472,65,28,,500,500
94AS06MARKIV_服_下着_表情_イキ顔,94_拼接.webp,345,1315,87,92,212,71,,500,500
94AS06MARKIV_服_下着_表情_微笑,94_拼接.webp,370,769,86,91,213,71,,500,500
94AS06MARKIV_服_下着_表情_性交,94_拼接.webp,181,1911,91,92,209,71,,500,500
94AS06MARKIV_服_下着_表情_自慰,94_拼接.webp,181,1911,91,92,209,71,,500,500
94AS06MARKIV_服_下着_表情_憤怒,94_拼接.webp,91,1911,90,94,210,69,,500,500
94AS06MARKIV_服_下着_表情_発情,94_拼接.webp,272,1911,89,93,209,70,,500,500
94AS06MARKIV_服_下着_表情_トロ顔,94_拼接.webp,272,1911,89,93,209,70,,500,500
94AS06MARKIV_服_下着_表情_睡眠,94_拼接.webp,454,1903,88,93,209,69,,500,500
94AS06MARKIV_服_下着_表情_笑顔,94_拼接.webp,0,1911,91,95,209,69,,500,500
94AS06MARKIV_服_下着_表情_通常,94_拼接.webp,0,0,1,1,0,0,,500,500
94AS06MARKIV_服躯_服_下着,94_拼接.webp,328,1429,328,474,90,26,,500,500
94AS06MARKIV_服_表情_イキ顔,94_拼接.webp,370,860,88,88,210,74,,500,500
94AS06MARKIV_服_表情_微笑,94_拼接.webp,435,1213,89,79,210,83,,500,500
94AS06MARKIV_服_表情_性交,94_拼接.webp,433,1036,89,87,211,75,,500,500
94AS06MARKIV_服_表情_自慰,94_拼接.webp,433,1036,89,87,211,75,,500,500
94AS06MARKIV_服_表情_憤怒,94_拼接.webp,345,1226,90,89,210,74,,500,500
94AS06MARKIV_服_表情_発情,94_拼接.webp,432,948,88,88,211,74,,500,500
94AS06MARKIV_服_表情_トロ顔,94_拼接.webp,432,948,88,88,211,74,,500,500
94AS06MARKIV_服_表情_笑顔,94_拼接.webp,457,500,89,88,210,74,,500,500
94AS06MARKIV_服_表情_通常,94_拼接.webp,0,0,1,1,0,0,,500,500
94AS06MARKIV_服躯_服,94_拼接.webp,0,951,345,478,75,22,,500,500
94AS06MARKIV_裸_表情_イキ顔,94_拼接.webp,520,947,85,87,204,78,,500,500
94AS06MARKIV_裸_表情_微笑,94_拼接.webp,635,585,85,83,204,80,,500,500
94AS06MARKIV_裸_表情_性交,94_拼接.webp,546,500,86,86,203,78,,500,500
94AS06MARKIV_裸_表情_自慰,94_拼接.webp,546,500,86,86,203,78,,500,500
94AS06MARKIV_裸_表情_憤怒,94_拼接.webp,550,586,85,87,204,78,,500,500
94AS06MARKIV_裸_表情_発情,94_拼接.webp,456,678,86,89,202,78,,500,500
94AS06MARKIV_裸_表情_トロ顔,94_拼接.webp,456,678,86,89,202,78,,500,500
94AS06MARKIV_裸_表情_睡眠,94_拼接.webp,632,500,85,85,204,79,,500,500
94AS06MARKIV_裸_表情_笑顔,94_拼接.webp,345,1045,88,92,202,75,,500,500
94AS06MARKIV_裸_表情_通常,94_拼接.webp,0,0,1,1,0,0,,500,500
94AS06MARKIV_服躯_裸,94_拼接.webp,0,1429,328,482,86,18,,500,500

別立ち_服_通常_94,94_拼接.webp,0,951,345,478,75,22,,500,500
別顔_服_通常_94,94_拼接.webp,25,951,300,278,,22,,300,300
94AS06MARKIV_覆盖范围,94_拼接.webp,0,0,333,333,-83,0

;------------------------------------------------------------
;八桥
;------------------------------------------------------------
95AS06MARKIV_服_セーラー服_表情_イキ顔,95_拼接.webp,500,806,95,98,205,55,,500,500
95AS06MARKIV_服_セーラー服_表情_微笑,95_拼接.webp,568,1101,95,94,204,54,,500,500
95AS06MARKIV_服_セーラー服_表情_性交,95_拼接.webp,473,1101,95,97,204,55,,500,500
95AS06MARKIV_服_セーラー服_表情_自慰,95_拼接.webp,473,1101,95,97,204,55,,500,500
95AS06MARKIV_服_セーラー服_表情_憤怒,95_拼接.webp,473,1000,96,101,204,52,,500,500
95AS06MARKIV_服_セーラー服_表情_発情,95_拼接.webp,500,707,97,99,203,55,,500,500
95AS06MARKIV_服_セーラー服_表情_トロ顔,95_拼接.webp,500,707,97,99,203,55,,500,500
95AS06MARKIV_服_セーラー服_表情_笑顔,95_拼接.webp,304,500,103,106,200,48,,500,500
95AS06MARKIV_服_セーラー服_表情_通常,95_拼接.webp,0,0,1,1,0,0,,500,500
95AS06MARKIV_服躯_服_セーラー服,95_拼接.webp,0,1500,245,500,118,0,,500,500
95AS06MARKIV_服_バニーギャル_表情_イキ顔,95_拼接.webp,402,811,98,100,214,52,,500,500
95AS06MARKIV_服_バニーギャル_表情_微笑,95_拼接.webp,403,710,97,101,215,51,,500,500
95AS06MARKIV_服_バニーギャル_表情_性交,95_拼接.webp,304,710,99,101,213,52,,500,500
95AS06MARKIV_服_バニーギャル_表情_自慰,95_拼接.webp,304,710,99,101,213,52,,500,500
95AS06MARKIV_服_バニーギャル_表情_憤怒,95_拼接.webp,304,606,100,104,212,51,,500,500
95AS06MARKIV_服_バニーギャル_表情_発情,95_拼接.webp,404,606,97,101,215,52,,500,500
95AS06MARKIV_服_バニーギャル_表情_トロ顔,95_拼接.webp,404,606,97,101,215,52,,500,500
95AS06MARKIV_服_バニーギャル_表情_笑顔,95_拼接.webp,304,811,98,101,214,52,,500,500
95AS06MARKIV_服_バニーギャル_表情_通常,95_拼接.webp,0,0,1,1,0,0,,500,500
95AS06MARKIV_服躯_服_バニーギャル,95_拼接.webp,0,1000,269,500,130,0,,500,500
95AS06MARKIV_服_フォーマルドレス_表情_イキ顔,95_拼接.webp,494,911,91,89,205,60,,500,500
95AS06MARKIV_服_フォーマルドレス_表情_微笑,95_拼接.webp,304,912,92,88,204,60,,500,500
95AS06MARKIV_服_フォーマルドレス_表情_性交,95_拼接.webp,414,0,92,91,204,59,,500,500
95AS06MARKIV_服_フォーマルドレス_表情_自慰,95_拼接.webp,414,0,92,91,204,59,,500,500
95AS06MARKIV_服_フォーマルドレス_表情_憤怒,95_拼接.webp,402,911,92,89,204,60,,500,500
95AS06MARKIV_服_フォーマルドレス_表情_発情,95_拼接.webp,591,453,91,89,205,61,,500,500
95AS06MARKIV_服_フォーマルドレス_表情_トロ顔,95_拼接.webp,591,453,91,89,205,61,,500,500
95AS06MARKIV_服_フォーマルドレス_表情_笑顔,95_拼接.webp,504,363,90,90,205,59,,500,500
95AS06MARKIV_服_フォーマルドレス_表情_通常,95_拼接.webp,0,0,1,1,0,0,,500,500
95AS06MARKIV_服躯_服_フォーマルドレス,95_拼接.webp,0,500,304,500,97,0,,500,500
95AS06MARKIV_服_下着_表情_イキ顔,95_拼接.webp,407,455,92,90,217,63,,500,500
95AS06MARKIV_服_下着_表情_微笑,95_拼接.webp,319,365,93,90,216,63,,500,500
95AS06MARKIV_服_下着_表情_性交,95_拼接.webp,473,1384,94,92,216,62,,500,500
95AS06MARKIV_服_下着_表情_自慰,95_拼接.webp,473,1384,94,92,216,62,,500,500
95AS06MARKIV_服_下着_表情_憤怒,95_拼接.webp,412,273,92,90,217,62,,500,500
95AS06MARKIV_服_下着_表情_睡眠,95_拼接.webp,585,904,94,94,216,61,,500,500
95AS06MARKIV_服_下着_表情_発情,95_拼接.webp,595,806,94,93,217,61,,500,500
95AS06MARKIV_服_下着_表情_トロ顔,95_拼接.webp,595,806,94,93,217,61,,500,500
95AS06MARKIV_服_下着_表情_笑顔,95_拼接.webp,319,274,93,91,217,62,,500,500
95AS06MARKIV_服_下着_表情_通常,95_拼接.webp,0,0,1,1,0,0,,500,500
95AS06MARKIV_服躯_服_下着,95_拼接.webp,245,1500,229,500,133,0,,500,500
95AS06MARKIV_服_表情_イキ顔,95_拼接.webp,412,363,92,90,205,61,,500,500
95AS06MARKIV_服_表情_微笑,95_拼接.webp,499,453,92,90,206,61,,500,500
95AS06MARKIV_服_表情_性交,95_拼接.webp,319,182,92,92,206,60,,500,500
95AS06MARKIV_服_表情_自慰,95_拼接.webp,319,182,92,92,206,60,,500,500
95AS06MARKIV_服_表情_憤怒,95_拼接.webp,411,182,93,91,206,61,,500,500
95AS06MARKIV_服_表情_発情,95_拼接.webp,569,1000,95,94,205,59,,500,500
95AS06MARKIV_服_表情_トロ顔,95_拼接.webp,569,1000,95,94,205,59,,500,500
95AS06MARKIV_服_表情_笑顔,95_拼接.webp,501,543,92,90,206,61,,500,500
95AS06MARKIV_服_表情_通常,95_拼接.webp,0,0,1,1,0,0,,500,500
95AS06MARKIV_服躯_服,95_拼接.webp,0,0,319,500,83,0,,500,500
95AS06MARKIV_裸_表情_イキ顔,95_拼接.webp,413,91,93,91,203,59,,500,500
95AS06MARKIV_裸_表情_微笑,95_拼接.webp,319,91,94,91,202,59,,500,500
95AS06MARKIV_裸_表情_性交,95_拼接.webp,504,273,91,90,203,60,,500,500
95AS06MARKIV_裸_表情_自慰,95_拼接.webp,504,273,91,90,203,60,,500,500
95AS06MARKIV_裸_表情_憤怒,95_拼接.webp,319,0,95,91,202,59,,500,500
95AS06MARKIV_裸_表情_睡眠,95_拼接.webp,504,182,90,91,203,59,,500,500
95AS06MARKIV_裸_表情_発情,95_拼接.webp,473,1292,95,92,202,58,,500,500
95AS06MARKIV_裸_表情_トロ顔,95_拼接.webp,473,1292,95,92,202,58,,500,500
95AS06MARKIV_裸_表情_笑顔,95_拼接.webp,473,1198,97,94,200,57,,500,500
95AS06MARKIV_裸_表情_通常,95_拼接.webp,0,0,1,1,0,0,,500,500
95AS06MARKIV_服躯_裸,95_拼接.webp,269,1000,204,500,151,0,,500,500

別立ち2_服_通常_95,95_拼接.webp,0,0,319,500,83,0,,500,500
別顔2_服_通常_95,95_拼接.webp,17,0,300,300,0,0,,300,300
95AS06MARKIV_覆盖范围,95_拼接.webp,0,0,333,333,-83,0

;------------------------------------------------------------
;纳兹琳
;------------------------------------------------------------
39AS06MARKIV_服_セーラー服_表情_イキ顔,39_拼接.webp,699,505,84,88,206,81,,500,500
39AS06MARKIV_服_セーラー服_表情_微笑,39_拼接.webp,348,677,90,91,203,79,,500,500
39AS06MARKIV_服_セーラー服_表情_性交,39_拼接.webp,437,858,89,90,203,79,,500,500
39AS06MARKIV_服_セーラー服_表情_自慰,39_拼接.webp,437,858,89,90,203,79,,500,500
39AS06MARKIV_服_セーラー服_表情_憤怒,39_拼接.webp,348,858,89,91,202,79,,500,500
39AS06MARKIV_服_セーラー服_表情_発情,39_拼接.webp,524,761,89,89,202,79,,500,500
39AS06MARKIV_服_セーラー服_表情_トロ顔,39_拼接.webp,524,761,89,89,202,79,,500,500
39AS06MARKIV_服_セーラー服_表情_笑顔,39_拼接.webp,438,584,89,90,203,78,,500,500
39AS06MARKIV_服_セーラー服_表情_通常,39_拼接.webp,0,0,1,1,0,0,,500,500
39AS06MARKIV_服躯_服_セーラー服,39_拼接.webp,0,984,313,498,88,2,,500,500
39AS06MARKIV_服_バニーギャル_表情_イキ顔,39_拼接.webp,375,0,92,86,190,84,,500,500
39AS06MARKIV_服_バニーギャル_表情_微笑,39_拼接.webp,438,674,92,87,190,81,,500,500
39AS06MARKIV_服_バニーギャル_表情_性交,39_拼接.webp,348,768,91,90,191,78,,500,500
39AS06MARKIV_服_バニーギャル_表情_自慰,39_拼接.webp,348,768,91,90,191,78,,500,500
39AS06MARKIV_服_バニーギャル_表情_憤怒,39_拼接.webp,624,421,87,84,195,85,,500,500
39AS06MARKIV_服_バニーギャル_表情_発情,39_拼接.webp,469,262,89,83,193,85,,500,500
39AS06MARKIV_服_バニーギャル_表情_トロ顔,39_拼接.webp,469,262,89,83,193,85,,500,500
39AS06MARKIV_服_バニーギャル_表情_笑顔,39_拼接.webp,618,595,90,85,192,86,,500,500
39AS06MARKIV_服_バニーギャル_表情_通常,39_拼接.webp,0,0,1,1,0,0,,500,500
39AS06MARKIV_服躯_服_バニーギャル,39_拼接.webp,556,939,272,499,70,1,,500,500
39AS06MARKIV_服_下着_表情_イキ顔,39_拼接.webp,700,854,88,84,205,83,,500,500
39AS06MARKIV_服_下着_表情_微笑,39_拼接.webp,653,334,89,78,204,83,,500,500
39AS06MARKIV_服_下着_表情_性交,39_拼接.webp,439,434,89,87,205,82,,500,500
39AS06MARKIV_服_下着_表情_自慰,39_拼接.webp,439,434,89,87,205,82,,500,500
39AS06MARKIV_服_下着_表情_憤怒,39_拼接.webp,467,0,88,84,205,83,,500,500
39AS06MARKIV_服_下着_表情_発情,39_拼接.webp,708,593,88,83,205,82,,500,500
39AS06MARKIV_服_下着_表情_トロ顔,39_拼接.webp,708,593,88,83,205,82,,500,500
39AS06MARKIV_服_下着_表情_睡眠,39_拼接.webp,530,611,88,87,205,82,,500,500
39AS06MARKIV_服_下着_表情_笑顔,39_拼接.webp,348,490,91,94,205,82,,500,500
39AS06MARKIV_服_下着_表情_通常,39_拼接.webp,0,0,1,1,0,0,,500,500
39AS06MARKIV_服躯_服_下着,39_拼接.webp,313,984,243,482,150,18,,500,500
39AS06MARKIV_服_表情_イキ顔,39_拼接.webp,651,250,83,84,203,87,,500,500
39AS06MARKIV_服_表情_微笑,39_拼接.webp,631,76,83,87,201,86,,500,500
39AS06MARKIV_服_表情_性交,39_拼接.webp,698,680,87,86,200,86,,500,500
39AS06MARKIV_服_表情_自慰,39_拼接.webp,698,680,87,86,200,86,,500,500
39AS06MARKIV_服_表情_憤怒,39_拼接.webp,632,163,83,87,201,85,,500,500
39AS06MARKIV_服_表情_発情,39_拼接.webp,549,173,83,88,201,84,,500,500
39AS06MARKIV_服_表情_トロ顔,39_拼接.webp,549,173,83,88,201,84,,500,500
39AS06MARKIV_服_表情_笑顔,39_拼接.webp,548,84,83,89,201,84,,500,500
39AS06MARKIV_服_表情_通常,39_拼接.webp,0,0,1,1,0,0,,500,500
39AS06MARKIV_服躯_服,39_拼接.webp,0,0,375,490,19,10,,500,500
39AS06MARKIV_服_毛衣_表情_イキ顔,39_拼接.webp,700,766,85,88,194,82,,500,500
39AS06MARKIV_服_毛衣_表情_微笑,39_拼接.webp,375,86,89,88,192,80,,500,500
39AS06MARKIV_服_毛衣_表情_性交,39_拼接.webp,375,174,89,88,191,80,,500,500
39AS06MARKIV_服_毛衣_表情_自慰,39_拼接.webp,375,174,89,88,191,80,,500,500
39AS06MARKIV_服_毛衣_表情_憤怒,39_拼接.webp,464,175,85,87,195,82,,500,500
39AS06MARKIV_服_毛衣_表情_発情,39_拼接.webp,613,506,86,89,194,81,,500,500
39AS06MARKIV_服_毛衣_表情_トロ顔,39_拼接.webp,613,506,86,89,194,81,,500,500
39AS06MARKIV_服_毛衣_表情_笑顔,39_拼接.webp,348,584,90,93,191,80,,500,500
39AS06MARKIV_服_毛衣_表情_通常,39_拼接.webp,0,0,1,1,0,0,,500,500
39AS06MARKIV_服躯_服_毛衣,39_拼接.webp,0,1482,288,500,125,0,,500,500
39AS06MARKIV_服_私服_表情_イキ顔,39_拼接.webp,555,0,95,76,200,87,,500,500
39AS06MARKIV_服_私服_表情_微笑,39_拼接.webp,375,262,94,83,200,87,,500,500
39AS06MARKIV_服_私服_表情_性交,39_拼接.webp,558,261,93,77,202,82,,500,500
39AS06MARKIV_服_私服_表情_自慰,39_拼接.webp,558,261,93,77,202,82,,500,500
39AS06MARKIV_服_私服_表情_憤怒,39_拼接.webp,528,426,96,80,198,86,,500,500
39AS06MARKIV_服_私服_表情_発情,39_拼接.webp,462,345,95,81,198,86,,500,500
39AS06MARKIV_服_私服_表情_トロ顔,39_拼接.webp,462,345,95,81,198,86,,500,500
39AS06MARKIV_服_私服_表情_笑顔,39_拼接.webp,557,345,96,76,197,87,,500,500
39AS06MARKIV_服_私服_表情_通常,39_拼接.webp,0,0,1,1,0,0,,500,500
39AS06MARKIV_服躯_服_私服,39_拼接.webp,0,490,348,494,77,6,,500,500
39AS06MARKIV_裸_表情_イキ顔,39_拼接.webp,439,761,85,94,203,78,,500,500
39AS06MARKIV_裸_表情_微笑,39_拼接.webp,527,521,86,90,203,79,,500,500
39AS06MARKIV_裸_表情_性交,39_拼接.webp,613,698,85,90,204,79,,500,500
39AS06MARKIV_裸_表情_自慰,39_拼接.webp,613,698,85,90,204,79,,500,500
39AS06MARKIV_裸_表情_憤怒,39_拼接.webp,375,345,87,89,202,80,,500,500
39AS06MARKIV_裸_表情_発情,39_拼接.webp,526,850,89,89,201,80,,500,500
39AS06MARKIV_裸_表情_トロ顔,39_拼接.webp,526,850,89,89,201,80,,500,500
39AS06MARKIV_裸_表情_睡眠,39_拼接.webp,615,788,85,89,204,80,,500,500
39AS06MARKIV_裸_表情_笑顔,39_拼接.webp,464,86,84,89,205,81,,500,500
39AS06MARKIV_裸_表情_通常,39_拼接.webp,0,0,1,1,0,0,,500,500
39AS06MARKIV_服躯_裸,39_拼接.webp,288,1482,291,494,127,6,,500,500

別立ち3_服_通常_39,39_拼接.webp,0,0,375,490,19,10,,500,500
別顔3_服_通常_39,39_拼接.webp,81,0,300,290,0,10,,300,300
39AS06MARKIV_覆盖范围,39_拼接.webp,0,0,333,333,-83,0

;------------------------------------------------------------
;静叶
;------------------------------------------------------------
77AS06MARKIV_服_セーラー服_表情_イキ顔,77_拼接.webp,341,978,87,88,212,76,,500,500
77AS06MARKIV_服_セーラー服_表情_性交,77_拼接.webp,202,774,91,91,209,74,,500,500
77AS06MARKIV_服_セーラー服_表情_自慰,77_拼接.webp,202,774,91,91,209,74,,500,500
77AS06MARKIV_服_セーラー服_表情_憤怒,77_拼接.webp,172,1046,87,89,212,75,,500,500
77AS06MARKIV_服_セーラー服_表情_発情,77_拼接.webp,566,961,88,88,212,76,,500,500
77AS06MARKIV_服_セーラー服_表情_トロ顔,77_拼接.webp,566,961,88,88,212,76,,500,500
77AS06MARKIV_服_セーラー服_表情_笑顔,77_拼接.webp,202,956,91,90,209,75,,500,500
77AS06MARKIV_服_セーラー服_表情_通常,77_拼接.webp,0,0,1,1,0,0,,500,500
77AS06MARKIV_服躯_服_セーラー服,77_拼接.webp,566,484,210,477,153,23,,500,500
77AS06MARKIV_服_バニーギャル_表情_イキ顔,77_拼接.webp,0,979,87,90,203,78,,500,500
77AS06MARKIV_服_バニーギャル_表情_性交,77_拼接.webp,0,1069,86,89,204,75,,500,500
77AS06MARKIV_服_バニーギャル_表情_自慰,77_拼接.webp,0,1069,86,89,204,75,,500,500
77AS06MARKIV_服_バニーギャル_表情_憤怒,77_拼接.webp,202,491,91,99,204,67,,500,500
77AS06MARKIV_服_バニーギャル_表情_発情,77_拼接.webp,202,865,88,91,203,74,,500,500
77AS06MARKIV_服_バニーギャル_表情_トロ顔,77_拼接.webp,202,865,88,91,203,74,,500,500
77AS06MARKIV_服_バニーギャル_表情_笑顔,77_拼接.webp,87,979,85,90,205,74,,500,500
77AS06MARKIV_服_バニーギャル_表情_通常,77_拼接.webp,0,0,1,1,0,0,,500,500
77AS06MARKIV_服躯_服_バニーギャル,77_拼接.webp,360,0,196,500,148,0,,500,500
77AS06MARKIV_服_下着_表情_イキ顔,77_拼接.webp,252,1135,82,82,212,81,,500,500
77AS06MARKIV_服_下着_表情_性交,77_拼接.webp,170,1135,82,83,211,80,,500,500
77AS06MARKIV_服_下着_表情_自慰,77_拼接.webp,170,1135,82,83,211,80,,500,500
77AS06MARKIV_服_下着_表情_憤怒,77_拼接.webp,82,1158,81,83,212,80,,500,500
77AS06MARKIV_服_下着_表情_睡眠,77_拼接.webp,0,1158,82,83,212,80,,500,500
77AS06MARKIV_服_下着_表情_発情,77_拼接.webp,259,1046,82,89,212,74,,500,500
77AS06MARKIV_服_下着_表情_トロ顔,77_拼接.webp,259,1046,82,89,212,74,,500,500
77AS06MARKIV_服_下着_表情_笑顔,77_拼接.webp,594,1049,80,81,212,82,,500,500
77AS06MARKIV_服_下着_表情_通常,77_拼接.webp,0,0,1,1,0,0,,500,500
77AS06MARKIV_服躯_服_下着,77_拼接.webp,774,0,208,465,135,35,,500,500
77AS06MARKIV_服_表情_イキ顔,77_拼接.webp,861,718,83,77,206,76,,500,500
77AS06MARKIV_服_表情_性交,77_拼接.webp,741,961,86,85,205,72,,500,500
77AS06MARKIV_服_表情_自慰,77_拼接.webp,741,961,86,85,205,72,,500,500
77AS06MARKIV_服_表情_憤怒,77_拼接.webp,428,978,86,88,204,74,,500,500
77AS06MARKIV_服_表情_発情,77_拼接.webp,202,590,91,92,201,72,,500,500
77AS06MARKIV_服_表情_トロ顔,77_拼接.webp,202,590,91,92,201,72,,500,500
77AS06MARKIV_服_表情_笑顔,77_拼接.webp,420,1066,82,81,207,75,,500,500
77AS06MARKIV_服_表情_通常,77_拼接.webp,0,0,1,1,0,0,,500,500
77AS06MARKIV_服躯_服,77_拼接.webp,0,0,360,491,47,9,,500,500
77AS06MARKIV_服_水着_表情_イキ顔,77_拼接.webp,202,682,90,92,198,75,,500,500
77AS06MARKIV_服_水着_表情_性交,77_拼接.webp,776,637,85,85,202,79,,500,500
77AS06MARKIV_服_水着_表情_自慰,77_拼接.webp,776,637,85,85,202,79,,500,500
77AS06MARKIV_服_水着_表情_憤怒,77_拼接.webp,861,550,84,84,203,80,,500,500
77AS06MARKIV_服_水着_表情_発情,77_拼接.webp,861,634,83,84,203,79,,500,500
77AS06MARKIV_服_水着_表情_トロ顔,77_拼接.webp,861,634,83,84,203,79,,500,500
77AS06MARKIV_服_水着_表情_笑顔,77_拼接.webp,861,465,84,85,203,79,,500,500
77AS06MARKIV_服_水着_表情_通常,77_拼接.webp,0,0,1,1,0,0,,500,500
77AS06MARKIV_服躯_服_水着,77_拼接.webp,0,491,202,488,137,12,,500,500
77AS06MARKIV_服_祭り服_表情_イキ顔,77_拼接.webp,827,981,81,85,209,78,,500,500
77AS06MARKIV_服_祭り服_表情_性交,77_拼接.webp,827,896,82,85,210,78,,500,500
77AS06MARKIV_服_祭り服_表情_自慰,77_拼接.webp,827,896,82,85,210,78,,500,500
77AS06MARKIV_服_祭り服_表情_憤怒,77_拼接.webp,341,1066,79,84,211,79,,500,500
77AS06MARKIV_服_祭り服_表情_発情,77_拼接.webp,514,1049,80,85,210,78,,500,500
77AS06MARKIV_服_祭り服_表情_トロ顔,77_拼接.webp,514,1049,80,85,210,78,,500,500
77AS06MARKIV_服_祭り服_表情_笑顔,77_拼接.webp,909,896,81,86,210,77,,500,500
77AS06MARKIV_服_祭り服_表情_通常,77_拼接.webp,0,0,1,1,0,0,,500,500
77AS06MARKIV_服躯_服_祭り服,77_拼接.webp,293,500,273,478,105,22,,500,500
77AS06MARKIV_裸_表情_イキ顔,77_拼接.webp,827,809,83,87,208,77,,500,500
77AS06MARKIV_裸_表情_性交,77_拼接.webp,776,465,85,86,207,76,,500,500
77AS06MARKIV_裸_表情_自慰,77_拼接.webp,776,465,85,86,207,76,,500,500
77AS06MARKIV_裸_表情_憤怒,77_拼接.webp,776,551,85,86,207,77,,500,500
77AS06MARKIV_裸_表情_睡眠,77_拼接.webp,776,722,84,87,208,78,,500,500
77AS06MARKIV_裸_表情_発情,77_拼接.webp,86,1069,84,89,208,76,,500,500
77AS06MARKIV_裸_表情_トロ顔,77_拼接.webp,86,1069,84,89,208,76,,500,500
77AS06MARKIV_裸_表情_笑顔,77_拼接.webp,654,961,87,87,205,77,,500,500
77AS06MARKIV_裸_表情_通常,77_拼接.webp,0,0,1,1,0,0,,500,500
77AS06MARKIV_服躯_裸,77_拼接.webp,556,0,218,484,144,16,,500,500

別立ち2_服_通常_77,77_拼接.webp,0,0,360,491,47,9,,500,500
別顔2_服_通常_77,77_拼接.webp,53,0,300,291,0,9,,300,300
77AS06MARKIV_覆盖范围,77_拼接.webp,0,0,333,333,-83,0

;------------------------------------------------------------
;穰子
;------------------------------------------------------------
78AS06MARKIV_服_セーラー服_表情_イキ顔,78_拼接.webp,728,0,95,82,196,74,,500,500
78AS06MARKIV_服_セーラー服_表情_性交,78_拼接.webp,728,82,94,81,196,75,,500,500
78AS06MARKIV_服_セーラー服_表情_自慰,78_拼接.webp,728,82,94,81,196,75,,500,500
78AS06MARKIV_服_セーラー服_表情_憤怒,78_拼接.webp,822,82,93,83,197,74,,500,500
78AS06MARKIV_服_セーラー服_表情_発情,78_拼接.webp,823,0,93,82,197,75,,500,500
78AS06MARKIV_服_セーラー服_表情_トロ顔,78_拼接.webp,823,0,93,82,197,75,,500,500
78AS06MARKIV_服_セーラー服_表情_笑顔,78_拼接.webp,797,165,93,83,197,73,,500,500
78AS06MARKIV_服_セーラー服_表情_通常,78_拼接.webp,0,0,1,1,0,0,,500,500
78AS06MARKIV_服躯_服_セーラー服,78_拼接.webp,0,990,215,489,146,11,,500,500
78AS06MARKIV_服_バニーギャル_表情_イキ顔,78_拼接.webp,889,419,83,80,208,71,,500,500
78AS06MARKIV_服_バニーギャル_表情_性交,78_拼接.webp,909,499,82,84,209,71,,500,500
78AS06MARKIV_服_バニーギャル_表情_自慰,78_拼接.webp,909,499,82,84,209,71,,500,500
78AS06MARKIV_服_バニーギャル_表情_憤怒,78_拼接.webp,909,583,81,82,209,72,,500,500
78AS06MARKIV_服_バニーギャル_表情_発情,78_拼接.webp,823,675,84,85,209,71,,500,500
78AS06MARKIV_服_バニーギャル_表情_トロ顔,78_拼接.webp,823,675,84,85,209,71,,500,500
78AS06MARKIV_服_バニーギャル_表情_笑顔,78_拼接.webp,633,0,95,89,202,70,,500,500
78AS06MARKIV_服_バニーギャル_表情_通常,78_拼接.webp,0,0,1,1,0,0,,500,500
78AS06MARKIV_服躯_服_バニーギャル,78_拼接.webp,358,0,275,500,94,0,,500,500
78AS06MARKIV_服_下着_表情_イキ顔,78_拼接.webp,633,347,83,92,204,64,,500,500
78AS06MARKIV_服_下着_表情_性交,78_拼接.webp,713,163,84,92,203,63,,500,500
78AS06MARKIV_服_下着_表情_自慰,78_拼接.webp,713,163,84,92,203,63,,500,500
78AS06MARKIV_服_下着_表情_憤怒,78_拼接.webp,1005,0,84,86,203,65,,500,500
78AS06MARKIV_服_下着_表情_発情,78_拼接.webp,823,589,84,86,203,64,,500,500
78AS06MARKIV_服_下着_表情_トロ顔,78_拼接.webp,823,589,84,86,203,64,,500,500
78AS06MARKIV_服_下着_表情_睡眠,78_拼接.webp,980,164,84,91,203,63,,500,500
78AS06MARKIV_服_下着_表情_笑顔,78_拼接.webp,633,255,84,92,203,63,,500,500
78AS06MARKIV_服_下着_表情_通常,78_拼接.webp,0,0,1,1,0,0,,500,500
78AS06MARKIV_服躯_服_下着,78_拼接.webp,340,500,254,484,128,16,,500,500
78AS06MARKIV_服_表情_イキ顔,78_拼接.webp,717,334,90,84,208,72,,500,500
78AS06MARKIV_服_表情_性交,78_拼接.webp,890,165,90,81,209,72,,500,500
78AS06MARKIV_服_表情_自慰,78_拼接.webp,890,165,90,81,209,72,,500,500
78AS06MARKIV_服_表情_憤怒,78_拼接.webp,916,0,89,83,208,72,,500,500
78AS06MARKIV_服_表情_発情,78_拼接.webp,807,334,90,84,208,71,,500,500
78AS06MARKIV_服_表情_トロ顔,78_拼接.webp,807,334,90,84,208,71,,500,500
78AS06MARKIV_服_表情_笑顔,78_拼接.webp,915,83,89,81,208,70,,500,500
78AS06MARKIV_服_表情_通常,78_拼接.webp,0,0,1,1,0,0,,500,500
78AS06MARKIV_服躯_服,78_拼接.webp,0,0,358,493,70,7,,500,500
78AS06MARKIV_服_水着_表情_イキ顔,78_拼接.webp,633,89,80,93,218,63,,500,500
78AS06MARKIV_服_水着_表情_性交,78_拼接.webp,436,984,84,95,215,62,,500,500
78AS06MARKIV_服_水着_表情_自慰,78_拼接.webp,436,984,84,95,215,62,,500,500
78AS06MARKIV_服_水着_表情_憤怒,78_拼接.webp,983,345,81,84,218,73,,500,500
78AS06MARKIV_服_水着_表情_発情,78_拼接.webp,983,255,81,90,218,66,,500,500
78AS06MARKIV_服_水着_表情_トロ顔,78_拼接.webp,983,255,81,90,218,66,,500,500
78AS06MARKIV_服_水着_表情_笑顔,78_拼接.webp,868,844,83,91,217,68,,500,500
78AS06MARKIV_服_水着_表情_通常,78_拼接.webp,0,0,1,1,0,0,,500,500
78AS06MARKIV_服躯_服_水着,78_拼接.webp,215,990,221,486,133,14,,500,500
78AS06MARKIV_服_祭り服_表情_イキ顔,78_拼接.webp,607,991,87,86,222,71,,500,500
78AS06MARKIV_服_祭り服_表情_性交,78_拼接.webp,890,246,87,87,222,70,,500,500
78AS06MARKIV_服_祭り服_表情_自慰,78_拼接.webp,890,246,87,87,222,70,,500,500
78AS06MARKIV_服_祭り服_表情_憤怒,78_拼接.webp,797,248,90,86,221,70,,500,500
78AS06MARKIV_服_祭り服_表情_発情,78_拼接.webp,520,991,87,87,222,70,,500,500
78AS06MARKIV_服_祭り服_表情_トロ顔,78_拼接.webp,520,991,87,87,222,70,,500,500
78AS06MARKIV_服_祭り服_表情_笑顔,78_拼接.webp,897,333,86,86,222,71,,500,500
78AS06MARKIV_服_祭り服_表情_通常,78_拼接.webp,0,0,1,1,0,0,,500,500
78AS06MARKIV_服躯_服_祭り服,78_拼接.webp,0,493,340,497,90,3,,500,500
78AS06MARKIV_裸_表情_イキ顔,78_拼接.webp,823,760,84,84,201,73,,500,500
78AS06MARKIV_裸_表情_性交,78_拼接.webp,694,991,87,83,199,73,,500,500
78AS06MARKIV_裸_表情_自慰,78_拼接.webp,694,991,87,83,199,73,,500,500
78AS06MARKIV_裸_表情_憤怒,78_拼接.webp,781,991,87,83,199,73,,500,500
78AS06MARKIV_裸_表情_発情,78_拼接.webp,803,418,86,82,200,74,,500,500
78AS06MARKIV_裸_表情_トロ顔,78_拼接.webp,803,418,86,82,200,74,,500,500
78AS06MARKIV_裸_表情_睡眠,78_拼接.webp,716,418,87,82,199,73,,500,500
78AS06MARKIV_裸_表情_笑顔,78_拼接.webp,823,500,86,89,199,72,,500,500
78AS06MARKIV_裸_表情_通常,78_拼接.webp,0,0,1,1,0,0,,500,500
78AS06MARKIV_服躯_裸,78_拼接.webp,594,500,229,491,141,9,,500,500

別立ち2_服_通常_78,78_拼接.webp,0,0,358,493,70,7,,500,500
別顔2_服_通常_78,78_拼接.webp,30,0,300,293,0,7,,300,300
78AS06MARKIV_覆盖范围,78_拼接.webp,0,0,333,333,-83,0

;------------------------------------------------------------
;美宵
;------------------------------------------------------------
134AS06MARKIV_服_ウェイトレス_表情_イキ顔,134_拼接.webp,954,660,79,78,215,66,,500,500
134AS06MARKIV_服_ウェイトレス_表情_性交,134_拼接.webp,784,1076,77,77,218,67,,500,500
134AS06MARKIV_服_ウェイトレス_表情_自慰,134_拼接.webp,784,1076,77,77,218,67,,500,500
134AS06MARKIV_服_ウェイトレス_表情_憤怒,134_拼接.webp,495,1408,78,78,217,67,,500,500
134AS06MARKIV_服_ウェイトレス_表情_発情,134_拼接.webp,1099,994,77,68,218,68,,500,500
134AS06MARKIV_服_ウェイトレス_表情_トロ顔,134_拼接.webp,1099,994,77,68,218,68,,500,500
134AS06MARKIV_服_ウェイトレス_表情_笑顔,134_拼接.webp,871,901,78,77,217,67,,500,500
134AS06MARKIV_服_ウェイトレス_表情_通常,134_拼接.webp,0,0,1,1,0,0,,500,500
134AS06MARKIV_服躯_服_ウェイトレス,134_拼接.webp,0,995,237,485,132,15,,500,500
134AS06MARKIV_服_シスター_表情_イキ顔,134_拼接.webp,868,993,82,82,226,56,,500,500
134AS06MARKIV_服_シスター_表情_性交,134_拼接.webp,952,500,82,81,225,55,,500,500
134AS06MARKIV_服_シスター_表情_自慰,134_拼接.webp,952,500,82,81,225,55,,500,500
134AS06MARKIV_服_シスター_表情_憤怒,134_拼接.webp,871,500,81,82,226,56,,500,500
134AS06MARKIV_服_シスター_表情_発情,134_拼接.webp,492,1242,81,83,226,56,,500,500
134AS06MARKIV_服_シスター_表情_トロ顔,134_拼接.webp,492,1242,81,83,226,56,,500,500
134AS06MARKIV_服_シスター_表情_笑顔,134_拼接.webp,871,745,81,81,226,56,,500,500
134AS06MARKIV_服_シスター_表情_通常,134_拼接.webp,0,0,1,1,0,0,,500,500
134AS06MARKIV_服躯_服_シスター,134_拼接.webp,294,500,279,495,131,5,,500,500
134AS06MARKIV_服_セーラー服_表情_イキ顔,134_拼接.webp,937,1207,76,72,219,65,,500,500
134AS06MARKIV_服_セーラー服_表情_性交,134_拼接.webp,1102,1062,75,75,220,64,,500,500
134AS06MARKIV_服_セーラー服_表情_自慰,134_拼接.webp,1102,1062,75,75,220,64,,500,500
134AS06MARKIV_服_セーラー服_表情_憤怒,134_拼接.webp,950,1054,75,76,220,65,,500,500
134AS06MARKIV_服_セーラー服_表情_発情,134_拼接.webp,416,1242,76,65,219,65,,500,500
134AS06MARKIV_服_セーラー服_表情_トロ顔,134_拼接.webp,416,1242,76,65,219,65,,500,500
134AS06MARKIV_服_セーラー服_表情_笑顔,134_拼接.webp,1102,1137,76,74,219,65,,500,500
134AS06MARKIV_服_セーラー服_表情_通常,134_拼接.webp,0,0,1,1,0,0,,500,500
134AS06MARKIV_服躯_服_セーラー服,134_拼接.webp,573,993,211,491,145,9,,500,500
134AS06MARKIV_服_バニーギャル_表情_イキ顔,134_拼接.webp,237,1169,86,82,199,70,,500,500
134AS06MARKIV_服_バニーギャル_表情_性交,134_拼接.webp,237,1389,85,80,200,70,,500,500
134AS06MARKIV_服_バニーギャル_表情_自慰,134_拼接.webp,237,1389,85,80,200,70,,500,500
134AS06MARKIV_服_バニーギャル_表情_憤怒,134_拼接.webp,323,1080,86,81,200,69,,500,500
134AS06MARKIV_服_バニーギャル_表情_発情,134_拼接.webp,322,1308,85,79,200,70,,500,500
134AS06MARKIV_服_バニーギャル_表情_トロ顔,134_拼接.webp,322,1308,85,79,200,70,,500,500
134AS06MARKIV_服_バニーギャル_表情_笑顔,134_拼接.webp,408,995,86,80,199,70,,500,500
134AS06MARKIV_服_バニーギャル_表情_通常,134_拼接.webp,0,0,1,1,0,0,,500,500
134AS06MARKIV_服躯_服_バニーギャル,134_拼接.webp,323,0,284,500,95,0,,500,500
134AS06MARKIV_服_下着_表情_イキ顔,134_拼接.webp,861,1076,77,77,222,60,,500,500
134AS06MARKIV_服_下着_表情_性交,134_拼接.webp,494,995,77,81,223,61,,500,500
134AS06MARKIV_服_下着_表情_自慰,134_拼接.webp,494,995,77,81,223,61,,500,500
134AS06MARKIV_服_下着_表情_憤怒,134_拼接.webp,418,1464,77,84,223,60,,500,500
134AS06MARKIV_服_下着_表情_睡眠,134_拼接.webp,492,1325,75,83,223,60,,500,500
134AS06MARKIV_服_下着_表情_発情,134_拼接.webp,784,1229,76,72,223,61,,500,500
134AS06MARKIV_服_下着_表情_トロ顔,134_拼接.webp,784,1229,76,72,223,61,,500,500
134AS06MARKIV_服_下着_表情_笑顔,134_拼接.webp,340,1466,78,84,222,61,,500,500
134AS06MARKIV_服_下着_表情_通常,134_拼接.webp,0,0,1,1,0,0,,500,500
134AS06MARKIV_服躯_服_下着,134_拼接.webp,1101,497,210,497,145,3,,500,500
134AS06MARKIV_服_表情_イキ顔,134_拼接.webp,871,582,81,82,216,66,,500,500
134AS06MARKIV_服_表情_性交,134_拼接.webp,323,1161,81,84,216,65,,500,500
134AS06MARKIV_服_表情_自慰,134_拼接.webp,323,1161,81,84,216,65,,500,500
134AS06MARKIV_服_表情_憤怒,134_拼接.webp,259,1469,81,84,215,66,,500,500
134AS06MARKIV_服_表情_発情,134_拼接.webp,871,664,83,81,214,66,,500,500
134AS06MARKIV_服_表情_トロ顔,134_拼接.webp,871,664,83,81,214,66,,500,500
134AS06MARKIV_服_表情_笑顔,134_拼接.webp,952,745,83,78,214,66,,500,500
134AS06MARKIV_服_表情_通常,134_拼接.webp,0,0,1,1,0,0,,500,500
134AS06MARKIV_服躯_服,134_拼接.webp,0,500,294,495,103,5,,500,500
134AS06MARKIV_服_水着_表情_イキ顔,134_拼接.webp,407,1308,85,78,209,57,,500,500
134AS06MARKIV_服_水着_表情_性交,134_拼接.webp,409,1159,85,83,209,56,,500,500
134AS06MARKIV_服_水着_表情_自慰,134_拼接.webp,409,1159,85,83,209,56,,500,500
134AS06MARKIV_服_水着_表情_憤怒,134_拼接.webp,323,995,85,85,209,57,,500,500
134AS06MARKIV_服_水着_表情_発情,134_拼接.webp,322,1387,85,79,209,57,,500,500
134AS06MARKIV_服_水着_表情_トロ顔,134_拼接.webp,322,1387,85,79,209,57,,500,500
134AS06MARKIV_服_水着_表情_笑顔,134_拼接.webp,784,993,84,83,210,57,,500,500
134AS06MARKIV_服_水着_表情_通常,134_拼接.webp,0,0,1,1,0,0,,500,500
134AS06MARKIV_服躯_服_水着,134_拼接.webp,607,0,254,500,129,0,,500,500
134AS06MARKIV_服_浴衣_表情_イキ顔,134_拼接.webp,1025,994,74,78,214,67,,500,500
134AS06MARKIV_服_浴衣_表情_性交,134_拼接.webp,950,976,75,78,213,67,,500,500
134AS06MARKIV_服_浴衣_表情_自慰,134_拼接.webp,950,976,75,78,213,67,,500,500
134AS06MARKIV_服_浴衣_表情_憤怒,134_拼接.webp,494,1157,73,80,214,66,,500,500
134AS06MARKIV_服_浴衣_表情_発情,134_拼接.webp,1027,901,74,78,214,67,,500,500
134AS06MARKIV_服_浴衣_表情_トロ顔,134_拼接.webp,1027,901,74,78,214,67,,500,500
134AS06MARKIV_服_浴衣_表情_笑顔,134_拼接.webp,494,1076,74,81,214,66,,500,500
134AS06MARKIV_服_浴衣_表情_通常,134_拼接.webp,0,0,1,1,0,0,,500,500
134AS06MARKIV_服躯_服_浴衣,134_拼接.webp,573,500,298,493,104,7,,500,500
134AS06MARKIV_服_祭り服_表情_イキ顔,134_拼接.webp,952,581,84,79,211,75,,500,500
134AS06MARKIV_服_祭り服_表情_性交,134_拼接.webp,237,1308,85,81,211,74,,500,500
134AS06MARKIV_服_祭り服_表情_自慰,134_拼接.webp,237,1308,85,81,211,74,,500,500
134AS06MARKIV_服_祭り服_表情_憤怒,134_拼接.webp,409,1075,85,84,211,71,,500,500
134AS06MARKIV_服_祭り服_表情_発情,134_拼接.webp,871,826,84,75,212,75,,500,500
134AS06MARKIV_服_祭り服_表情_トロ顔,134_拼接.webp,871,826,84,75,212,75,,500,500
134AS06MARKIV_服_祭り服_表情_笑顔,134_拼接.webp,407,1386,85,78,211,75,,500,500
134AS06MARKIV_服_祭り服_表情_通常,134_拼接.webp,0,0,1,1,0,0,,500,500
134AS06MARKIV_服躯_服_祭り服,134_拼接.webp,0,0,323,500,94,0,,500,500
134AS06MARKIV_裸_裸エプロン_表情_イキ顔,134_拼接.webp,87,1480,86,87,211,45,,500,500
134AS06MARKIV_裸_裸エプロン_表情_性交,134_拼接.webp,173,1480,86,87,211,45,,500,500
134AS06MARKIV_裸_裸エプロン_表情_自慰,134_拼接.webp,173,1480,86,87,211,45,,500,500
134AS06MARKIV_裸_裸エプロン_表情_憤怒,134_拼接.webp,237,995,86,87,211,44,,500,500
134AS06MARKIV_裸_裸エプロン_表情_発情,134_拼接.webp,237,1082,86,87,211,44,,500,500
134AS06MARKIV_裸_裸エプロン_表情_トロ顔,134_拼接.webp,237,1082,86,87,211,44,,500,500
134AS06MARKIV_裸_裸エプロン_表情_笑顔,134_拼接.webp,0,1480,87,90,210,43,,500,500
134AS06MARKIV_裸_裸エプロン_表情_通常,134_拼接.webp,0,0,1,1,0,0,,500,500
134AS06MARKIV_服躯_裸_裸エプロン,134_拼接.webp,861,0,240,500,133,0,,500,500
134AS06MARKIV_裸_表情_イキ顔,134_拼接.webp,784,1153,76,76,211,61,,500,500
134AS06MARKIV_裸_表情_性交,134_拼接.webp,955,823,77,78,211,61,,500,500
134AS06MARKIV_裸_表情_自慰,134_拼接.webp,955,823,77,78,211,61,,500,500
134AS06MARKIV_裸_表情_憤怒,134_拼接.webp,949,901,78,75,210,62,,500,500
134AS06MARKIV_裸_表情_睡眠,134_拼接.webp,1025,1072,77,77,211,61,,500,500
134AS06MARKIV_裸_表情_発情,134_拼接.webp,860,1153,77,75,211,62,,500,500
134AS06MARKIV_裸_表情_トロ顔,134_拼接.webp,860,1153,77,75,211,62,,500,500
134AS06MARKIV_裸_表情_笑顔,134_拼接.webp,938,1130,77,77,210,62,,500,500
134AS06MARKIV_裸_表情_通常,134_拼接.webp,0,0,1,1,0,0,,500,500
134AS06MARKIV_服躯_裸,134_拼接.webp,1101,0,217,497,134,3,,500,500

別立ち2_服_通常_134,134_拼接.webp,0,500,294,495,103,5,,500,500
別顔2_服_通常_134,134_拼接.webp,0,500,294,295,3,5,,300,300
別立ち2_陥没乳首,134_拼接.webp,237,1251,179,57,171,228,,500,500
134AS06MARKIV_覆盖范围,134_拼接.webp,0,0,333,333,-83,0

;------------------------------------------------------------
;小兔姬
;------------------------------------------------------------
145AS06MARKIV_服_セーラー服_表情_イキ顔,145_拼接.webp,805,0,82,73,210,93,,500,500
145AS06MARKIV_服_セーラー服_表情_微笑,145_拼接.webp,887,0,81,72,210,93,,500,500
145AS06MARKIV_服_セーラー服_表情_性交,145_拼接.webp,1042,217,79,72,211,93,,500,500
145AS06MARKIV_服_セーラー服_表情_自慰,145_拼接.webp,1042,217,79,72,211,93,,500,500
145AS06MARKIV_服_セーラー服_表情_憤怒,145_拼接.webp,1038,289,79,72,211,94,,500,500
145AS06MARKIV_服_セーラー服_表情_発情,145_拼接.webp,1048,0,80,72,211,93,,500,500
145AS06MARKIV_服_セーラー服_表情_トロ顔,145_拼接.webp,1048,0,80,72,211,93,,500,500
145AS06MARKIV_服_セーラー服_表情_笑顔,145_拼接.webp,1048,72,80,72,210,93,,500,500
145AS06MARKIV_服_セーラー服_表情_通常,145_拼接.webp,0,0,1,1,0,0,,500,500
145AS06MARKIV_服躯_服_セーラー服,145_拼接.webp,0,475,257,472,158,28,,500,500
145AS06MARKIV_服_バニーギャル_表情_イキ顔,145_拼接.webp,958,245,80,77,215,92,,500,500
145AS06MARKIV_服_バニーギャル_表情_微笑,145_拼接.webp,765,1000,78,77,216,92,,500,500
145AS06MARKIV_服_バニーギャル_表情_性交,145_拼接.webp,775,925,80,75,216,93,,500,500
145AS06MARKIV_服_バニーギャル_表情_自慰,145_拼接.webp,775,925,80,75,216,93,,500,500
145AS06MARKIV_服_バニーギャル_表情_憤怒,145_拼接.webp,613,1047,79,76,216,91,,500,500
145AS06MARKIV_服_バニーギャル_表情_発情,145_拼接.webp,958,322,80,77,215,92,,500,500
145AS06MARKIV_服_バニーギャル_表情_トロ顔,145_拼接.webp,958,322,80,77,215,92,,500,500
145AS06MARKIV_服_バニーギャル_表情_笑顔,145_拼接.webp,230,1048,78,77,216,92,,500,500
145AS06MARKIV_服_バニーギャル_表情_通常,145_拼接.webp,0,0,1,1,0,0,,500,500
145AS06MARKIV_服躯_服_バニーギャル,145_拼接.webp,301,0,259,500,131,0,,500,500
145AS06MARKIV_服_下着_表情_イキ顔,145_拼接.webp,855,925,80,75,209,88,,500,500
145AS06MARKIV_服_下着_表情_微笑,145_拼接.webp,1038,361,79,72,209,89,,500,500
145AS06MARKIV_服_下着_表情_性交,145_拼接.webp,921,1071,78,67,209,89,,500,500
145AS06MARKIV_服_下着_表情_自慰,145_拼接.webp,921,1071,78,67,209,89,,500,500
145AS06MARKIV_服_下着_表情_憤怒,145_拼接.webp,1017,723,78,72,209,90,,500,500
145AS06MARKIV_服_下着_表情_発情,145_拼接.webp,1017,650,78,73,209,89,,500,500
145AS06MARKIV_服_下着_表情_トロ顔,145_拼接.webp,1017,650,78,73,209,89,,500,500
145AS06MARKIV_服_下着_表情_睡眠,145_拼接.webp,1017,576,78,74,209,88,,500,500
145AS06MARKIV_服_下着_表情_笑顔,145_拼接.webp,958,399,79,67,209,89,,500,500
145AS06MARKIV_服_下着_表情_通常,145_拼接.webp,0,0,1,1,0,0,,500,500
145AS06MARKIV_服躯_服_下着,145_拼接.webp,0,947,230,469,110,31,,500,500
145AS06MARKIV_服_婦警_表情_イキ顔,145_拼接.webp,308,1047,77,77,218,86,,500,500
145AS06MARKIV_服_婦警_表情_微笑,145_拼接.webp,1014,1001,77,75,218,87,,500,500
145AS06MARKIV_服_婦警_表情_性交,145_拼接.webp,1014,925,77,76,218,87,,500,500
145AS06MARKIV_服_婦警_表情_自慰,145_拼接.webp,1014,925,77,76,218,87,,500,500
145AS06MARKIV_服_婦警_表情_憤怒,145_拼接.webp,935,925,79,77,217,86,,500,500
145AS06MARKIV_服_婦警_表情_発情,145_拼接.webp,308,969,77,78,218,84,,500,500
145AS06MARKIV_服_婦警_表情_トロ顔,145_拼接.webp,308,969,77,78,218,84,,500,500
145AS06MARKIV_服_婦警_表情_笑顔,145_拼接.webp,230,969,78,79,217,84,,500,500
145AS06MARKIV_服_婦警_表情_通常,145_拼接.webp,0,0,1,1,0,0,,500,500
145AS06MARKIV_服躯_服_婦警,145_拼接.webp,257,500,260,469,124,31,,500,500
145AS06MARKIV_服_表情_イキ顔,145_拼接.webp,884,157,78,84,209,79,,500,500
145AS06MARKIV_服_表情_微笑,145_拼接.webp,805,324,77,79,209,79,,500,500
145AS06MARKIV_服_表情_性交,145_拼接.webp,805,73,79,84,208,79,,500,500
145AS06MARKIV_服_表情_自慰,145_拼接.webp,805,73,79,84,208,79,,500,500
145AS06MARKIV_服_表情_憤怒,145_拼接.webp,805,241,77,83,209,79,,500,500
145AS06MARKIV_服_表情_発情,145_拼接.webp,882,241,76,80,210,80,,500,500
145AS06MARKIV_服_表情_トロ顔,145_拼接.webp,882,241,76,80,210,80,,500,500
145AS06MARKIV_服_表情_笑顔,145_拼接.webp,882,321,76,80,210,77,,500,500
145AS06MARKIV_服_表情_通常,145_拼接.webp,0,0,1,1,0,0,,500,500
145AS06MARKIV_服躯_服,145_拼接.webp,0,0,301,475,108,25,,500,500
145AS06MARKIV_服_水着_表情_イキ顔,145_拼接.webp,1037,433,79,68,206,88,,500,500
145AS06MARKIV_服_水着_表情_微笑,145_拼接.webp,921,1002,78,69,207,89,,500,500
145AS06MARKIV_服_水着_表情_性交,145_拼接.webp,1017,501,78,75,207,89,,500,500
145AS06MARKIV_服_水着_表情_自慰,145_拼接.webp,1017,501,78,75,207,89,,500,500
145AS06MARKIV_服_水着_表情_憤怒,145_拼接.webp,385,1047,76,77,209,89,,500,500
145AS06MARKIV_服_水着_表情_発情,145_拼接.webp,1017,795,78,72,207,90,,500,500
145AS06MARKIV_服_水着_表情_トロ顔,145_拼接.webp,1017,795,78,72,207,90,,500,500
145AS06MARKIV_服_水着_表情_笑顔,145_拼接.webp,843,1000,78,76,207,88,,500,500
145AS06MARKIV_服_水着_表情_通常,145_拼接.webp,0,0,1,1,0,0,,500,500
145AS06MARKIV_服躯_服_水着,145_拼接.webp,560,0,245,466,108,34,,500,500
145AS06MARKIV_服_私服_表情_イキ顔,145_拼接.webp,884,73,79,84,222,80,,500,500
145AS06MARKIV_服_私服_表情_微笑,145_拼接.webp,1043,144,79,73,222,80,,500,500
145AS06MARKIV_服_私服_表情_性交,145_拼接.webp,962,166,80,79,221,80,,500,500
145AS06MARKIV_服_私服_表情_自慰,145_拼接.webp,962,166,80,79,221,80,,500,500
145AS06MARKIV_服_私服_表情_憤怒,145_拼接.webp,805,157,79,84,221,80,,500,500
145AS06MARKIV_服_私服_表情_発情,145_拼接.webp,968,0,80,84,221,79,,500,500
145AS06MARKIV_服_私服_表情_トロ顔,145_拼接.webp,968,0,80,84,221,79,,500,500
145AS06MARKIV_服_私服_表情_笑顔,145_拼接.webp,963,84,80,82,221,80,,500,500
145AS06MARKIV_服_私服_表情_通常,145_拼接.webp,0,0,1,1,0,0,,500,500
145AS06MARKIV_服躯_服_私服,145_拼接.webp,517,500,258,469,130,31,,500,500
145AS06MARKIV_裸_表情_イキ顔,145_拼接.webp,385,969,76,78,202,90,,500,500
145AS06MARKIV_裸_表情_微笑,145_拼接.webp,461,1047,76,77,202,91,,500,500
145AS06MARKIV_裸_表情_性交,145_拼接.webp,461,969,76,78,202,90,,500,500
145AS06MARKIV_裸_表情_自慰,145_拼接.webp,461,969,76,78,202,90,,500,500
145AS06MARKIV_裸_表情_憤怒,145_拼接.webp,537,969,76,78,202,91,,500,500
145AS06MARKIV_裸_表情_発情,145_拼接.webp,613,969,76,78,202,90,,500,500
145AS06MARKIV_裸_表情_トロ顔,145_拼接.webp,613,969,76,78,202,90,,500,500
145AS06MARKIV_裸_表情_睡眠,145_拼接.webp,537,1047,76,77,202,91,,500,500
145AS06MARKIV_裸_表情_笑顔,145_拼接.webp,689,969,76,78,202,91,,500,500
145AS06MARKIV_裸_表情_通常,145_拼接.webp,0,0,1,1,0,0,,500,500
145AS06MARKIV_服躯_裸,145_拼接.webp,775,466,242,459,101,41,,500,500

別立ち2_服_通常_145,145_拼接.webp,0,0,301,475,108,25,,500,500
別顔2_服_通常_145,145_拼接.webp,0,0,292,275,8,25,,300,300
145AS06MARKIV_覆盖范围,145_拼接.webp,0,0,333,333,-83,0

;------------------------------------------------------------
;小兔姬
;------------------------------------------------------------
51AS06MARKIV_服_テニスウェア_表情_イキ顔,51_拼接.webp,458,663,85,80,205,76,,500,500
51AS06MARKIV_服_テニスウェア_表情_微笑,51_拼接.webp,339,1966,86,82,204,74,,500,500
51AS06MARKIV_服_テニスウェア_表情_性交,51_拼接.webp,593,1965,85,81,205,75,,500,500
51AS06MARKIV_服_テニスウェア_表情_自慰,51_拼接.webp,593,1965,85,81,205,75,,500,500
51AS06MARKIV_服_テニスウェア_表情_憤怒,51_拼接.webp,505,0,85,80,205,76,,500,500
51AS06MARKIV_服_テニスウェア_表情_発情,51_拼接.webp,763,1965,86,80,204,76,,500,500
51AS06MARKIV_服_テニスウェア_表情_トロ顔,51_拼接.webp,763,1965,86,80,204,76,,500,500
51AS06MARKIV_服_テニスウェア_表情_笑顔,51_拼接.webp,505,80,85,80,205,75,,500,500
51AS06MARKIV_服_テニスウェア_表情_通常,51_拼接.webp,0,0,1,1,0,0,,500,500
51AS06MARKIV_服躯_服_テニスウェア,51_拼接.webp,0,500,297,496,99,4,,500,500
51AS06MARKIV_服_バニーギャル_表情_イキ顔,51_拼接.webp,459,493,84,84,207,69,,500,500
51AS06MARKIV_服_バニーギャル_表情_微笑,51_拼接.webp,425,1966,84,82,207,69,,500,500
51AS06MARKIV_服_バニーギャル_表情_性交,51_拼接.webp,509,1965,84,82,207,69,,500,500
51AS06MARKIV_服_バニーギャル_表情_自慰,51_拼接.webp,509,1965,84,82,207,69,,500,500
51AS06MARKIV_服_バニーギャル_表情_憤怒,51_拼接.webp,678,1965,85,81,206,70,,500,500
51AS06MARKIV_服_バニーギャル_表情_発情,51_拼接.webp,251,1966,88,82,203,68,,500,500
51AS06MARKIV_服_バニーギャル_表情_トロ顔,51_拼接.webp,251,1966,88,82,203,68,,500,500
51AS06MARKIV_服_バニーギャル_表情_笑顔,51_拼接.webp,590,77,84,76,207,71,,500,500
51AS06MARKIV_服_バニーギャル_表情_通常,51_拼接.webp,0,0,1,1,0,0,,500,500
51AS06MARKIV_服躯_服_バニーギャル,51_拼接.webp,0,0,261,500,102,0,,500,500
51AS06MARKIV_服_下着_表情_イキ顔,51_拼接.webp,667,153,82,76,198,79,,500,500
51AS06MARKIV_服_下着_表情_微笑,51_拼接.webp,750,0,81,76,198,79,,500,500
51AS06MARKIV_服_下着_表情_性交,51_拼接.webp,459,931,81,76,199,79,,500,500
51AS06MARKIV_服_下着_表情_自慰,51_拼接.webp,459,931,81,76,199,79,,500,500
51AS06MARKIV_服_下着_表情_憤怒,51_拼接.webp,468,743,79,76,200,79,,500,500
51AS06MARKIV_服_下着_表情_発情,51_拼接.webp,505,395,82,77,198,79,,500,500
51AS06MARKIV_服_下着_表情_トロ顔,51_拼接.webp,505,395,82,77,198,79,,500,500
51AS06MARKIV_服_下着_表情_睡眠,51_拼接.webp,85,1973,82,75,198,79,,500,500
51AS06MARKIV_服_下着_表情_笑顔,51_拼接.webp,674,76,82,76,198,79,,500,500
51AS06MARKIV_服_下着_表情_通常,51_拼接.webp,0,0,1,1,0,0,,500,500
51AS06MARKIV_服躯_服_下着,51_拼接.webp,241,1482,214,484,129,16,,500,500
51AS06MARKIV_服_作業服_表情_イキ顔,51_拼接.webp,505,318,86,77,210,79,,500,500
51AS06MARKIV_服_作業服_表情_微笑,51_拼接.webp,583,160,84,77,211,80,,500,500
51AS06MARKIV_服_作業服_表情_性交,51_拼接.webp,667,0,83,76,211,79,,500,500
51AS06MARKIV_服_作業服_表情_自慰,51_拼接.webp,667,0,83,76,211,79,,500,500
51AS06MARKIV_服_作業服_表情_憤怒,51_拼接.webp,167,1973,84,74,211,79,,500,500
51AS06MARKIV_服_作業服_表情_発情,51_拼接.webp,624,472,84,73,211,79,,500,500
51AS06MARKIV_服_作業服_表情_トロ顔,51_拼接.webp,624,472,84,73,211,79,,500,500
51AS06MARKIV_服_作業服_表情_笑顔,51_拼接.webp,0,1973,85,75,211,78,,500,500
51AS06MARKIV_服_作業服_表情_通常,51_拼接.webp,0,0,1,1,0,0,,500,500
51AS06MARKIV_服躯_服_作業服,51_拼接.webp,0,996,241,489,127,11,,500,500
51AS06MARKIV_服_制服_表情_イキ顔,51_拼接.webp,665,393,85,72,198,79,,500,500
51AS06MARKIV_服_制服_表情_微笑,51_拼接.webp,468,819,84,74,199,80,,500,500
51AS06MARKIV_服_制服_表情_性交,51_拼接.webp,632,545,84,71,199,80,,500,500
51AS06MARKIV_服_制服_表情_自慰,51_拼接.webp,632,545,84,71,199,80,,500,500
51AS06MARKIV_服_制服_表情_憤怒,51_拼接.webp,620,622,85,71,198,80,,500,500
51AS06MARKIV_服_制服_表情_発情,51_拼接.webp,547,739,83,74,200,80,,500,500
51AS06MARKIV_服_制服_表情_トロ顔,51_拼接.webp,547,739,83,74,200,80,,500,500
51AS06MARKIV_服_制服_表情_笑顔,51_拼接.webp,545,549,87,73,197,79,,500,500
51AS06MARKIV_服_制服_表情_通常,51_拼接.webp,0,0,1,1,0,0,,500,500
51AS06MARKIV_服躯_服_制服,51_拼接.webp,261,0,244,493,124,7,,500,500
51AS06MARKIV_服_私服_表情_イキ顔,51_拼接.webp,383,844,85,87,205,70,,500,500
51AS06MARKIV_服_私服_表情_微笑,51_拼接.webp,297,844,86,87,205,70,,500,500
51AS06MARKIV_服_私服_表情_性交,51_拼接.webp,458,579,87,84,205,68,,500,500
51AS06MARKIV_服_私服_表情_自慰,51_拼接.webp,458,579,87,84,205,68,,500,500
51AS06MARKIV_服_私服_表情_憤怒,51_拼接.webp,386,754,82,85,208,70,,500,500
51AS06MARKIV_服_私服_表情_発情,51_拼接.webp,297,757,89,87,204,69,,500,500
51AS06MARKIV_服_私服_表情_トロ顔,51_拼接.webp,297,757,89,87,204,69,,500,500
51AS06MARKIV_服_私服_表情_笑顔,51_拼接.webp,582,239,86,77,204,70,,500,500
51AS06MARKIV_服_私服_表情_通常,51_拼接.webp,0,0,1,1,0,0,,500,500
51AS06MARKIV_服躯_服_私服,51_拼接.webp,0,1485,241,488,137,12,,500,500
51AS06MARKIV_服_表情_イキ顔,51_拼接.webp,505,160,78,79,202,78,,500,500
51AS06MARKIV_服_表情_微笑,51_拼接.webp,587,395,78,77,202,79,,500,500
51AS06MARKIV_服_表情_性交,51_拼接.webp,591,316,77,77,203,78,,500,500
51AS06MARKIV_服_表情_自慰,51_拼接.webp,591,316,77,77,203,78,,500,500
51AS06MARKIV_服_表情_憤怒,51_拼接.webp,543,663,77,76,203,79,,500,500
51AS06MARKIV_服_表情_発情,51_拼接.webp,590,0,77,77,203,78,,500,500
51AS06MARKIV_服_表情_トロ顔,51_拼接.webp,590,0,77,77,203,78,,500,500
51AS06MARKIV_服_表情_笑顔,51_拼接.webp,505,239,77,79,203,77,,500,500
51AS06MARKIV_服_表情_通常,51_拼接.webp,0,0,1,1,0,0,,500,500
51AS06MARKIV_服躯_服,51_拼接.webp,455,1482,330,483,86,17,,500,500
51AS06MARKIV_裸_表情_イキ顔,51_拼接.webp,297,493,81,88,194,68,,500,500
51AS06MARKIV_裸_表情_微笑,51_拼接.webp,378,493,81,86,194,69,,500,500
51AS06MARKIV_裸_表情_性交,51_拼接.webp,377,668,81,86,194,69,,500,500
51AS06MARKIV_裸_表情_自慰,51_拼接.webp,377,668,81,86,194,69,,500,500
51AS06MARKIV_裸_表情_憤怒,51_拼接.webp,377,581,81,87,194,69,,500,500
51AS06MARKIV_裸_表情_発情,51_拼接.webp,543,472,81,77,194,69,,500,500
51AS06MARKIV_裸_表情_トロ顔,51_拼接.webp,543,472,81,77,194,69,,500,500
51AS06MARKIV_裸_表情_睡眠,51_拼接.webp,297,581,80,88,195,68,,500,500
51AS06MARKIV_裸_表情_笑顔,51_拼接.webp,297,669,80,88,195,68,,500,500
51AS06MARKIV_裸_表情_通常,51_拼接.webp,0,0,1,1,0,0,,500,500
51AS06MARKIV_服躯_裸,51_拼接.webp,241,996,218,486,128,14,,500,500

別立ち3_服_通常_51,51_拼接.webp,455,1482,330,483,86,17,,500,500
別顔3_服_通常_51,51_拼接.webp,469,1482,300,283,0,17,,300,300
51AS06MARKIV_覆盖范围,51_拼接.webp,0,0,333,333,-83,0

;------------------------------------------------------------
;阿吽
;------------------------------------------------------------
120AS06MARKIV_服_セーラー服_表情_イキ顔,120_拼接.webp,845,0,80,69,210,90,,500,500
120AS06MARKIV_服_セーラー服_表情_性交,120_拼接.webp,1158,0,79,70,211,90,,500,500
120AS06MARKIV_服_セーラー服_表情_自慰,120_拼接.webp,1158,0,79,70,211,90,,500,500
120AS06MARKIV_服_セーラー服_表情_憤怒,120_拼接.webp,1463,0,78,71,211,89,,500,500
120AS06MARKIV_服_セーラー服_表情_発情,120_拼接.webp,1237,0,78,70,212,90,,500,500
120AS06MARKIV_服_セーラー服_表情_トロ顔,120_拼接.webp,1237,0,78,70,212,90,,500,500
120AS06MARKIV_服_セーラー服_表情_笑顔,120_拼接.webp,1541,0,79,71,211,89,,500,500
120AS06MARKIV_服_セーラー服_表情_通常,120_拼接.webp,0,0,1,1,0,0,,500,500
120AS06MARKIV_服躯_服_セーラー服,120_拼接.webp,1346,71,343,500,83,0,,500,500
120AS06MARKIV_服_バニーギャル_表情_イキ顔,120_拼接.webp,78,63,79,73,207,87,,500,500
120AS06MARKIV_服_バニーギャル_表情_性交,120_拼接.webp,157,63,77,73,208,87,,500,500
120AS06MARKIV_服_バニーギャル_表情_自慰,120_拼接.webp,157,63,77,73,208,87,,500,500
120AS06MARKIV_服_バニーギャル_表情_憤怒,120_拼接.webp,0,62,78,72,208,88,,500,500
120AS06MARKIV_服_バニーギャル_表情_発情,120_拼接.webp,234,64,78,73,208,89,,500,500
120AS06MARKIV_服_バニーギャル_表情_トロ顔,120_拼接.webp,234,64,78,73,208,89,,500,500
120AS06MARKIV_服_バニーギャル_表情_笑顔,120_拼接.webp,1620,0,77,71,209,88,,500,500
120AS06MARKIV_服_バニーギャル_表情_通常,120_拼接.webp,0,0,1,1,0,0,,500,500
120AS06MARKIV_服躯_服_バニーギャル,120_拼接.webp,1689,71,340,500,67,0,,500,500
120AS06MARKIV_服_下着_表情_イキ顔,120_拼接.webp,1697,0,74,71,209,88,,500,500
120AS06MARKIV_服_下着_表情_性交,120_拼接.webp,1315,0,74,70,209,89,,500,500
120AS06MARKIV_服_下着_表情_自慰,120_拼接.webp,1315,0,74,70,209,89,,500,500
120AS06MARKIV_服_下着_表情_憤怒,120_拼接.webp,1771,0,74,71,209,88,,500,500
120AS06MARKIV_服_下着_表情_発情,120_拼接.webp,1845,0,74,71,209,88,,500,500
120AS06MARKIV_服_下着_表情_トロ顔,120_拼接.webp,1845,0,74,71,209,88,,500,500
120AS06MARKIV_服_下着_表情_睡眠,120_拼接.webp,1919,0,74,71,209,88,,500,500
120AS06MARKIV_服_下着_表情_笑顔,120_拼接.webp,1389,0,74,70,209,89,,500,500
120AS06MARKIV_服_下着_表情_通常,120_拼接.webp,0,0,1,1,0,0,,500,500
120AS06MARKIV_服躯_服_下着,120_拼接.webp,697,69,322,492,74,8,,500,500
120AS06MARKIV_服_巫女_表情_イキ顔,120_拼接.webp,767,0,78,68,206,94,,500,500
120AS06MARKIV_服_巫女_表情_性交,120_拼接.webp,925,0,78,69,206,93,,500,500
120AS06MARKIV_服_巫女_表情_自慰,120_拼接.webp,925,0,78,69,206,93,,500,500
120AS06MARKIV_服_巫女_表情_憤怒,120_拼接.webp,312,65,78,74,206,89,,500,500
120AS06MARKIV_服_巫女_表情_発情,120_拼接.webp,1003,0,77,69,207,93,,500,500
120AS06MARKIV_服_巫女_表情_トロ顔,120_拼接.webp,1003,0,77,69,207,93,,500,500
120AS06MARKIV_服_巫女_表情_笑顔,120_拼接.webp,1080,0,78,69,206,93,,500,500
120AS06MARKIV_服_巫女_表情_通常,120_拼接.webp,0,0,1,1,0,0,,500,500
120AS06MARKIV_服躯_服_巫女,120_拼接.webp,0,139,324,500,84,0,,500,500
120AS06MARKIV_服_表情_イキ顔,120_拼接.webp,556,0,71,66,213,95,,500,500
120AS06MARKIV_服_表情_性交,120_拼接.webp,347,0,70,65,214,95,,500,500
120AS06MARKIV_服_表情_自慰,120_拼接.webp,347,0,70,65,214,95,,500,500
120AS06MARKIV_服_表情_憤怒,120_拼接.webp,627,0,70,66,214,95,,500,500
120AS06MARKIV_服_表情_発情,120_拼接.webp,71,0,70,62,214,99,,500,500
120AS06MARKIV_服_表情_トロ顔,120_拼接.webp,71,0,70,62,214,99,,500,500
120AS06MARKIV_服_表情_笑顔,120_拼接.webp,0,0,71,59,213,102,,500,500
120AS06MARKIV_服_表情_通常,120_拼接.webp,0,0,1,1,0,0,,500,500
120AS06MARKIV_服躯_服,120_拼接.webp,1019,70,327,498,85,2,,500,500
120AS06MARKIV_裸_表情_イキ顔,120_拼接.webp,278,0,69,64,214,92,,500,500
120AS06MARKIV_裸_表情_性交,120_拼接.webp,417,0,69,65,214,92,,500,500
120AS06MARKIV_裸_表情_自慰,120_拼接.webp,417,0,69,65,214,92,,500,500
120AS06MARKIV_裸_表情_憤怒,120_拼接.webp,141,0,69,63,214,92,,500,500
120AS06MARKIV_裸_表情_発情,120_拼接.webp,486,0,70,65,214,92,,500,500
120AS06MARKIV_裸_表情_トロ顔,120_拼接.webp,486,0,70,65,214,92,,500,500
120AS06MARKIV_裸_表情_睡眠,120_拼接.webp,210,0,68,63,214,92,,500,500
120AS06MARKIV_裸_表情_笑顔,120_拼接.webp,697,0,70,66,214,92,,500,500
120AS06MARKIV_裸_表情_通常,120_拼接.webp,0,0,1,1,0,0,,500,500
120AS06MARKIV_服躯_裸,120_拼接.webp,390,66,307,479,93,21,,500,500

別立ち_服_通常_120,120_拼接.webp,1019,70,327,498,85,2,,500,500
別顔_服_通常_120,120_拼接.webp,1034,70,300,298,0,2,,300,300
120AS06MARKIV_覆盖范围,120_拼接.webp,0,0,333,333,-83,0

;------------------------------------------------------------
;村纱
;------------------------------------------------------------
86AS06MARKIV_服_バニーギャル_表情_イキ顔,86_拼接.webp,1258,0,77,73,211,74,,500,500
86AS06MARKIV_服_バニーギャル_表情_微笑,86_拼接.webp,1238,797,74,70,213,75,,500,500
86AS06MARKIV_服_バニーギャル_表情_性交,86_拼接.webp,1180,1063,73,70,212,74,,500,500
86AS06MARKIV_服_バニーギャル_表情_自慰,86_拼接.webp,1180,1063,73,70,212,74,,500,500
86AS06MARKIV_服_バニーギャル_表情_憤怒,86_拼接.webp,1238,725,74,72,212,73,,500,500
86AS06MARKIV_服_バニーギャル_表情_発情,86_拼接.webp,1238,654,75,71,212,74,,500,500
86AS06MARKIV_服_バニーギャル_表情_トロ顔,86_拼接.webp,1238,654,75,71,212,74,,500,500
86AS06MARKIV_服_バニーギャル_表情_笑顔,86_拼接.webp,1237,867,74,69,212,74,,500,500
86AS06MARKIV_服_バニーギャル_表情_通常,86_拼接.webp,0,0,1,1,0,0,,500,500
86AS06MARKIV_服躯_服_バニーギャル,86_拼接.webp,887,0,211,490,138,10,,500,500
86AS06MARKIV_服_フォーマルドレス_表情_イキ顔,86_拼接.webp,1180,992,78,71,209,74,,500,500
86AS06MARKIV_服_フォーマルドレス_表情_微笑,86_拼接.webp,1254,365,78,71,209,74,,500,500
86AS06MARKIV_服_フォーマルドレス_表情_性交,86_拼接.webp,1159,853,78,73,209,72,,500,500
86AS06MARKIV_服_フォーマルドレス_表情_自慰,86_拼接.webp,1159,853,78,73,209,72,,500,500
86AS06MARKIV_服_フォーマルドレス_表情_憤怒,86_拼接.webp,1179,221,79,72,208,74,,500,500
86AS06MARKIV_服_フォーマルドレス_表情_発情,86_拼接.webp,1103,1139,78,73,209,72,,500,500
86AS06MARKIV_服_フォーマルドレス_表情_トロ顔,86_拼接.webp,1103,1139,78,73,209,72,,500,500
86AS06MARKIV_服_フォーマルドレス_表情_笑顔,86_拼接.webp,1160,502,79,71,208,73,,500,500
86AS06MARKIV_服_フォーマルドレス_表情_通常,86_拼接.webp,0,0,1,1,0,0,,500,500
86AS06MARKIV_服躯_服_フォーマルドレス,86_拼接.webp,328,0,306,500,115,0,,500,500
86AS06MARKIV_服_下着_表情_イキ顔,86_拼接.webp,1079,633,80,74,213,70,,500,500
86AS06MARKIV_服_下着_表情_微笑,86_拼接.webp,1160,573,79,70,214,73,,500,500
86AS06MARKIV_服_下着_表情_性交,86_拼接.webp,1159,643,79,70,214,73,,500,500
86AS06MARKIV_服_下着_表情_自慰,86_拼接.webp,1159,643,79,70,214,73,,500,500
86AS06MARKIV_服_下着_表情_憤怒,86_拼接.webp,1159,713,79,70,213,73,,500,500
86AS06MARKIV_服_下着_表情_発情,86_拼接.webp,1159,783,79,70,214,73,,500,500
86AS06MARKIV_服_下着_表情_トロ顔,86_拼接.webp,1159,783,79,70,214,73,,500,500
86AS06MARKIV_服_下着_表情_睡眠,86_拼接.webp,1179,0,79,74,214,71,,500,500
86AS06MARKIV_服_下着_表情_笑顔,86_拼接.webp,1179,293,79,72,214,72,,500,500
86AS06MARKIV_服_下着_表情_通常,86_拼接.webp,0,0,1,1,0,0,,500,500
86AS06MARKIV_服躯_服_下着,86_拼接.webp,200,986,200,495,152,5,,500,500
86AS06MARKIV_服_島風_表情_イキ顔,86_拼接.webp,1079,490,81,74,211,70,,500,500
86AS06MARKIV_服_島風_表情_微笑,86_拼接.webp,1079,781,80,73,212,71,,500,500
86AS06MARKIV_服_島風_表情_性交,86_拼接.webp,1079,854,80,72,211,71,,500,500
86AS06MARKIV_服_島風_表情_自慰,86_拼接.webp,1079,854,80,72,211,71,,500,500
86AS06MARKIV_服_島風_表情_憤怒,86_拼接.webp,1023,1069,80,72,212,71,,500,500
86AS06MARKIV_服_島風_表情_発情,86_拼接.webp,1079,707,80,74,212,70,,500,500
86AS06MARKIV_服_島風_表情_トロ顔,86_拼接.webp,1079,707,80,74,212,70,,500,500
86AS06MARKIV_服_島風_表情_笑顔,86_拼接.webp,1100,993,80,72,212,71,,500,500
86AS06MARKIV_服_島風_表情_通常,86_拼接.webp,0,0,1,1,0,0,,500,500
86AS06MARKIV_服躯_服_島風,86_拼接.webp,634,0,253,496,113,0,,500,500
86AS06MARKIV_服_新体操服_表情_イキ顔,86_拼接.webp,77,1225,82,75,214,72,,500,500
86AS06MARKIV_服_新体操服_表情_微笑,86_拼接.webp,78,1146,82,72,215,74,,500,500
86AS06MARKIV_服_新体操服_表情_性交,86_拼接.webp,79,1067,82,72,214,74,,500,500
86AS06MARKIV_服_新体操服_表情_自慰,86_拼接.webp,79,1067,82,72,214,74,,500,500
86AS06MARKIV_服_新体操服_表情_憤怒,86_拼接.webp,80,988,82,72,214,73,,500,500
86AS06MARKIV_服_新体操服_表情_発情,86_拼接.webp,76,1304,83,73,214,74,,500,500
86AS06MARKIV_服_新体操服_表情_トロ顔,86_拼接.webp,76,1304,83,73,214,74,,500,500
86AS06MARKIV_服_新体操服_表情_笑顔,86_拼接.webp,85,1377,82,71,214,74,,500,500
86AS06MARKIV_服_新体操服_表情_通常,86_拼接.webp,0,0,1,1,0,0,,500,500
86AS06MARKIV_服躯_服_新体操服,86_拼接.webp,639,496,226,490,129,10,,500,500
86AS06MARKIV_服_木曾_表情_イキ顔,86_拼接.webp,0,1383,85,78,205,72,,500,500
86AS06MARKIV_服_木曾_表情_微笑,86_拼接.webp,1098,74,81,73,205,76,,500,500
86AS06MARKIV_服_木曾_表情_性交,86_拼接.webp,200,728,86,87,203,62,,500,500
86AS06MARKIV_服_木曾_表情_自慰,86_拼接.webp,200,728,86,87,203,62,,500,500
86AS06MARKIV_服_木曾_表情_憤怒,86_拼接.webp,1098,0,81,74,205,76,,500,500
86AS06MARKIV_服_木曾_表情_発情,86_拼接.webp,1160,430,80,72,206,77,,500,500
86AS06MARKIV_服_木曾_表情_トロ顔,86_拼接.webp,1160,430,80,72,206,77,,500,500
86AS06MARKIV_服_木曾_表情_笑顔,86_拼接.webp,200,894,86,75,204,74,,500,500
86AS06MARKIV_服_木曾_表情_通常,86_拼接.webp,0,0,1,1,0,0,,500,500
86AS06MARKIV_服躯_服_木曾,86_拼接.webp,313,500,326,486,89,14,,500,500
86AS06MARKIV_服_水着_表情_イキ顔,86_拼接.webp,0,1304,76,79,210,69,,500,500
86AS06MARKIV_服_水着_表情_微笑,86_拼接.webp,78,1539,77,77,209,71,,500,500
86AS06MARKIV_服_水着_表情_性交,86_拼接.webp,0,988,80,79,208,69,,500,500
86AS06MARKIV_服_水着_表情_自慰,86_拼接.webp,0,988,80,79,208,69,,500,500
86AS06MARKIV_服_水着_表情_憤怒,86_拼接.webp,1240,436,76,74,210,69,,500,500
86AS06MARKIV_服_水着_表情_発情,86_拼接.webp,1258,291,77,71,209,71,,500,500
86AS06MARKIV_服_水着_表情_トロ顔,86_拼接.webp,1258,291,77,71,209,71,,500,500
86AS06MARKIV_服_水着_表情_笑顔,86_拼接.webp,311,1481,76,76,210,70,,500,500
86AS06MARKIV_服_水着_表情_通常,86_拼接.webp,0,0,1,1,0,0,,500,500
86AS06MARKIV_服躯_服_水着,86_拼接.webp,400,986,214,493,140,7,,500,500
86AS06MARKIV_服_浴衣_表情_イキ顔,86_拼接.webp,1258,73,77,73,218,72,,500,500
86AS06MARKIV_服_浴衣_表情_微笑,86_拼接.webp,1179,148,79,73,218,71,,500,500
86AS06MARKIV_服_浴衣_表情_性交,86_拼接.webp,1239,510,76,74,218,69,,500,500
86AS06MARKIV_服_浴衣_表情_自慰,86_拼接.webp,1239,510,76,74,218,69,,500,500
86AS06MARKIV_服_浴衣_表情_憤怒,86_拼接.webp,1258,146,77,73,218,71,,500,500
86AS06MARKIV_服_浴衣_表情_発情,86_拼接.webp,1258,219,77,72,218,72,,500,500
86AS06MARKIV_服_浴衣_表情_トロ顔,86_拼接.webp,1258,219,77,72,218,72,,500,500
86AS06MARKIV_服_浴衣_表情_笑顔,86_拼接.webp,1023,994,77,75,218,71,,500,500
86AS06MARKIV_服_浴衣_表情_通常,86_拼接.webp,0,0,1,1,0,0,,500,500
86AS06MARKIV_服躯_服_浴衣,86_拼接.webp,0,0,328,489,88,11,,500,500
86AS06MARKIV_服_私服_表情_イキ顔,86_拼接.webp,479,1479,79,75,210,71,,500,500
86AS06MARKIV_服_私服_表情_微笑,86_拼接.webp,1179,74,79,74,210,69,,500,500
86AS06MARKIV_服_私服_表情_性交,86_拼接.webp,0,1539,78,77,210,70,,500,500
86AS06MARKIV_服_私服_表情_自慰,86_拼接.webp,0,1539,78,77,210,70,,500,500
86AS06MARKIV_服_私服_表情_憤怒,86_拼接.webp,232,1481,79,76,210,70,,500,500
86AS06MARKIV_服_私服_表情_発情,86_拼接.webp,558,1479,79,75,210,69,,500,500
86AS06MARKIV_服_私服_表情_トロ顔,86_拼接.webp,558,1479,79,75,210,69,,500,500
86AS06MARKIV_服_私服_表情_笑顔,86_拼接.webp,716,1478,78,75,210,70,,500,500
86AS06MARKIV_服_私服_表情_通常,86_拼接.webp,0,0,1,1,0,0,,500,500
86AS06MARKIV_服躯_服_私服,86_拼接.webp,614,986,206,492,143,8,,500,500
86AS06MARKIV_服_裸半身_表情_イキ顔,86_拼接.webp,1079,926,80,67,212,72,,500,500
86AS06MARKIV_服_裸半身_表情_微笑,86_拼接.webp,1098,290,81,70,211,72,,500,500
86AS06MARKIV_服_裸半身_表情_性交,86_拼接.webp,1098,147,81,72,211,71,,500,500
86AS06MARKIV_服_裸半身_表情_自慰,86_拼接.webp,1098,147,81,72,211,71,,500,500
86AS06MARKIV_服_裸半身_表情_憤怒,86_拼接.webp,1079,564,81,69,211,73,,500,500
86AS06MARKIV_服_裸半身_表情_発情,86_拼接.webp,1098,360,81,70,211,72,,500,500
86AS06MARKIV_服_裸半身_表情_トロ顔,86_拼接.webp,1098,360,81,70,211,72,,500,500
86AS06MARKIV_服_裸半身_表情_笑顔,86_拼接.webp,1098,219,81,71,211,73,,500,500
86AS06MARKIV_服_裸半身_表情_通常,86_拼接.webp,0,0,1,1,0,0,,500,500
86AS06MARKIV_服躯_服_裸半身,86_拼接.webp,865,496,214,498,147,2,,500,500
86AS06MARKIV_服_表情_イキ顔,86_拼接.webp,1103,1065,77,74,210,72,,500,500
86AS06MARKIV_服_表情_微笑,86_拼接.webp,1179,365,75,65,211,78,,500,500
86AS06MARKIV_服_表情_性交,86_拼接.webp,200,815,86,79,205,67,,500,500
86AS06MARKIV_服_表情_自慰,86_拼接.webp,200,815,86,79,205,67,,500,500
86AS06MARKIV_服_表情_憤怒,86_拼接.webp,1239,584,76,70,211,79,,500,500
86AS06MARKIV_服_表情_発情,86_拼接.webp,637,1478,79,75,209,72,,500,500
86AS06MARKIV_服_表情_トロ顔,86_拼接.webp,637,1478,79,75,209,72,,500,500
86AS06MARKIV_服_表情_笑顔,86_拼接.webp,1159,926,76,66,211,77,,500,500
86AS06MARKIV_服_表情_通常,86_拼接.webp,0,0,1,1,0,0,,500,500
86AS06MARKIV_服躯_服,86_拼接.webp,0,489,200,499,142,1,,500,500
86AS06MARKIV_裸_表情_イキ顔,86_拼接.webp,400,1479,79,77,216,67,,500,500
86AS06MARKIV_裸_表情_微笑,86_拼接.webp,155,1481,77,77,217,67,,500,500
86AS06MARKIV_裸_表情_性交,86_拼接.webp,0,1067,79,79,216,66,,500,500
86AS06MARKIV_裸_表情_自慰,86_拼接.webp,0,1067,79,79,216,66,,500,500
86AS06MARKIV_裸_表情_憤怒,86_拼接.webp,0,1146,78,79,216,66,,500,500
86AS06MARKIV_裸_表情_発情,86_拼接.webp,0,1225,77,79,217,66,,500,500
86AS06MARKIV_裸_表情_トロ顔,86_拼接.webp,0,1225,77,79,217,66,,500,500
86AS06MARKIV_裸_表情_睡眠,86_拼接.webp,78,1461,77,78,217,66,,500,500
86AS06MARKIV_裸_表情_笑顔,86_拼接.webp,0,1461,78,78,216,67,,500,500
86AS06MARKIV_裸_表情_通常,86_拼接.webp,0,0,1,1,0,0,,500,500
86AS06MARKIV_服躯_裸,86_拼接.webp,820,994,203,491,148,9,,500,500

別立ち2_服_通常_86,86_拼接.webp,0,489,200,499,142,1,,500,500
別顔2_服_通常_86,86_拼接.webp,0,489,200,299,42,1,,300,300
別立ち2_透明,86_拼接.webp,200,489,113,239,196,208,,500,500
86AS06MARKIV_覆盖范围,86_拼接.webp,0,0,333,333,-83,0

;------------------------------------------------------------
;先代
;------------------------------------------------------------
159AS06MARKIV_服_セーラー服_表情_イキ顔,159_拼接.webp,1114,852,87,89,207,60,,500,500
159AS06MARKIV_服_セーラー服_表情_笑顔,159_拼接.webp,1024,902,90,89,206,61,,500,500
159AS06MARKIV_服_セーラー服_表情_性交,159_拼接.webp,1042,213,107,100,193,51,,500,500
159AS06MARKIV_服_セーラー服_表情_自慰,159_拼接.webp,1042,213,107,100,193,51,,500,500
159AS06MARKIV_服_セーラー服_表情_憤怒,159_拼接.webp,1144,396,89,91,206,58,,500,500
159AS06MARKIV_服_セーラー服_表情_発情,159_拼接.webp,1120,577,89,89,207,59,,500,500
159AS06MARKIV_服_セーラー服_表情_トロ顔,159_拼接.webp,1120,577,89,89,207,59,,500,500
159AS06MARKIV_服_セーラー服_妊肚,159_拼接.webp,715,991,184,143,150,353,,500,500
159AS06MARKIV_服_セーラー服_表情_通常,159_拼接.webp,0,0,1,1,0,0,,500,500
159AS06MARKIV_服躯_服_セーラー服,159_拼接.webp,0,0,374,495,63,5,,500,500
159AS06MARKIV_服_バニーギャル_表情_イキ顔,159_拼接.webp,899,1036,79,93,212,58,,500,500
159AS06MARKIV_服_バニーギャル_表情_笑顔,159_拼接.webp,409,1347,78,73,212,63,,500,500
159AS06MARKIV_服_バニーギャル_表情_性交,159_拼接.webp,623,1188,79,89,212,62,,500,500
159AS06MARKIV_服_バニーギャル_表情_自慰,159_拼接.webp,623,1188,79,89,212,62,,500,500
159AS06MARKIV_服_バニーギャル_表情_憤怒,159_拼接.webp,1042,313,102,96,196,56,,500,500
159AS06MARKIV_服_バニーギャル_表情_発情,159_拼接.webp,410,1259,78,88,211,62,,500,500
159AS06MARKIV_服_バニーギャル_表情_トロ顔,159_拼接.webp,410,1259,78,88,211,62,,500,500
159AS06MARKIV_服_バニーギャル_妊肚,159_拼接.webp,330,992,129,144,155,257,,500,500
159AS06MARKIV_服_バニーギャル_表情_通常,159_拼接.webp,0,0,1,1,0,0,,500,500
159AS06MARKIV_服躯_服_バニーギャル,159_拼接.webp,374,0,349,500,45,0,,500,500
159AS06MARKIV_服_下着_表情_イキ顔,159_拼接.webp,623,1092,91,96,206,52,,500,500
159AS06MARKIV_服_下着_表情_笑顔,159_拼接.webp,1024,807,90,95,206,52,,500,500
159AS06MARKIV_服_下着_表情_性交,159_拼接.webp,1116,666,88,93,208,51,,500,500
159AS06MARKIV_服_下着_表情_自慰,159_拼接.webp,1116,666,88,93,208,51,,500,500
159AS06MARKIV_服_下着_表情_憤怒,159_拼接.webp,1141,487,89,90,208,54,,500,500
159AS06MARKIV_服_下着_表情_発情,159_拼接.webp,1171,0,90,93,206,53,,500,500
159AS06MARKIV_服_下着_表情_トロ顔,159_拼接.webp,1171,0,90,93,206,53,,500,500
159AS06MARKIV_服_下着_表情_睡眠,159_拼接.webp,1171,93,90,92,207,53,,500,500
159AS06MARKIV_服_下着_妊肚,159_拼接.webp,1042,0,129,107,179,324,,500,500
159AS06MARKIV_服_下着_表情_通常,159_拼接.webp,0,0,1,1,0,0,,500,500
159AS06MARKIV_服躯_服_下着,159_拼接.webp,0,990,330,495,83,5,,500,500
159AS06MARKIV_服_水着_表情_イキ顔,159_拼接.webp,886,1134,87,86,209,63,,500,500
159AS06MARKIV_服_水着_表情_笑顔,159_拼接.webp,1116,759,87,93,209,56,,500,500
159AS06MARKIV_服_水着_表情_性交,159_拼接.webp,1063,991,87,95,209,55,,500,500
159AS06MARKIV_服_水着_表情_自慰,159_拼接.webp,1063,991,87,95,209,55,,500,500
159AS06MARKIV_服_水着_表情_憤怒,159_拼接.webp,714,1134,86,90,209,59,,500,500
159AS06MARKIV_服_水着_表情_発情,159_拼接.webp,1063,1086,87,88,209,61,,500,500
159AS06MARKIV_服_水着_表情_トロ顔,159_拼接.webp,1063,1086,87,88,209,61,,500,500
159AS06MARKIV_服_水着_妊肚,159_拼接.webp,1042,107,120,106,196,313,,500,500
159AS06MARKIV_服_水着_表情_通常,159_拼接.webp,0,0,1,1,0,0,,500,500
159AS06MARKIV_服躯_服_水着,159_拼接.webp,715,500,309,491,94,9,,500,500
159AS06MARKIV_服_浴衣_表情_イキ顔,159_拼接.webp,1149,213,90,94,206,56,,500,500
159AS06MARKIV_服_浴衣_表情_笑顔,159_拼接.webp,1149,307,90,89,206,59,,500,500
159AS06MARKIV_服_浴衣_表情_性交,159_拼接.webp,1024,525,96,97,201,53,,500,500
159AS06MARKIV_服_浴衣_表情_自慰,159_拼接.webp,1024,525,96,97,201,53,,500,500
159AS06MARKIV_服_浴衣_表情_憤怒,159_拼接.webp,1024,717,92,90,205,58,,500,500
159AS06MARKIV_服_浴衣_表情_発情,159_拼接.webp,973,1129,84,86,208,60,,500,500
159AS06MARKIV_服_浴衣_表情_トロ顔,159_拼接.webp,973,1129,84,86,208,60,,500,500
159AS06MARKIV_服_浴衣_妊肚,159_拼接.webp,459,1124,164,123,145,361,,500,500
159AS06MARKIV_服_浴衣_表情_通常,159_拼接.webp,0,0,1,1,0,0,,500,500
159AS06MARKIV_服躯_服_浴衣,159_拼接.webp,0,495,341,495,68,5,,500,500
159AS06MARKIV_服_表情_イキ顔,159_拼接.webp,488,1247,87,87,207,63,,500,500
159AS06MARKIV_服_表情_笑顔,159_拼接.webp,800,1134,86,87,210,63,,500,500
159AS06MARKIV_服_表情_性交,159_拼接.webp,622,992,92,100,203,52,,500,500
159AS06MARKIV_服_表情_自慰,159_拼接.webp,622,992,92,100,203,52,,500,500
159AS06MARKIV_服_表情_憤怒,159_拼接.webp,978,1036,85,90,209,60,,500,500
159AS06MARKIV_服_表情_発情,159_拼接.webp,1024,622,92,95,206,59,,500,500
159AS06MARKIV_服_表情_トロ顔,159_拼接.webp,1024,622,92,95,206,59,,500,500
159AS06MARKIV_服_妊肚,159_拼接.webp,459,992,163,132,195,310,,500,500
159AS06MARKIV_服_表情_通常,159_拼接.webp,0,0,1,1,0,0,,500,500
159AS06MARKIV_服躯_服,159_拼接.webp,341,500,374,492,76,8,,500,500
159AS06MARKIV_裸_表情_イキ顔,159_拼接.webp,330,1347,79,83,213,63,,500,500
159AS06MARKIV_裸_表情_性交,159_拼接.webp,575,1277,80,85,213,61,,500,500
159AS06MARKIV_裸_表情_自慰,159_拼接.webp,575,1277,80,85,213,61,,500,500
159AS06MARKIV_裸_表情_憤怒,159_拼接.webp,330,1259,80,88,213,61,,500,500
159AS06MARKIV_裸_表情_発情,159_拼接.webp,702,1224,81,86,213,61,,500,500
159AS06MARKIV_裸_表情_トロ顔,159_拼接.webp,702,1224,81,86,213,61,,500,500
159AS06MARKIV_裸_表情_睡眠,159_拼接.webp,1057,1174,82,86,212,62,,500,500
159AS06MARKIV_裸_表情_笑顔,159_拼接.webp,1042,409,99,116,199,35,,500,500
別立ち4_深色乳头,159_拼接.webp,899,991,164,45,164,226,,500,500
159AS06MARKIV_裸_妊肚,159_拼接.webp,330,1136,112,123,202,300,,500,500
159AS06MARKIV_裸_表情_通常,159_拼接.webp,0,0,1,1,0,0,,500,500
159AS06MARKIV_服躯_裸,159_拼接.webp,723,0,319,477,84,23,,500,500

別立ち4_服_通常_159,159_拼接.webp,341,500,374,492,76,8,,500,500
別顔4_服_通常_159,159_拼接.webp,365,500,300,292,0,8,,300,300
159AS06MARKIV_覆盖范围,159_拼接.webp,0,0,333,333,-83,0

;------------------------------------------------------------
;小町
;------------------------------------------------------------
76AS06MARKIV_服_エジプト_表情_イキ顔,76_拼接.webp,1209,976,91,91,204,61,,500,500
76AS06MARKIV_服_エジプト_表情_微笑,76_拼接.webp,1322,477,90,89,204,64,,500,500
76AS06MARKIV_服_エジプト_表情_性交,76_拼接.webp,1399,88,90,87,204,65,,500,500
76AS06MARKIV_服_エジプト_表情_自慰,76_拼接.webp,1399,88,90,87,204,65,,500,500
76AS06MARKIV_服_エジプト_表情_憤怒,76_拼接.webp,505,1484,92,92,204,63,,500,500
76AS06MARKIV_服_エジプト_表情_発情,76_拼接.webp,777,1365,91,99,203,53,,500,500
76AS06MARKIV_服_エジプト_表情_トロ顔,76_拼接.webp,777,1365,91,99,203,53,,500,500
76AS06MARKIV_服_エジプト_表情_笑顔,76_拼接.webp,1399,0,90,88,204,63,,500,500
76AS06MARKIV_服_エジプト_表情_通常,76_拼接.webp,0,0,1,1,0,0,,500,500
76AS06MARKIV_服躯_服_エジプト,76_拼接.webp,0,0,357,498,73,2,,500,500
76AS06MARKIV_服_カルデア制服_表情_イキ顔,76_拼接.webp,1412,520,84,85,204,63,,500,500
76AS06MARKIV_服_カルデア制服_表情_微笑,76_拼接.webp,1321,816,86,84,202,61,,500,500
76AS06MARKIV_服_カルデア制服_表情_性交,76_拼接.webp,1407,856,83,83,204,64,,500,500
76AS06MARKIV_服_カルデア制服_表情_自慰,76_拼接.webp,1407,856,83,83,204,64,,500,500
76AS06MARKIV_服_カルデア制服_表情_憤怒,76_拼接.webp,1412,436,85,84,203,63,,500,500
76AS06MARKIV_服_カルデア制服_表情_発情,76_拼接.webp,1489,0,85,84,202,62,,500,500
76AS06MARKIV_服_カルデア制服_表情_トロ顔,76_拼接.webp,1489,0,85,84,202,62,,500,500
76AS06MARKIV_服_カルデア制服_表情_笑顔,76_拼接.webp,777,1464,94,96,195,51,,500,500
76AS06MARKIV_服_カルデア制服_表情_通常,76_拼接.webp,0,0,1,1,0,0,,500,500
76AS06MARKIV_服躯_服_カルデア制服,76_拼接.webp,975,976,234,489,116,11,,500,500
76AS06MARKIV_服_ゴシック_表情_イキ顔,76_拼接.webp,1230,819,91,82,207,66,,500,500
76AS06MARKIV_服_ゴシック_表情_微笑,76_拼接.webp,679,1187,99,100,203,59,,500,500
76AS06MARKIV_服_ゴシック_表情_性交,76_拼接.webp,868,1363,92,96,206,64,,500,500
76AS06MARKIV_服_ゴシック_表情_自慰,76_拼接.webp,868,1363,92,96,206,64,,500,500
76AS06MARKIV_服_ゴシック_表情_憤怒,76_拼接.webp,597,1477,92,92,205,65,,500,500
76AS06MARKIV_服_ゴシック_表情_発情,76_拼接.webp,790,1082,95,94,203,64,,500,500
76AS06MARKIV_服_ゴシック_表情_トロ顔,76_拼接.webp,790,1082,95,94,203,64,,500,500
76AS06MARKIV_服_ゴシック_表情_笑顔,76_拼接.webp,810,994,92,85,206,65,,500,500
76AS06MARKIV_服_ゴシック_表情_通常,76_拼接.webp,0,0,1,1,0,0,,500,500
76AS06MARKIV_服躯_服_ゴシック,76_拼接.webp,269,500,357,484,72,16,,500,500
76AS06MARKIV_服_セーラー服_表情_イキ顔,76_拼接.webp,624,994,93,93,200,62,,500,500
76AS06MARKIV_服_セーラー服_表情_微笑,76_拼接.webp,1409,605,84,84,203,68,,500,500
76AS06MARKIV_服_セーラー服_表情_性交,76_拼接.webp,1230,732,91,87,202,65,,500,500
76AS06MARKIV_服_セーラー服_表情_自慰,76_拼接.webp,1230,732,91,87,202,65,,500,500
76AS06MARKIV_服_セーラー服_表情_憤怒,76_拼接.webp,877,1176,92,97,201,58,,500,500
76AS06MARKIV_服_セーラー服_表情_発情,76_拼接.webp,528,1365,119,112,184,48,,500,500
76AS06MARKIV_服_セーラー服_表情_トロ顔,76_拼接.webp,528,1365,119,112,184,48,,500,500
76AS06MARKIV_服_セーラー服_表情_笑顔,76_拼接.webp,1209,1158,89,90,203,65,,500,500
76AS06MARKIV_服_セーラー服_表情_通常,76_拼接.webp,0,0,1,1,0,0,,500,500
76AS06MARKIV_服躯_服_セーラー服,76_拼接.webp,0,998,243,493,141,7,,500,500
76AS06MARKIV_服_デンジャラス・ビースト_表情_イキ顔,76_拼接.webp,1230,642,91,90,200,69,,500,500
76AS06MARKIV_服_デンジャラス・ビースト_表情_微笑,76_拼接.webp,717,994,93,88,199,65,,500,500
76AS06MARKIV_服_デンジャラス・ビースト_表情_性交,76_拼接.webp,871,1459,91,92,200,60,,500,500
76AS06MARKIV_服_デンジャラス・ビースト_表情_自慰,76_拼接.webp,871,1459,91,92,200,60,,500,500
76AS06MARKIV_服_デンジャラス・ビースト_表情_憤怒,76_拼接.webp,1291,1067,91,82,200,69,,500,500
76AS06MARKIV_服_デンジャラス・ビースト_表情_発情,76_拼接.webp,1230,477,92,83,199,69,,500,500
76AS06MARKIV_服_デンジャラス・ビースト_表情_トロ顔,76_拼接.webp,1230,477,92,83,199,69,,500,500
76AS06MARKIV_服_デンジャラス・ビースト_表情_笑顔,76_拼接.webp,1230,560,92,82,199,69,,500,500
76AS06MARKIV_服_デンジャラス・ビースト_表情_通常,76_拼接.webp,0,0,1,1,0,0,,500,500
76AS06MARKIV_服躯_服_デンジャラス・ビースト,76_拼接.webp,357,0,334,500,82,0,,500,500
76AS06MARKIV_服_バニーギャル_表情_イキ顔,76_拼接.webp,679,1087,111,100,195,56,,500,500
76AS06MARKIV_服_バニーギャル_表情_微笑,76_拼接.webp,1382,1067,86,82,205,69,,500,500
76AS06MARKIV_服_バニーギャル_表情_性交,76_拼接.webp,1321,900,86,84,205,68,,500,500
76AS06MARKIV_服_バニーギャル_表情_自慰,76_拼接.webp,1321,900,86,84,205,68,,500,500
76AS06MARKIV_服_バニーギャル_表情_憤怒,76_拼接.webp,1321,653,87,83,205,68,,500,500
76AS06MARKIV_服_バニーギャル_表情_発情,76_拼接.webp,1399,350,88,86,205,66,,500,500
76AS06MARKIV_服_バニーギャル_表情_トロ顔,76_拼接.webp,1399,350,88,86,205,66,,500,500
76AS06MARKIV_服_バニーギャル_表情_笑顔,76_拼接.webp,1399,175,89,88,204,64,,500,500
76AS06MARKIV_服_バニーギャル_表情_通常,76_拼接.webp,0,0,1,1,0,0,,500,500
76AS06MARKIV_服躯_服_バニーギャル,76_拼接.webp,0,498,269,500,122,0,,500,500
76AS06MARKIV_服_下着_表情_イキ顔,76_拼接.webp,1489,84,85,84,200,66,,500,500
76AS06MARKIV_服_下着_表情_微笑,76_拼接.webp,1489,168,85,84,200,66,,500,500
76AS06MARKIV_服_下着_表情_性交,76_拼接.webp,1408,773,84,83,201,67,,500,500
76AS06MARKIV_服_下着_表情_自慰,76_拼接.webp,1408,773,84,83,201,67,,500,500
76AS06MARKIV_服_下着_表情_憤怒,76_拼接.webp,1300,984,86,83,200,66,,500,500
76AS06MARKIV_服_下着_表情_発情,76_拼接.webp,1408,689,84,84,201,66,,500,500
76AS06MARKIV_服_下着_表情_トロ顔,76_拼接.webp,1408,689,84,84,201,66,,500,500
76AS06MARKIV_服_下着_表情_睡眠,76_拼接.webp,1209,1248,86,83,200,66,,500,500
76AS06MARKIV_服_下着_表情_笑顔,76_拼接.webp,885,1079,88,97,198,53,,500,500
76AS06MARKIV_服_下着_表情_通常,76_拼接.webp,0,0,1,1,0,0,,500,500
76AS06MARKIV_服躯_服_下着,76_拼接.webp,975,487,255,489,122,11,,500,500
76AS06MARKIV_服_島風_表情_イキ顔,76_拼接.webp,1209,1067,82,91,207,64,,500,500
76AS06MARKIV_服_島風_表情_微笑,76_拼接.webp,1407,939,82,88,207,67,,500,500
76AS06MARKIV_服_島風_表情_性交,76_拼接.webp,1487,332,84,90,206,66,,500,500
76AS06MARKIV_服_島風_表情_自慰,76_拼接.webp,1487,332,84,90,206,66,,500,500
76AS06MARKIV_服_島風_表情_憤怒,76_拼接.webp,871,1551,81,87,209,67,,500,500
76AS06MARKIV_服_島風_表情_発情,76_拼接.webp,1294,1338,82,88,208,66,,500,500
76AS06MARKIV_服_島風_表情_トロ顔,76_拼接.webp,1294,1338,82,88,208,66,,500,500
76AS06MARKIV_服_島風_表情_笑顔,76_拼接.webp,1209,1421,81,90,209,64,,500,500
76AS06MARKIV_服_島風_表情_通常,76_拼接.webp,0,0,1,1,0,0,,500,500
76AS06MARKIV_服躯_服_島風,76_拼接.webp,269,984,259,500,94,0,,500,500
76AS06MARKIV_服_水着_表情_イキ顔,76_拼接.webp,528,984,96,103,202,57,,500,500
76AS06MARKIV_服_水着_表情_微笑,76_拼接.webp,505,1576,81,87,209,67,,500,500
76AS06MARKIV_服_水着_表情_性交,76_拼接.webp,962,1465,81,89,210,67,,500,500
76AS06MARKIV_服_水着_表情_自慰,76_拼接.webp,962,1465,81,89,210,67,,500,500
76AS06MARKIV_服_水着_表情_憤怒,76_拼接.webp,85,1585,80,86,210,68,,500,500
76AS06MARKIV_服_水着_表情_発情,76_拼接.webp,85,1491,85,94,208,62,,500,500
76AS06MARKIV_服_水着_表情_トロ顔,76_拼接.webp,85,1491,85,94,208,62,,500,500
76AS06MARKIV_服_水着_表情_笑顔,76_拼接.webp,0,1586,80,86,210,67,,500,500
76AS06MARKIV_服_水着_表情_通常,76_拼接.webp,0,0,1,1,0,0,,500,500
76AS06MARKIV_服躯_服_水着,76_拼接.webp,1209,0,190,477,153,23,,500,500
76AS06MARKIV_服_私服_表情_イキ顔,76_拼接.webp,1298,1149,86,83,203,70,,500,500
76AS06MARKIV_服_私服_表情_微笑,76_拼接.webp,666,1287,85,78,204,72,,500,500
76AS06MARKIV_服_私服_表情_性交,76_拼接.webp,751,1287,85,78,204,73,,500,500
76AS06MARKIV_服_私服_表情_自慰,76_拼接.webp,751,1287,85,78,204,73,,500,500
76AS06MARKIV_服_私服_表情_憤怒,76_拼接.webp,647,1365,130,109,175,52,,500,500
76AS06MARKIV_服_私服_表情_発情,76_拼接.webp,836,1287,84,76,204,73,,500,500
76AS06MARKIV_服_私服_表情_トロ顔,76_拼接.webp,836,1287,84,76,204,73,,500,500
76AS06MARKIV_服_私服_表情_笑顔,76_拼接.webp,1488,252,85,80,204,70,,500,500
76AS06MARKIV_服_私服_表情_通常,76_拼接.webp,0,0,1,1,0,0,,500,500
76AS06MARKIV_服躯_服_私服,76_拼接.webp,691,0,296,487,89,13,,500,500
76AS06MARKIV_服_表情_イキ顔,76_拼接.webp,528,1227,138,138,182,27,,500,500
76AS06MARKIV_服_表情_微笑,76_拼接.webp,1321,736,87,80,207,72,,500,500
76AS06MARKIV_服_表情_性交,76_拼接.webp,528,1087,151,140,170,37,,500,500
76AS06MARKIV_服_表情_自慰,76_拼接.webp,528,1087,151,140,170,37,,500,500
76AS06MARKIV_服_表情_憤怒,76_拼接.webp,1399,263,88,87,206,64,,500,500
76AS06MARKIV_服_表情_発情,76_拼接.webp,1322,566,87,87,207,64,,500,500
76AS06MARKIV_服_表情_トロ顔,76_拼接.webp,1322,566,87,87,207,64,,500,500
76AS06MARKIV_服_表情_笑顔,76_拼接.webp,243,1484,87,96,207,59,,500,500
76AS06MARKIV_服_表情_通常,76_拼接.webp,0,0,1,1,0,0,,500,500
76AS06MARKIV_服躯_服,76_拼接.webp,626,500,349,494,71,6,,500,500
76AS06MARKIV_裸_表情_イキ顔,76_拼接.webp,1295,1248,85,90,215,60,,500,500
76AS06MARKIV_裸_表情_微笑,76_拼接.webp,778,1187,99,100,204,52,,500,500
76AS06MARKIV_裸_表情_性交,76_拼接.webp,1209,1331,85,90,214,59,,500,500
76AS06MARKIV_裸_表情_自慰,76_拼接.webp,1209,1331,85,90,214,59,,500,500
76AS06MARKIV_裸_表情_憤怒,76_拼接.webp,418,1484,87,93,214,59,,500,500
76AS06MARKIV_裸_表情_発情,76_拼接.webp,0,1491,85,95,215,59,,500,500
76AS06MARKIV_裸_表情_トロ顔,76_拼接.webp,0,1491,85,95,215,59,,500,500
76AS06MARKIV_裸_表情_睡眠,76_拼接.webp,330,1484,88,93,212,60,,500,500
76AS06MARKIV_裸_表情_笑顔,76_拼接.webp,689,1474,85,92,215,59,,500,500
76AS06MARKIV_裸_表情_通常,76_拼接.webp,0,0,1,1,0,0,,500,500
76AS06MARKIV_服躯_裸,76_拼接.webp,987,0,222,485,153,15,,500,500

別立ち3_服_通常_76,76_拼接.webp,626,500,349,494,71,6,,500,500
別顔3_服_通常_76,76_拼接.webp,655,500,300,294,0,6,,300,300
76AS06MARKIV_覆盖范围,76_拼接.webp,0,0,333,333,-83,0

;------------------------------------------------------------
;合欢
;------------------------------------------------------------
119AS06MARKIV_服_セーラー服_表情_イキ顔,119_拼接.webp,780,1346,92,87,204,55,,500,500
119AS06MARKIV_服_セーラー服_表情_微笑,119_拼接.webp,563,1704,92,92,204,54,,500,500
119AS06MARKIV_服_セーラー服_表情_性交,119_拼接.webp,693,1170,92,88,204,55,,500,500
119AS06MARKIV_服_セーラー服_表情_自慰,119_拼接.webp,693,1170,92,88,204,55,,500,500
119AS06MARKIV_服_セーラー服_表情_憤怒,119_拼接.webp,912,1861,95,89,201,53,,500,500
119AS06MARKIV_服_セーラー服_表情_発情,119_拼接.webp,914,1950,93,89,203,54,,500,500
119AS06MARKIV_服_セーラー服_表情_トロ顔,119_拼接.webp,914,1950,93,89,203,54,,500,500
119AS06MARKIV_服_セーラー服_表情_笑顔,119_拼接.webp,735,1958,92,90,204,52,,500,500
119AS06MARKIV_服_セーラー服_表情_通常,119_拼接.webp,0,0,1,1,0,0,,500,500
119AS06MARKIV_服躯_服_セーラー服,119_拼接.webp,339,1000,354,499,74,1,,500,500
119AS06MARKIV_服_バニーギャル_表情_イキ顔,119_拼接.webp,473,1610,93,94,215,48,,500,500
119AS06MARKIV_服_バニーギャル_表情_微笑,119_拼接.webp,655,1685,94,91,216,52,,500,500
119AS06MARKIV_服_バニーギャル_表情_性交,119_拼接.webp,375,1894,93,93,216,49,,500,500
119AS06MARKIV_服_バニーギャル_表情_自慰,119_拼接.webp,375,1894,93,93,216,49,,500,500
119AS06MARKIV_服_バニーギャル_表情_憤怒,119_拼接.webp,375,1800,95,94,215,49,,500,500
119AS06MARKIV_服_バニーギャル_表情_発情,119_拼接.webp,469,1705,94,94,215,48,,500,500
119AS06MARKIV_服_バニーギャル_表情_トロ顔,119_拼接.webp,469,1705,94,94,215,48,,500,500
119AS06MARKIV_服_バニーギャル_表情_笑顔,119_拼接.webp,656,1591,93,91,216,52,,500,500
119AS06MARKIV_服_バニーギャル_表情_通常,119_拼接.webp,0,0,1,1,0,0,,500,500
119AS06MARKIV_服躯_服_バニーギャル,119_拼接.webp,0,0,371,500,65,0,,500,500
119AS06MARKIV_服_メイド_表情_イキ顔,119_拼接.webp,824,1863,88,90,209,54,,500,500
119AS06MARKIV_服_メイド_表情_微笑,119_拼接.webp,783,992,90,88,208,55,,500,500
119AS06MARKIV_服_メイド_表情_性交,119_拼接.webp,873,992,88,88,209,55,,500,500
119AS06MARKIV_服_メイド_表情_自慰,119_拼接.webp,873,992,88,88,209,55,,500,500
119AS06MARKIV_服_メイド_表情_憤怒,119_拼接.webp,693,1081,89,89,209,55,,500,500
119AS06MARKIV_服_メイド_表情_発情,119_拼接.webp,682,1499,90,91,209,54,,500,500
119AS06MARKIV_服_メイド_表情_トロ顔,119_拼接.webp,682,1499,90,91,209,54,,500,500
119AS06MARKIV_服_メイド_表情_笑顔,119_拼接.webp,645,1888,90,91,208,53,,500,500
119AS06MARKIV_服_メイド_表情_通常,119_拼接.webp,0,0,1,1,0,0,,500,500
119AS06MARKIV_服躯_服_メイド,119_拼接.webp,371,0,374,497,65,3,,500,500
119AS06MARKIV_服_水着_表情_イキ顔,119_拼接.webp,838,1522,86,87,207,55,,500,500
119AS06MARKIV_服_水着_表情_微笑,119_拼接.webp,693,992,90,89,207,53,,500,500
119AS06MARKIV_服_水着_表情_性交,119_拼接.webp,871,1256,87,87,207,54,,500,500
119AS06MARKIV_服_水着_表情_自慰,119_拼接.webp,871,1256,87,87,207,54,,500,500
119AS06MARKIV_服_水着_表情_憤怒,119_拼接.webp,375,1610,98,95,203,49,,500,500
119AS06MARKIV_服_水着_表情_発情,119_拼接.webp,858,1433,86,87,207,54,,500,500
119AS06MARKIV_服_水着_表情_トロ顔,119_拼接.webp,858,1433,86,87,207,54,,500,500
119AS06MARKIV_服_水着_表情_笑顔,119_拼接.webp,772,1434,86,88,207,54,,500,500
119AS06MARKIV_服_水着_表情_通常,119_拼接.webp,0,0,1,1,0,0,,500,500
119AS06MARKIV_服躯_服_水着,119_拼接.webp,350,500,317,498,91,2,,500,500
119AS06MARKIV_服_浴衣_表情_イキ顔,119_拼接.webp,958,1254,87,86,208,56,,500,500
119AS06MARKIV_服_浴衣_表情_微笑,119_拼接.webp,874,1080,88,87,207,55,,500,500
119AS06MARKIV_服_浴衣_表情_性交,119_拼接.webp,961,992,88,87,207,56,,500,500
119AS06MARKIV_服_浴衣_表情_自慰,119_拼接.webp,961,992,88,87,207,56,,500,500
119AS06MARKIV_服_浴衣_表情_憤怒,119_拼接.webp,836,1681,89,90,206,54,,500,500
119AS06MARKIV_服_浴衣_表情_発情,119_拼接.webp,872,1343,88,86,207,56,,500,500
119AS06MARKIV_服_浴衣_表情_トロ顔,119_拼接.webp,872,1343,88,86,207,56,,500,500
119AS06MARKIV_服_浴衣_表情_笑顔,119_拼接.webp,693,1258,88,88,207,54,,500,500
119AS06MARKIV_服_浴衣_表情_通常,119_拼接.webp,0,0,1,1,0,0,,500,500
119AS06MARKIV_服躯_服_浴衣,119_拼接.webp,0,1500,375,499,64,1,,500,500
119AS06MARKIV_裸_裸エプロン_表情_イキ顔,119_拼接.webp,375,1499,128,111,178,44,,500,500
119AS06MARKIV_裸_裸エプロン_表情_微笑,119_拼接.webp,944,1429,93,85,201,59,,500,500
119AS06MARKIV_裸_裸エプロン_表情_性交,119_拼接.webp,960,1340,90,83,204,57,,500,500
119AS06MARKIV_裸_裸エプロン_表情_自慰,119_拼接.webp,960,1340,90,83,204,57,,500,500
119AS06MARKIV_裸_裸エプロン_表情_憤怒,119_拼接.webp,725,1776,90,91,204,56,,500,500
119AS06MARKIV_裸_裸エプロン_表情_発情,119_拼接.webp,781,1258,90,87,204,58,,500,500
119AS06MARKIV_裸_裸エプロン_表情_トロ顔,119_拼接.webp,781,1258,90,87,204,58,,500,500
119AS06MARKIV_裸_裸エプロン_表情_笑顔,119_拼接.webp,782,1081,92,88,203,57,,500,500
119AS06MARKIV_裸_裸エプロン_表情_通常,119_拼接.webp,0,0,1,1,0,0,,500,500
119AS06MARKIV_服躯_裸_裸エプロン,119_拼接.webp,0,500,350,500,74,0,,500,500
119AS06MARKIV_服_下着_表情_イキ顔,119_拼接.webp,815,1772,85,91,207,50,,500,500
119AS06MARKIV_服_下着_表情_微笑,119_拼接.webp,468,1894,88,93,205,48,,500,500
119AS06MARKIV_服_下着_表情_性交,119_拼接.webp,556,1892,89,92,205,49,,500,500
119AS06MARKIV_服_下着_表情_自慰,119_拼接.webp,556,1892,89,92,205,49,,500,500
119AS06MARKIV_服_下着_表情_憤怒,119_拼接.webp,470,1799,85,93,207,48,,500,500
119AS06MARKIV_服_下着_表情_発情,119_拼接.webp,503,1499,89,94,205,48,,500,500
119AS06MARKIV_服_下着_表情_トロ顔,119_拼接.webp,503,1499,89,94,205,48,,500,500
119AS06MARKIV_服_下着_表情_睡眠,119_拼接.webp,640,1796,85,92,207,49,,500,500
119AS06MARKIV_服_下着_表情_笑顔,119_拼接.webp,555,1799,85,93,207,48,,500,500
119AS06MARKIV_服_下着_表情_通常,119_拼接.webp,0,0,1,1,0,0,,500,500
119AS06MARKIV_服躯_服_下着,119_拼接.webp,0,1000,339,500,81,0,,500,500
119AS06MARKIV_服_表情_イキ顔,119_拼接.webp,749,1681,87,91,204,54,,500,500
119AS06MARKIV_服_表情_微笑,119_拼接.webp,924,1520,87,86,204,59,,500,500
119AS06MARKIV_服_表情_性交,119_拼接.webp,875,1167,87,87,203,55,,500,500
119AS06MARKIV_服_表情_自慰,119_拼接.webp,875,1167,87,87,203,55,,500,500
119AS06MARKIV_服_表情_憤怒,119_拼接.webp,925,1606,88,83,202,58,,500,500
119AS06MARKIV_服_表情_発情,119_拼接.webp,693,1346,87,88,204,55,,500,500
119AS06MARKIV_服_表情_トロ顔,119_拼接.webp,693,1346,87,88,204,55,,500,500
119AS06MARKIV_服_表情_笑顔,119_拼接.webp,785,1169,90,87,201,58,,500,500
119AS06MARKIV_服_表情_通常,119_拼接.webp,0,0,1,1,0,0,,500,500
119AS06MARKIV_服躯_服,119_拼接.webp,667,497,300,495,101,5,,500,500
119AS06MARKIV_裸_表情_イキ顔,119_拼接.webp,900,1771,87,90,206,53,,500,500
119AS06MARKIV_裸_表情_微笑,119_拼接.webp,735,1867,89,91,205,52,,500,500
119AS06MARKIV_裸_表情_性交,119_拼接.webp,566,1593,90,92,204,52,,500,500
119AS06MARKIV_裸_表情_自慰,119_拼接.webp,566,1593,90,92,204,52,,500,500
119AS06MARKIV_裸_表情_憤怒,119_拼接.webp,827,1953,87,90,206,53,,500,500
119AS06MARKIV_裸_表情_発情,119_拼接.webp,749,1590,89,91,205,53,,500,500
119AS06MARKIV_裸_表情_トロ顔,119_拼接.webp,749,1590,89,91,205,53,,500,500
119AS06MARKIV_裸_表情_睡眠,119_拼接.webp,375,1705,94,95,201,50,,500,500
119AS06MARKIV_裸_表情_笑顔,119_拼接.webp,592,1499,90,92,203,52,,500,500
119AS06MARKIV_裸_表情_通常,119_拼接.webp,0,0,1,1,0,0,,500,500
119AS06MARKIV_服躯_裸,119_拼接.webp,745,0,351,494,72,6,,500,500

別立ち2_服_通常_119,119_拼接.webp,667,497,300,495,101,5,,500,500
別顔2_服_通常_119,119_拼接.webp,667,497,299,295,1,5,,300,300
119AS06MARKIV_覆盖范围,119_拼接.webp,0,0,333,333,-83,0

;------------------------------------------------------------
;帕露西
;------------------------------------------------------------
60AS06MARKIV_服_セーラー服_表情_イキ顔,60_拼接.webp,846,0,94,94,203,59,,500,500
60AS06MARKIV_服_セーラー服_表情_微笑,60_拼接.webp,938,178,93,90,204,59,,500,500
60AS06MARKIV_服_セーラー服_表情_性交,60_拼接.webp,958,993,92,91,203,60,,500,500
60AS06MARKIV_服_セーラー服_表情_自慰,60_拼接.webp,958,993,92,91,203,60,,500,500
60AS06MARKIV_服_セーラー服_表情_憤怒,60_拼接.webp,936,268,93,89,204,60,,500,500
60AS06MARKIV_服_セーラー服_表情_発情,60_拼接.webp,940,0,94,91,203,58,,500,500
60AS06MARKIV_服_セーラー服_表情_トロ顔,60_拼接.webp,940,0,94,91,203,58,,500,500
60AS06MARKIV_服_セーラー服_表情_笑顔,60_拼接.webp,772,993,93,86,203,60,,500,500
60AS06MARKIV_服_セーラー服_表情_通常,60_拼接.webp,0,0,1,1,0,0,,500,500
60AS06MARKIV_服躯_服_セーラー服,60_拼接.webp,598,500,216,491,144,9,,500,500
60AS06MARKIV_服_ネロ_表情_イキ顔,60_拼接.webp,1004,712,90,73,201,64,,500,500
60AS06MARKIV_服_ネロ_表情_微笑,60_拼接.webp,432,995,94,80,199,62,,500,500
60AS06MARKIV_服_ネロ_表情_性交,60_拼接.webp,940,91,94,87,199,61,,500,500
60AS06MARKIV_服_ネロ_表情_自慰,60_拼接.webp,940,91,94,87,199,61,,500,500
60AS06MARKIV_服_ネロ_表情_憤怒,60_拼接.webp,448,1171,96,89,198,60,,500,500
60AS06MARKIV_服_ネロ_表情_発情,60_拼接.webp,865,993,93,83,200,64,,500,500
60AS06MARKIV_服_ネロ_表情_トロ顔,60_拼接.webp,865,993,93,83,200,64,,500,500
60AS06MARKIV_服_ネロ_表情_笑顔,60_拼接.webp,936,357,93,89,200,61,,500,500
60AS06MARKIV_服_ネロ_表情_通常,60_拼接.webp,0,0,1,1,0,0,,500,500
60AS06MARKIV_服躯_服_ネロ,60_拼接.webp,0,0,336,491,80,9,,500,500
60AS06MARKIV_服_ネロブライド_表情_イキ顔,60_拼接.webp,243,1315,97,104,199,49,,500,500
60AS06MARKIV_服_ネロブライド_表情_微笑,60_拼接.webp,96,1488,96,99,200,51,,500,500
60AS06MARKIV_服_ネロブライド_表情_性交,60_拼接.webp,0,1488,96,100,200,50,,500,500
60AS06MARKIV_服_ネロブライド_表情_自慰,60_拼接.webp,0,1488,96,100,200,50,,500,500
60AS06MARKIV_服_ネロブライド_表情_憤怒,60_拼接.webp,349,1077,98,103,197,49,,500,500
60AS06MARKIV_服_ネロブライド_表情_発情,60_拼接.webp,341,1415,95,99,200,50,,500,500
60AS06MARKIV_服_ネロブライド_表情_トロ顔,60_拼接.webp,341,1415,95,99,200,50,,500,500
60AS06MARKIV_服_ネロブライド_表情_笑顔,60_拼接.webp,340,1315,98,100,199,50,,500,500
60AS06MARKIV_服_ネロブライド_表情_通常,60_拼接.webp,0,0,1,1,0,0,,500,500
60AS06MARKIV_服躯_服_ネロブライド,60_拼接.webp,336,0,306,500,77,0,,500,500
60AS06MARKIV_服_バニーギャル_表情_イキ顔,60_拼接.webp,244,788,87,97,203,58,,500,500
60AS06MARKIV_服_バニーギャル_表情_微笑,60_拼接.webp,244,885,85,97,204,57,,500,500
60AS06MARKIV_服_バニーギャル_表情_性交,60_拼接.webp,1121,267,88,91,202,58,,500,500
60AS06MARKIV_服_バニーギャル_表情_自慰,60_拼接.webp,1121,267,88,91,202,58,,500,500
60AS06MARKIV_服_バニーギャル_表情_憤怒,60_拼接.webp,861,1079,87,92,202,58,,500,500
60AS06MARKIV_服_バニーギャル_表情_発情,60_拼接.webp,1050,964,86,92,203,58,,500,500
60AS06MARKIV_服_バニーギャル_表情_トロ顔,60_拼接.webp,1050,964,86,92,203,58,,500,500
60AS06MARKIV_服_バニーギャル_表情_笑顔,60_拼接.webp,1094,530,84,88,204,59,,500,500
60AS06MARKIV_服_バニーギャル_表情_通常,60_拼接.webp,0,0,1,1,0,0,,500,500
60AS06MARKIV_服躯_服_バニーギャル,60_拼接.webp,0,491,244,500,118,0,,500,500
60AS06MARKIV_服_下着_表情_イキ顔,60_拼接.webp,1004,875,89,89,206,57,,500,500
60AS06MARKIV_服_下着_表情_微笑,60_拼接.webp,846,190,90,96,207,57,,500,500
60AS06MARKIV_服_下着_表情_性交,60_拼接.webp,846,382,90,92,206,56,,500,500
60AS06MARKIV_服_下着_表情_自慰,60_拼接.webp,846,382,90,92,206,56,,500,500
60AS06MARKIV_服_下着_表情_憤怒,60_拼接.webp,1031,178,90,91,206,57,,500,500
60AS06MARKIV_服_下着_表情_発情,60_拼接.webp,1029,269,90,91,206,57,,500,500
60AS06MARKIV_服_下着_表情_トロ顔,60_拼接.webp,1029,269,90,91,206,57,,500,500
60AS06MARKIV_服_下着_表情_睡眠,60_拼接.webp,772,1079,89,92,207,56,,500,500
60AS06MARKIV_服_下着_表情_笑顔,60_拼接.webp,243,1203,107,112,195,47,,500,500
60AS06MARKIV_服_下着_表情_通常,60_拼接.webp,0,0,1,1,0,0,,500,500
60AS06MARKIV_服躯_服_下着,60_拼接.webp,642,0,204,496,144,4,,500,500
60AS06MARKIV_服_忍者_表情_イキ顔,60_拼接.webp,243,1419,98,102,201,49,,500,500
60AS06MARKIV_服_忍者_表情_微笑,60_拼接.webp,350,1180,98,97,201,52,,500,500
60AS06MARKIV_服_忍者_表情_性交,60_拼接.webp,335,995,97,82,202,52,,500,500
60AS06MARKIV_服_忍者_表情_自慰,60_拼接.webp,335,995,97,82,202,52,,500,500
60AS06MARKIV_服_忍者_表情_憤怒,60_拼接.webp,438,1277,97,97,201,51,,500,500
60AS06MARKIV_服_忍者_表情_発情,60_拼接.webp,447,1075,98,96,201,52,,500,500
60AS06MARKIV_服_忍者_表情_トロ顔,60_拼接.webp,447,1075,98,96,201,52,,500,500
60AS06MARKIV_服_忍者_表情_笑顔,60_拼接.webp,243,1089,106,114,197,42,,500,500
60AS06MARKIV_服_忍者_表情_通常,60_拼接.webp,0,0,1,1,0,0,,500,500
60AS06MARKIV_服躯_服_忍者,60_拼接.webp,0,991,243,497,129,3,,500,500
60AS06MARKIV_服_水着_表情_イキ顔,60_拼接.webp,846,286,90,96,201,53,,500,500
60AS06MARKIV_服_水着_表情_微笑,60_拼接.webp,244,593,90,98,201,52,,500,500
60AS06MARKIV_服_水着_表情_性交,60_拼接.webp,244,691,89,97,201,53,,500,500
60AS06MARKIV_服_水着_表情_自慰,60_拼接.webp,244,691,89,97,201,53,,500,500
60AS06MARKIV_服_水着_表情_憤怒,60_拼接.webp,244,491,91,102,201,51,,500,500
60AS06MARKIV_服_水着_表情_発情,60_拼接.webp,243,991,92,98,200,52,,500,500
60AS06MARKIV_服_水着_表情_トロ顔,60_拼接.webp,243,991,92,98,200,52,,500,500
60AS06MARKIV_服_水着_表情_笑顔,60_拼接.webp,436,1415,92,98,200,53,,500,500
60AS06MARKIV_服_水着_表情_通常,60_拼接.webp,0,0,1,1,0,0,,500,500
60AS06MARKIV_服躯_服_水着,60_拼接.webp,814,496,190,497,158,3,,500,500
60AS06MARKIV_服_表情_イキ顔,60_拼接.webp,1119,358,88,87,204,61,,500,500
60AS06MARKIV_服_表情_微笑,60_拼接.webp,1004,539,90,87,203,61,,500,500
60AS06MARKIV_服_表情_性交,60_拼接.webp,1004,450,90,89,203,59,,500,500
60AS06MARKIV_服_表情_自慰,60_拼接.webp,1004,450,90,89,203,59,,500,500
60AS06MARKIV_服_表情_憤怒,60_拼接.webp,1034,91,91,87,202,60,,500,500
60AS06MARKIV_服_表情_発情,60_拼接.webp,1004,785,89,90,204,58,,500,500
60AS06MARKIV_服_表情_トロ顔,60_拼接.webp,1004,785,89,90,204,58,,500,500
60AS06MARKIV_服_表情_笑顔,60_拼接.webp,1125,0,89,87,204,61,,500,500
60AS06MARKIV_服_表情_通常,60_拼接.webp,0,0,1,1,0,0,,500,500
60AS06MARKIV_服躯_服,60_拼接.webp,335,500,263,495,101,5,,500,500
60AS06MARKIV_裸_表情_イキ顔,60_拼接.webp,1029,360,90,90,201,59,,500,500
60AS06MARKIV_裸_表情_微笑,60_拼接.webp,1125,87,89,86,201,61,,500,500
60AS06MARKIV_裸_表情_性交,60_拼接.webp,1119,445,87,85,203,61,,500,500
60AS06MARKIV_裸_表情_自慰,60_拼接.webp,1119,445,87,85,203,61,,500,500
60AS06MARKIV_裸_表情_憤怒,60_拼接.webp,1034,0,91,91,201,60,,500,500
60AS06MARKIV_裸_表情_発情,60_拼接.webp,1121,178,89,89,201,60,,500,500
60AS06MARKIV_裸_表情_トロ顔,60_拼接.webp,1121,178,89,89,201,60,,500,500
60AS06MARKIV_裸_表情_睡眠,60_拼接.webp,1004,626,90,86,201,60,,500,500
60AS06MARKIV_裸_表情_笑顔,60_拼接.webp,846,94,92,96,199,59,,500,500
60AS06MARKIV_裸_表情_通常,60_拼接.webp,0,0,1,1,0,0,,500,500
60AS06MARKIV_服躯_裸,60_拼接.webp,598,991,174,487,161,13,,500,500

別立ち2_服_通常_60,60_拼接.webp,334,500,372,496,66,4,,500,500
別顔2_服_通常_60,60_拼接.webp,368,500,300,296,0,4,,300,300
60AS06MARKIV_覆盖范围,60_拼接.webp,0,0,333,333,-83,0

;------------------------------------------------------------
;布都
;------------------------------------------------------------
92AS06MARKIV_服_セーラー服_表情_イキ顔,92_拼接.webp,526,866,93,94,202,65,,500,500
92AS06MARKIV_服_セーラー服_表情_微笑,92_拼接.webp,526,960,93,93,201,66,,500,500
92AS06MARKIV_服_セーラー服_表情_性交,92_拼接.webp,721,687,96,94,199,65,,500,500
92AS06MARKIV_服_セーラー服_表情_自慰,92_拼接.webp,721,687,96,94,199,65,,500,500
92AS06MARKIV_服_セーラー服_表情_憤怒,92_拼接.webp,630,592,97,95,198,64,,500,500
92AS06MARKIV_服_セーラー服_表情_発情,92_拼接.webp,813,781,93,94,202,65,,500,500
92AS06MARKIV_服_セーラー服_表情_トロ顔,92_拼接.webp,813,781,93,94,202,65,,500,500
92AS06MARKIV_服_セーラー服_表情_笑顔,92_拼接.webp,619,872,93,94,203,65,,500,500
92AS06MARKIV_服_セーラー服_表情_通常,92_拼接.webp,0,0,1,1,0,0,,500,500
92AS06MARKIV_服躯_服_セーラー服,92_拼接.webp,341,0,328,500,76,0,,500,500
92AS06MARKIV_服_バニーギャル_表情_イキ顔,92_拼接.webp,801,961,90,86,209,72,,500,500
92AS06MARKIV_服_バニーギャル_表情_微笑,92_拼接.webp,712,961,89,89,210,71,,500,500
92AS06MARKIV_服_バニーギャル_表情_性交,92_拼接.webp,186,1093,89,88,211,72,,500,500
92AS06MARKIV_服_バニーギャル_表情_自慰,92_拼接.webp,186,1093,89,88,211,72,,500,500
92AS06MARKIV_服_バニーギャル_表情_憤怒,92_拼接.webp,981,964,88,86,210,73,,500,500
92AS06MARKIV_服_バニーギャル_表情_発情,92_拼接.webp,801,1047,87,86,213,73,,500,500
92AS06MARKIV_服_バニーギャル_表情_トロ顔,92_拼接.webp,801,1047,87,86,213,73,,500,500
92AS06MARKIV_服_バニーギャル_表情_笑顔,92_拼接.webp,275,1093,88,88,211,72,,500,500
92AS06MARKIV_服_バニーギャル_表情_通常,92_拼接.webp,0,0,1,1,0,0,,500,500
92AS06MARKIV_服躯_服_バニーギャル,92_拼接.webp,1298,0,304,500,96,0,,500,500
92AS06MARKIV_服_フォーマルドレス_表情_イキ顔,92_拼接.webp,826,675,92,88,201,70,,500,500
92AS06MARKIV_服_フォーマルドレス_表情_微笑,92_拼接.webp,712,872,92,89,201,70,,500,500
92AS06MARKIV_服_フォーマルドレス_表情_性交,92_拼接.webp,896,875,90,89,202,69,,500,500
92AS06MARKIV_服_フォーマルドレス_表情_自慰,92_拼接.webp,896,875,90,89,202,69,,500,500
92AS06MARKIV_服_フォーマルドレス_表情_憤怒,92_拼接.webp,95,1091,91,90,202,69,,500,500
92AS06MARKIV_服_フォーマルドレス_表情_発情,92_拼接.webp,298,1000,91,90,202,69,,500,500
92AS06MARKIV_服_フォーマルドレス_表情_トロ顔,92_拼接.webp,298,1000,91,90,202,69,,500,500
92AS06MARKIV_服_フォーマルドレス_表情_笑顔,92_拼接.webp,389,1000,91,90,202,69,,500,500
92AS06MARKIV_服_フォーマルドレス_表情_通常,92_拼接.webp,0,0,1,1,0,0,,500,500
92AS06MARKIV_服躯_服_フォーマルドレス,92_拼接.webp,985,0,313,500,85,0,,500,500
92AS06MARKIV_服_下着_表情_イキ顔,92_拼接.webp,363,1090,91,86,201,73,,500,500
92AS06MARKIV_服_下着_表情_微笑,92_拼接.webp,480,1053,90,88,201,72,,500,500
92AS06MARKIV_服_下着_表情_性交,92_拼接.webp,0,990,107,101,185,59,,500,500
92AS06MARKIV_服_下着_表情_自慰,92_拼接.webp,0,990,107,101,185,59,,500,500
92AS06MARKIV_服_下着_表情_憤怒,92_拼接.webp,619,966,91,88,201,71,,500,500
92AS06MARKIV_服_下着_表情_発情,92_拼接.webp,924,500,91,85,200,74,,500,500
92AS06MARKIV_服_下着_表情_トロ顔,92_拼接.webp,924,500,91,85,200,74,,500,500
92AS06MARKIV_服_下着_表情_睡眠,92_拼接.webp,924,585,91,85,201,73,,500,500
92AS06MARKIV_服_下着_表情_笑顔,92_拼接.webp,570,1054,89,85,201,74,,500,500
92AS06MARKIV_服_下着_表情_通常,92_拼接.webp,0,0,1,1,0,0,,500,500
92AS06MARKIV_服躯_服_下着,92_拼接.webp,1602,0,262,500,101,0,,500,500
92AS06MARKIV_服_浴衣_表情_イキ顔,92_拼接.webp,107,990,96,98,206,63,,500,500
92AS06MARKIV_服_浴衣_表情_微笑,92_拼接.webp,526,771,94,95,208,67,,500,500
92AS06MARKIV_服_浴衣_表情_性交,92_拼接.webp,526,500,97,97,206,65,,500,500
92AS06MARKIV_服_浴衣_表情_自慰,92_拼接.webp,526,500,97,97,206,65,,500,500
92AS06MARKIV_服_浴衣_表情_憤怒,92_拼接.webp,620,778,95,94,208,67,,500,500
92AS06MARKIV_服_浴衣_表情_発情,92_拼接.webp,526,676,95,95,207,67,,500,500
92AS06MARKIV_服_浴衣_表情_トロ顔,92_拼接.webp,526,676,95,95,207,67,,500,500
92AS06MARKIV_服_浴衣_表情_笑顔,92_拼接.webp,203,1000,95,93,208,68,,500,500
92AS06MARKIV_服_浴衣_表情_通常,92_拼接.webp,0,0,1,1,0,0,,500,500
92AS06MARKIV_服躯_服_浴衣,92_拼接.webp,284,500,242,500,138,0,,500,500
92AS06MARKIV_服_私服_表情_イキ顔,92_拼接.webp,919,670,91,82,204,78,,500,500
92AS06MARKIV_服_私服_表情_微笑,92_拼接.webp,826,591,93,84,203,75,,500,500
92AS06MARKIV_服_私服_表情_性交,92_拼接.webp,891,964,90,80,204,79,,500,500
92AS06MARKIV_服_私服_表情_自慰,92_拼接.webp,891,964,90,80,204,79,,500,500
92AS06MARKIV_服_私服_表情_憤怒,92_拼接.webp,804,875,92,81,203,78,,500,500
92AS06MARKIV_服_私服_表情_発情,92_拼接.webp,918,752,91,82,203,76,,500,500
92AS06MARKIV_服_私服_表情_トロ顔,92_拼接.webp,918,752,91,82,203,76,,500,500
92AS06MARKIV_服_私服_表情_笑顔,92_拼接.webp,0,1091,95,92,201,68,,500,500
92AS06MARKIV_服_私服_表情_通常,92_拼接.webp,0,0,1,1,0,0,,500,500
92AS06MARKIV_服躯_服_私服,92_拼接.webp,669,0,316,500,85,0,,500,500
92AS06MARKIV_服_表情_イキ顔,92_拼接.webp,724,500,101,91,193,71,,500,500
92AS06MARKIV_服_表情_微笑,92_拼接.webp,715,781,98,90,193,72,,500,500
92AS06MARKIV_服_表情_性交,92_拼接.webp,623,500,101,92,193,71,,500,500
92AS06MARKIV_服_表情_自慰,92_拼接.webp,623,500,101,92,193,71,,500,500
92AS06MARKIV_服_表情_憤怒,92_拼接.webp,727,591,99,91,194,71,,500,500
92AS06MARKIV_服_表情_発情,92_拼接.webp,621,687,100,91,194,71,,500,500
92AS06MARKIV_服_表情_トロ顔,92_拼接.webp,621,687,100,91,194,71,,500,500
92AS06MARKIV_服_表情_笑顔,92_拼接.webp,825,500,99,91,194,71,,500,500
92AS06MARKIV_服_表情_通常,92_拼接.webp,0,0,1,1,0,0,,500,500
92AS06MARKIV_服躯_服,92_拼接.webp,0,0,341,500,75,0,,500,500
92AS06MARKIV_裸_表情_イキ顔,92_拼接.webp,888,1047,88,81,197,77,,500,500
92AS06MARKIV_裸_表情_微笑,92_拼接.webp,1010,740,82,79,199,78,,500,500
92AS06MARKIV_裸_表情_性交,92_拼接.webp,1015,500,89,79,197,77,,500,500
92AS06MARKIV_裸_表情_自慰,92_拼接.webp,1015,500,89,79,197,77,,500,500
92AS06MARKIV_裸_表情_憤怒,92_拼接.webp,526,597,104,79,181,76,,500,500
92AS06MARKIV_裸_表情_発情,92_拼接.webp,1015,579,87,80,198,78,,500,500
92AS06MARKIV_裸_表情_トロ顔,92_拼接.webp,1015,579,87,80,198,78,,500,500
92AS06MARKIV_裸_表情_睡眠,92_拼接.webp,659,1054,89,82,196,77,,500,500
92AS06MARKIV_裸_表情_笑顔,92_拼接.webp,1015,659,84,81,198,78,,500,500
92AS06MARKIV_裸_表情_通常,92_拼接.webp,0,0,1,1,0,0,,500,500
92AS06MARKIV_服躯_裸,92_拼接.webp,0,500,284,490,72,10,,500,500

別立ち2_服_通常_92,92_拼接.webp,0,0,341,500,75,0,,500,500
別顔2_服_通常_92,92_拼接.webp,25,0,300,300,0,0,,300,300
92AS06MARKIV_覆盖范围,92_拼接.webp,0,0,333,333,-83,0

;------------------------------------------------------------
;梦月
;------------------------------------------------------------
116AS06MARKIV_服_セーラー服_表情_イキ顔,116_拼接.webp,798,667,89,86,207,57,,500,500
116AS06MARKIV_服_セーラー服_表情_微笑,116_拼接.webp,973,736,86,83,209,60,,500,500
116AS06MARKIV_服_セーラー服_表情_性交,116_拼接.webp,709,843,90,87,207,57,,500,500
116AS06MARKIV_服_セーラー服_表情_自慰,116_拼接.webp,709,843,90,87,207,57,,500,500
116AS06MARKIV_服_セーラー服_表情_憤怒,116_拼接.webp,799,842,88,85,208,58,,500,500
116AS06MARKIV_服_セーラー服_表情_発情,116_拼接.webp,799,572,87,85,209,59,,500,500
116AS06MARKIV_服_セーラー服_表情_トロ顔,116_拼接.webp,799,572,87,85,209,59,,500,500
116AS06MARKIV_服_セーラー服_表情_笑顔,116_拼接.webp,719,484,89,88,207,55,,500,500
116AS06MARKIV_服_セーラー服_表情_通常,116_拼接.webp,0,0,1,1,0,0,,500,500
116AS06MARKIV_服躯_服_セーラー服,116_拼接.webp,211,500,209,494,147,6,,500,500
116AS06MARKIV_服_バニーギャル_表情_イキ顔,116_拼接.webp,620,484,99,95,206,57,,500,500
116AS06MARKIV_服_バニーギャル_表情_微笑,116_拼接.webp,795,930,89,85,212,62,,500,500
116AS06MARKIV_服_バニーギャル_表情_性交,116_拼接.webp,887,653,89,83,212,63,,500,500
116AS06MARKIV_服_バニーギャル_表情_自慰,116_拼接.webp,887,653,89,83,212,63,,500,500
116AS06MARKIV_服_バニーギャル_表情_憤怒,116_拼接.webp,822,0,89,82,212,64,,500,500
116AS06MARKIV_服_バニーギャル_表情_発情,116_拼接.webp,620,943,88,81,212,65,,500,500
116AS06MARKIV_服_バニーギャル_表情_トロ顔,116_拼接.webp,620,943,88,81,212,65,,500,500
116AS06MARKIV_服_バニーギャル_表情_笑顔,116_拼接.webp,822,82,88,82,212,64,,500,500
116AS06MARKIV_服_バニーギャル_表情_通常,116_拼接.webp,0,0,1,1,0,0,,500,500
116AS06MARKIV_服躯_服_バニーギャル,116_拼接.webp,0,0,262,500,111,0,,500,500
116AS06MARKIV_服_下着_表情_イキ顔,116_拼接.webp,620,674,89,90,203,58,,500,500
116AS06MARKIV_服_下着_表情_微笑,116_拼接.webp,709,755,87,88,203,59,,500,500
116AS06MARKIV_服_下着_表情_性交,116_拼接.webp,620,854,89,89,202,58,,500,500
116AS06MARKIV_服_下着_表情_自慰,116_拼接.webp,620,854,89,89,202,58,,500,500
116AS06MARKIV_服_下着_表情_憤怒,116_拼接.webp,709,667,89,88,203,60,,500,500
116AS06MARKIV_服_下着_表情_発情,116_拼接.webp,709,579,90,88,201,59,,500,500
116AS06MARKIV_服_下着_表情_トロ顔,116_拼接.webp,709,579,90,88,201,59,,500,500
116AS06MARKIV_服_下着_表情_睡眠,116_拼接.webp,620,764,89,90,202,58,,500,500
116AS06MARKIV_服_下着_表情_笑顔,116_拼接.webp,796,755,89,87,202,60,,500,500
116AS06MARKIV_服_下着_表情_通常,116_拼接.webp,0,0,1,1,0,0,,500,500
116AS06MARKIV_服躯_服_下着,116_拼接.webp,0,500,211,494,139,6,,500,500
116AS06MARKIV_服_私服_表情_イキ顔,116_拼接.webp,808,484,85,85,203,60,,500,500
116AS06MARKIV_服_私服_表情_微笑,116_拼接.webp,885,753,88,85,201,61,,500,500
116AS06MARKIV_服_私服_表情_性交,116_拼接.webp,968,922,85,83,202,62,,500,500
116AS06MARKIV_服_私服_表情_自慰,116_拼接.webp,968,922,85,83,202,62,,500,500
116AS06MARKIV_服_私服_表情_憤怒,116_拼接.webp,886,569,85,84,202,60,,500,500
116AS06MARKIV_服_私服_表情_発情,116_拼接.webp,822,164,85,82,202,62,,500,500
116AS06MARKIV_服_私服_表情_トロ顔,116_拼接.webp,822,164,85,82,202,62,,500,500
116AS06MARKIV_服_私服_表情_笑顔,116_拼接.webp,822,246,85,82,202,62,,500,500
116AS06MARKIV_服_私服_表情_通常,116_拼接.webp,0,0,1,1,0,0,,500,500
116AS06MARKIV_服躯_服_私服,116_拼接.webp,611,0,211,484,142,16,,500,500
116AS06MARKIV_服_表情_イキ顔,116_拼接.webp,893,410,83,82,208,63,,500,500
116AS06MARKIV_服_表情_微笑,116_拼接.webp,977,819,84,83,207,64,,500,500
116AS06MARKIV_服_表情_性交,116_拼接.webp,620,579,89,95,204,52,,500,500
116AS06MARKIV_服_表情_自慰,116_拼接.webp,620,579,89,95,204,52,,500,500
116AS06MARKIV_服_表情_憤怒,116_拼接.webp,1053,902,84,83,207,63,,500,500
116AS06MARKIV_服_表情_発情,116_拼接.webp,884,927,84,85,207,61,,500,500
116AS06MARKIV_服_表情_トロ顔,116_拼接.webp,884,927,84,85,207,61,,500,500
116AS06MARKIV_服_表情_笑顔,116_拼接.webp,822,328,84,82,207,64,,500,500
116AS06MARKIV_服_表情_通常,116_拼接.webp,0,0,1,1,0,0,,500,500
116AS06MARKIV_服躯_服,116_拼接.webp,262,0,349,493,73,7,,500,500
116AS06MARKIV_裸_表情_イキ顔,116_拼接.webp,971,492,86,79,206,67,,500,500
116AS06MARKIV_裸_表情_微笑,116_拼接.webp,887,838,90,84,204,63,,500,500
116AS06MARKIV_裸_表情_性交,116_拼接.webp,976,650,86,78,206,67,,500,500
116AS06MARKIV_裸_表情_自慰,116_拼接.webp,976,650,86,78,206,67,,500,500
116AS06MARKIV_裸_表情_憤怒,116_拼接.webp,708,943,87,80,205,67,,500,500
116AS06MARKIV_裸_表情_発情,116_拼接.webp,971,571,86,79,206,66,,500,500
116AS06MARKIV_裸_表情_トロ顔,116_拼接.webp,971,571,86,79,206,66,,500,500
116AS06MARKIV_裸_表情_睡眠,116_拼接.webp,976,407,86,79,206,68,,500,500
116AS06MARKIV_裸_表情_笑顔,116_拼接.webp,906,328,87,79,206,67,,500,500
116AS06MARKIV_裸_表情_通常,116_拼接.webp,0,0,1,1,0,0,,500,500
116AS06MARKIV_服躯_裸,116_拼接.webp,420,493,200,485,145,15,,500,500

別立ち_服_通常_116,116_拼接.webp,262,0,349,493,73,7,,500,500
別顔_服_通常_116,116_拼接.webp,289,0,300,293,0,7,,300,300
116AS06MARKIV_覆盖范围,116_拼接.webp,0,0,333,333,-83,0

;------------------------------------------------------------
;幻月
;------------------------------------------------------------
117AS06MARKIV_服_セーラー服_表情_イキ顔,117_拼接.webp,388,305,96,97,204,70,,500,500
117AS06MARKIV_服_セーラー服_表情_微笑,117_拼接.webp,490,0,94,95,204,70,,500,500
117AS06MARKIV_服_セーラー服_表情_性交,117_拼接.webp,484,300,93,96,204,71,,500,500
117AS06MARKIV_服_セーラー服_表情_自慰,117_拼接.webp,484,300,93,96,204,71,,500,500
117AS06MARKIV_服_セーラー服_表情_憤怒,117_拼接.webp,388,684,92,95,205,71,,500,500
117AS06MARKIV_服_セーラー服_表情_発情,117_拼接.webp,483,102,94,96,204,71,,500,500
117AS06MARKIV_服_セーラー服_表情_トロ顔,117_拼接.webp,483,102,94,96,204,71,,500,500
117AS06MARKIV_服_セーラー服_表情_笑顔,117_拼接.webp,388,102,95,100,203,66,,500,500
117AS06MARKIV_服_セーラー服_表情_通常,117_拼接.webp,0,0,1,1,0,0,,500,500
117AS06MARKIV_服躯_服_セーラー服,117_拼接.webp,0,0,388,500,56,0,,500,500
117AS06MARKIV_服_バニーギャル_表情_イキ顔,117_拼接.webp,575,588,91,93,204,71,,500,500
117AS06MARKIV_服_バニーギャル_表情_微笑,117_拼接.webp,388,779,92,95,203,70,,500,500
117AS06MARKIV_服_バニーギャル_表情_性交,117_拼接.webp,754,678,89,94,206,71,,500,500
117AS06MARKIV_服_バニーギャル_表情_自慰,117_拼接.webp,754,678,89,94,206,71,,500,500
117AS06MARKIV_服_バニーギャル_表情_憤怒,117_拼接.webp,388,0,102,102,195,65,,500,500
117AS06MARKIV_服_バニーギャル_表情_発情,117_拼接.webp,664,774,91,92,204,71,,500,500
117AS06MARKIV_服_バニーギャル_表情_トロ顔,117_拼接.webp,664,774,91,92,204,71,,500,500
117AS06MARKIV_服_バニーギャル_表情_笑顔,117_拼接.webp,480,202,93,98,202,66,,500,500
117AS06MARKIV_服_バニーギャル_表情_通常,117_拼接.webp,0,0,1,1,0,0,,500,500
117AS06MARKIV_服躯_服_バニーギャル,117_拼接.webp,0,500,388,500,56,0,,500,500
117AS06MARKIV_服_下着_表情_イキ顔,117_拼接.webp,573,198,93,94,206,68,,500,500
117AS06MARKIV_服_下着_表情_微笑,117_拼接.webp,388,402,94,95,206,68,,500,500
117AS06MARKIV_服_下着_表情_性交,117_拼接.webp,388,591,94,93,206,69,,500,500
117AS06MARKIV_服_下着_表情_自慰,117_拼接.webp,388,591,94,93,206,69,,500,500
117AS06MARKIV_服_下着_表情_憤怒,117_拼接.webp,482,402,94,94,206,69,,500,500
117AS06MARKIV_服_下着_表情_発情,117_拼接.webp,388,497,95,94,205,68,,500,500
117AS06MARKIV_服_下着_表情_トロ顔,117_拼接.webp,388,497,95,94,205,68,,500,500
117AS06MARKIV_服_下着_表情_睡眠,117_拼接.webp,577,95,93,94,206,68,,500,500
117AS06MARKIV_服_下着_表情_笑顔,117_拼接.webp,482,591,93,93,207,70,,500,500
117AS06MARKIV_服_下着_表情_通常,117_拼接.webp,0,0,1,1,0,0,,500,500
117AS06MARKIV_服躯_服_下着,117_拼接.webp,384,1000,313,463,89,37,,500,500
117AS06MARKIV_服_私服_表情_イキ顔,117_拼接.webp,666,588,94,90,196,75,,500,500
117AS06MARKIV_服_私服_表情_微笑,117_拼接.webp,666,189,91,89,197,75,,500,500
117AS06MARKIV_服_私服_表情_性交,117_拼接.webp,576,396,92,90,197,74,,500,500
117AS06MARKIV_服_私服_表情_自慰,117_拼接.webp,576,396,92,90,197,74,,500,500
117AS06MARKIV_服_私服_表情_憤怒,117_拼接.webp,577,292,91,90,198,74,,500,500
117AS06MARKIV_服_私服_表情_発情,117_拼接.webp,659,872,94,91,196,75,,500,500
117AS06MARKIV_服_私服_表情_トロ顔,117_拼接.webp,659,872,94,91,196,75,,500,500
117AS06MARKIV_服_私服_表情_笑顔,117_拼接.webp,670,94,91,87,198,77,,500,500
117AS06MARKIV_服_私服_表情_通常,117_拼接.webp,0,0,1,1,0,0,,500,500
117AS06MARKIV_服躯_服_私服,117_拼接.webp,0,1500,380,495,60,5,,500,500
117AS06MARKIV_服_表情_イキ顔,117_拼接.webp,480,779,93,93,207,73,,500,500
117AS06MARKIV_服_表情_微笑,117_拼接.webp,584,0,93,94,207,72,,500,500
117AS06MARKIV_服_表情_性交,117_拼接.webp,572,684,91,94,207,72,,500,500
117AS06MARKIV_服_表情_自慰,117_拼接.webp,572,684,91,94,207,72,,500,500
117AS06MARKIV_服_表情_憤怒,117_拼接.webp,388,874,92,95,207,72,,500,500
117AS06MARKIV_服_表情_発情,117_拼接.webp,480,684,92,95,207,72,,500,500
117AS06MARKIV_服_表情_トロ顔,117_拼接.webp,480,684,92,95,207,72,,500,500
117AS06MARKIV_服_表情_笑顔,117_拼接.webp,663,681,91,93,207,72,,500,500
117AS06MARKIV_服_表情_通常,117_拼接.webp,0,0,1,1,0,0,,500,500
117AS06MARKIV_服躯_服,117_拼接.webp,380,1500,344,496,78,4,,500,500
117AS06MARKIV_裸_表情_イキ顔,117_拼接.webp,573,778,91,94,207,68,,500,500
117AS06MARKIV_裸_表情_微笑,117_拼接.webp,667,486,88,94,208,68,,500,500
117AS06MARKIV_裸_表情_性交,117_拼接.webp,575,496,92,92,207,69,,500,500
117AS06MARKIV_裸_表情_自慰,117_拼接.webp,575,496,92,92,207,69,,500,500
117AS06MARKIV_裸_表情_憤怒,117_拼接.webp,483,496,92,95,207,67,,500,500
117AS06MARKIV_裸_表情_発情,117_拼接.webp,388,202,92,103,207,63,,500,500
117AS06MARKIV_裸_表情_トロ顔,117_拼接.webp,388,202,92,103,207,63,,500,500
117AS06MARKIV_裸_表情_睡眠,117_拼接.webp,480,872,90,96,207,67,,500,500
117AS06MARKIV_裸_表情_笑顔,117_拼接.webp,570,872,89,97,206,67,,500,500
117AS06MARKIV_裸_表情_通常,117_拼接.webp,0,0,1,1,0,0,,500,500
117AS06MARKIV_服躯_裸,117_拼接.webp,0,1000,384,500,58,0,,500,500

別立ち_服_通常_117,117_拼接.webp,380,1500,344,496,78,4,,500,500
別顔_服_通常_117,117_拼接.webp,402,1500,300,296,0,4,,300,300
117AS06MARKIV_覆盖范围,117_拼接.webp,0,0,333,333,-83,0

;------------------------------------------------------------
;胡桃
;------------------------------------------------------------
114AS06MARKIV_服_セーラー服_表情_イキ顔,114_拼接.webp,454,864,93,88,204,63,,500,500
114AS06MARKIV_服_セーラー服_表情_微笑,114_拼接.webp,382,0,93,88,204,63,,500,500
114AS06MARKIV_服_セーラー服_表情_性交,114_拼接.webp,382,176,92,88,204,62,,500,500
114AS06MARKIV_服_セーラー服_表情_自慰,114_拼接.webp,382,176,92,88,204,62,,500,500
114AS06MARKIV_服_セーラー服_表情_憤怒,114_拼接.webp,382,264,92,88,204,63,,500,500
114AS06MARKIV_服_セーラー服_表情_発情,114_拼接.webp,382,88,93,88,204,64,,500,500
114AS06MARKIV_服_セーラー服_表情_トロ顔,114_拼接.webp,382,88,93,88,204,64,,500,500
114AS06MARKIV_服_セーラー服_表情_笑顔,114_拼接.webp,475,0,92,87,204,63,,500,500
114AS06MARKIV_服_セーラー服_表情_通常,114_拼接.webp,0,0,1,1,0,0,,500,500
114AS06MARKIV_服躯_服_セーラー服,114_拼接.webp,0,500,366,500,67,0,,500,500
114AS06MARKIV_服_バニーギャル_表情_イキ顔,114_拼接.webp,455,696,88,83,207,67,,500,500
114AS06MARKIV_服_バニーギャル_表情_微笑,114_拼接.webp,455,779,88,83,207,67,,500,500
114AS06MARKIV_服_バニーギャル_表情_性交,114_拼接.webp,543,696,88,83,207,67,,500,500
114AS06MARKIV_服_バニーギャル_表情_自慰,114_拼接.webp,543,696,88,83,207,67,,500,500
114AS06MARKIV_服_バニーギャル_表情_憤怒,114_拼接.webp,735,0,88,84,207,67,,500,500
114AS06MARKIV_服_バニーギャル_表情_発情,114_拼接.webp,559,174,89,86,207,66,,500,500
114AS06MARKIV_服_バニーギャル_表情_トロ顔,114_拼接.webp,559,174,89,86,207,66,,500,500
114AS06MARKIV_服_バニーギャル_表情_笑顔,114_拼接.webp,544,613,88,83,207,68,,500,500
114AS06MARKIV_服_バニーギャル_表情_通常,114_拼接.webp,0,0,1,1,0,0,,500,500
114AS06MARKIV_服躯_服_バニーギャル,114_拼接.webp,0,1000,344,500,78,0,,500,500
114AS06MARKIV_服_下着_表情_イキ顔,114_拼接.webp,382,352,89,88,211,64,,500,500
114AS06MARKIV_服_下着_表情_微笑,114_拼接.webp,366,500,89,92,211,61,,500,500
114AS06MARKIV_服_下着_表情_性交,114_拼接.webp,366,864,88,89,212,64,,500,500
114AS06MARKIV_服_下着_表情_自慰,114_拼接.webp,366,864,88,89,212,64,,500,500
114AS06MARKIV_服_下着_表情_憤怒,114_拼接.webp,366,775,89,89,211,63,,500,500
114AS06MARKIV_服_下着_表情_発情,114_拼接.webp,455,440,89,88,211,64,,500,500
114AS06MARKIV_服_下着_表情_トロ顔,114_拼接.webp,455,440,89,88,211,64,,500,500
114AS06MARKIV_服_下着_表情_睡眠,114_拼接.webp,366,684,89,91,211,62,,500,500
114AS06MARKIV_服_下着_表情_笑顔,114_拼接.webp,366,592,89,92,211,62,,500,500
114AS06MARKIV_服_下着_表情_通常,114_拼接.webp,0,0,1,1,0,0,,500,500
114AS06MARKIV_服躯_服_下着,114_拼接.webp,337,1500,340,494,80,6,,500,500
114AS06MARKIV_服_私服_表情_イキ顔,114_拼接.webp,455,613,89,83,208,68,,500,500
114AS06MARKIV_服_私服_表情_微笑,114_拼接.webp,547,862,87,80,209,70,,500,500
114AS06MARKIV_服_私服_表情_性交,114_拼接.webp,630,779,87,79,209,70,,500,500
114AS06MARKIV_服_私服_表情_自慰,114_拼接.webp,630,779,87,79,209,70,,500,500
114AS06MARKIV_服_私服_表情_憤怒,114_拼接.webp,543,779,87,83,209,68,,500,500
114AS06MARKIV_服_私服_表情_発情,114_拼接.webp,545,525,87,82,209,68,,500,500
114AS06MARKIV_服_私服_表情_トロ顔,114_拼接.webp,545,525,87,82,209,68,,500,500
114AS06MARKIV_服_私服_表情_笑顔,114_拼接.webp,471,352,88,88,208,63,,500,500
114AS06MARKIV_服_私服_表情_通常,114_拼接.webp,0,0,1,1,0,0,,500,500
114AS06MARKIV_服躯_服_私服,114_拼接.webp,0,0,382,500,59,0,,500,500
114AS06MARKIV_服_表情_イキ顔,114_拼接.webp,475,87,84,87,212,65,,500,500
114AS06MARKIV_服_表情_微笑,114_拼接.webp,559,87,84,87,212,65,,500,500
114AS06MARKIV_服_表情_性交,114_拼接.webp,474,176,85,88,211,64,,500,500
114AS06MARKIV_服_表情_自慰,114_拼接.webp,474,176,85,88,211,64,,500,500
114AS06MARKIV_服_表情_憤怒,114_拼接.webp,567,0,84,87,212,65,,500,500
114AS06MARKIV_服_表情_発情,114_拼接.webp,643,87,85,86,211,65,,500,500
114AS06MARKIV_服_表情_トロ顔,114_拼接.webp,643,87,85,86,211,65,,500,500
114AS06MARKIV_服_表情_笑顔,114_拼接.webp,651,0,84,86,212,65,,500,500
114AS06MARKIV_服_表情_通常,114_拼接.webp,0,0,1,1,0,0,,500,500
114AS06MARKIV_服躯_服,114_拼接.webp,344,1000,334,486,80,14,,500,500
114AS06MARKIV_裸_表情_イキ顔,114_拼接.webp,559,351,90,84,201,67,,500,500
114AS06MARKIV_裸_表情_微笑,114_拼接.webp,568,260,89,84,202,67,,500,500
114AS06MARKIV_裸_表情_性交,114_拼接.webp,648,173,89,84,202,67,,500,500
114AS06MARKIV_裸_表情_自慰,114_拼接.webp,648,173,89,84,202,67,,500,500
114AS06MARKIV_裸_表情_憤怒,114_拼接.webp,728,86,89,84,202,67,,500,500
114AS06MARKIV_裸_表情_発情,114_拼接.webp,474,264,94,87,198,65,,500,500
114AS06MARKIV_裸_表情_トロ顔,114_拼接.webp,474,264,94,87,198,65,,500,500
114AS06MARKIV_裸_表情_睡眠,114_拼接.webp,455,528,90,85,201,66,,500,500
114AS06MARKIV_裸_表情_笑顔,114_拼接.webp,544,440,89,85,201,66,,500,500
114AS06MARKIV_裸_表情_通常,114_拼接.webp,0,0,1,1,0,0,,500,500
114AS06MARKIV_服躯_裸,114_拼接.webp,0,1500,337,500,79,0,,500,500

別立ち2_服_通常_114,114_拼接.webp,344,1000,334,486,80,14,,500,500
別顔2_服_通常_114,114_拼接.webp,364,1000,300,286,0,14,,300,300
114AS06MARKIV_覆盖范围,114_拼接.webp,0,0,333,333,-83,0

;------------------------------------------------------------
;艾丽
;------------------------------------------------------------
115AS06MARKIV_服_ガウン_表情_イキ顔,115_拼接.webp,704,1838,87,78,207,85,,500,500
115AS06MARKIV_服_ガウン_表情_微笑,115_拼接.webp,749,1582,85,78,208,85,,500,500
115AS06MARKIV_服_ガウン_表情_性交,115_拼接.webp,632,1922,88,78,207,85,,500,500
115AS06MARKIV_服_ガウン_表情_自慰,115_拼接.webp,632,1922,88,78,207,85,,500,500
115AS06MARKIV_服_ガウン_表情_憤怒,115_拼接.webp,658,1270,86,78,207,85,,500,500
115AS06MARKIV_服_ガウン_表情_発情,115_拼接.webp,734,1185,86,78,207,85,,500,500
115AS06MARKIV_服_ガウン_表情_トロ顔,115_拼接.webp,734,1185,86,78,207,85,,500,500
115AS06MARKIV_服_ガウン_表情_笑顔,115_拼接.webp,658,1348,86,78,207,85,,500,500
115AS06MARKIV_服_ガウン_表情_通常,115_拼接.webp,0,0,1,1,0,0,,500,500
115AS06MARKIV_服躯_服_ガウン,115_拼接.webp,239,0,272,473,115,27,,500,500
115AS06MARKIV_服_セーラー服_表情_イキ顔,115_拼接.webp,758,1496,85,76,206,86,,500,500
115AS06MARKIV_服_セーラー服_表情_微笑,115_拼接.webp,665,1426,86,78,206,83,,500,500
115AS06MARKIV_服_セーラー服_表情_性交,115_拼接.webp,751,1419,83,77,208,85,,500,500
115AS06MARKIV_服_セーラー服_表情_自慰,115_拼接.webp,751,1419,83,77,208,85,,500,500
115AS06MARKIV_服_セーラー服_表情_憤怒,115_拼接.webp,752,1660,82,76,208,86,,500,500
115AS06MARKIV_服_セーラー服_表情_発情,115_拼接.webp,744,1263,85,78,207,84,,500,500
115AS06MARKIV_服_セーラー服_表情_トロ顔,115_拼接.webp,744,1263,85,78,207,84,,500,500
115AS06MARKIV_服_セーラー服_表情_笑顔,115_拼接.webp,584,1520,88,80,204,83,,500,500
115AS06MARKIV_服_セーラー服_表情_通常,115_拼接.webp,0,0,1,1,0,0,,500,500
115AS06MARKIV_服躯_服_セーラー服,115_拼接.webp,0,975,210,473,143,27,,500,500
115AS06MARKIV_服_チャイナドレス_表情_イキ顔,115_拼接.webp,569,1276,89,83,205,81,,500,500
115AS06MARKIV_服_チャイナドレス_表情_微笑,115_拼接.webp,487,1443,88,81,205,82,,500,500
115AS06MARKIV_服_チャイナドレス_表情_性交,115_拼接.webp,451,1966,91,82,202,81,,500,500
115AS06MARKIV_服_チャイナドレス_表情_自慰,115_拼接.webp,451,1966,91,82,202,81,,500,500
115AS06MARKIV_服_チャイナドレス_表情_憤怒,115_拼接.webp,577,1684,87,80,206,83,,500,500
115AS06MARKIV_服_チャイナドレス_表情_発情,115_拼接.webp,641,1189,93,81,201,82,,500,500
115AS06MARKIV_服_チャイナドレス_表情_トロ顔,115_拼接.webp,641,1189,93,81,201,82,,500,500
115AS06MARKIV_服_チャイナドレス_表情_笑顔,115_拼接.webp,579,1764,88,79,204,83,,500,500
115AS06MARKIV_服_チャイナドレス_表情_通常,115_拼接.webp,0,0,1,1,0,0,,500,500
115AS06MARKIV_服躯_服_チャイナドレス,115_拼接.webp,202,1448,202,469,147,31,,500,500
115AS06MARKIV_服_バニーギャル_表情_イキ顔,115_拼接.webp,564,1107,88,82,205,82,,500,500
115AS06MARKIV_服_バニーギャル_表情_微笑,115_拼接.webp,664,1680,88,79,206,84,,500,500
115AS06MARKIV_服_バニーギャル_表情_性交,115_拼接.webp,570,1359,88,81,205,83,,500,500
115AS06MARKIV_服_バニーギャル_表情_自慰,115_拼接.webp,570,1359,88,81,205,83,,500,500
115AS06MARKIV_服_バニーギャル_表情_憤怒,115_拼接.webp,652,1104,90,81,204,83,,500,500
115AS06MARKIV_服_バニーギャル_表情_発情,115_拼接.webp,481,937,90,85,204,79,,500,500
115AS06MARKIV_服_バニーギャル_表情_トロ顔,115_拼接.webp,481,937,90,85,204,79,,500,500
115AS06MARKIV_服_バニーギャル_表情_笑顔,115_拼接.webp,569,1022,88,82,205,82,,500,500
115AS06MARKIV_服_バニーギャル_表情_通常,115_拼接.webp,0,0,1,1,0,0,,500,500
115AS06MARKIV_服躯_服_バニーギャル,115_拼接.webp,0,0,239,500,100,0,,500,500
115AS06MARKIV_服_フォーマルドレス_表情_イキ顔,115_拼接.webp,663,1600,86,80,212,85,,500,500
115AS06MARKIV_服_フォーマルドレス_表情_微笑,115_拼接.webp,744,1341,85,78,213,86,,500,500
115AS06MARKIV_服_フォーマルドレス_表情_性交,115_拼接.webp,619,1843,85,79,212,86,,500,500
115AS06MARKIV_服_フォーマルドレス_表情_自慰,115_拼接.webp,619,1843,85,79,212,86,,500,500
115AS06MARKIV_服_フォーマルドレス_表情_憤怒,115_拼接.webp,720,1916,87,78,211,86,,500,500
115AS06MARKIV_服_フォーマルドレス_表情_発情,115_拼接.webp,672,1504,86,78,212,86,,500,500
115AS06MARKIV_服_フォーマルドレス_表情_トロ顔,115_拼接.webp,672,1504,86,78,212,86,,500,500
115AS06MARKIV_服_フォーマルドレス_表情_笑顔,115_拼接.webp,667,1759,85,79,212,85,,500,500
115AS06MARKIV_服_フォーマルドレス_表情_通常,115_拼接.webp,0,0,1,1,0,0,,500,500
115AS06MARKIV_服躯_服_フォーマルドレス,115_拼接.webp,0,500,318,475,92,25,,500,500
115AS06MARKIV_服_下着_表情_イキ顔,115_拼接.webp,0,1919,92,94,201,70,,500,500
115AS06MARKIV_服_下着_表情_微笑,115_拼接.webp,275,1917,88,88,203,75,,500,500
115AS06MARKIV_服_下着_表情_性交,115_拼接.webp,404,1531,89,87,203,76,,500,500
115AS06MARKIV_服_下着_表情_自慰,115_拼接.webp,404,1531,89,87,203,76,,500,500
115AS06MARKIV_服_下着_表情_憤怒,115_拼接.webp,481,1022,88,85,204,77,,500,500
115AS06MARKIV_服_下着_表情_発情,115_拼接.webp,481,1277,88,84,203,77,,500,500
115AS06MARKIV_服_下着_表情_トロ顔,115_拼接.webp,481,1277,88,84,203,77,,500,500
115AS06MARKIV_服_下着_表情_睡眠,115_拼接.webp,186,1919,89,89,203,74,,500,500
115AS06MARKIV_服_下着_表情_笑顔,115_拼接.webp,490,1792,89,86,203,76,,500,500
115AS06MARKIV_服_下着_表情_通常,115_拼接.webp,0,0,1,1,0,0,,500,500
115AS06MARKIV_服躯_服_下着,115_拼接.webp,0,1448,202,471,136,29,,500,500
115AS06MARKIV_服_私服_表情_イキ顔,115_拼接.webp,752,1736,87,72,208,84,,500,500
115AS06MARKIV_服_私服_表情_微笑,115_拼接.webp,574,1604,89,80,208,82,,500,500
115AS06MARKIV_服_私服_表情_性交,115_拼接.webp,542,1964,90,84,207,80,,500,500
115AS06MARKIV_服_私服_表情_自慰,115_拼接.webp,542,1964,90,84,207,80,,500,500
115AS06MARKIV_服_私服_表情_憤怒,115_拼接.webp,493,1524,91,80,206,81,,500,500
115AS06MARKIV_服_私服_表情_発情,115_拼接.webp,481,1361,89,82,207,80,,500,500
115AS06MARKIV_服_私服_表情_トロ顔,115_拼接.webp,481,1361,89,82,207,80,,500,500
115AS06MARKIV_服_私服_表情_笑顔,115_拼接.webp,575,1440,90,80,207,81,,500,500
115AS06MARKIV_服_私服_表情_通常,115_拼接.webp,0,0,1,1,0,0,,500,500
115AS06MARKIV_服躯_服_私服,115_拼接.webp,511,0,241,463,139,37,,500,500
115AS06MARKIV_服_表情_性交,115_拼接.webp,492,1618,82,86,204,78,,500,500
115AS06MARKIV_服_表情_自慰,115_拼接.webp,492,1618,82,86,204,78,,500,500
115AS06MARKIV_服_表情_イキ顔,115_拼接.webp,404,1443,83,88,204,77,,500,500
115AS06MARKIV_服_表情_微笑,115_拼接.webp,481,1192,79,85,207,80,,500,500
115AS06MARKIV_服_表情_憤怒,115_拼接.webp,481,1107,83,85,204,80,,500,500
115AS06MARKIV_服_表情_発情,115_拼接.webp,560,1192,81,84,204,80,,500,500
115AS06MARKIV_服_表情_トロ顔,115_拼接.webp,560,1192,81,84,204,80,,500,500
115AS06MARKIV_服_表情_笑顔,115_拼接.webp,537,1878,82,86,205,78,,500,500
115AS06MARKIV_服_表情_通常,115_拼接.webp,0,0,1,1,0,0,,500,500
115AS06MARKIV_服躯_服,115_拼接.webp,210,975,271,468,111,32,,500,500
115AS06MARKIV_裸_表情_イキ顔,115_拼接.webp,491,1705,86,86,209,78,,500,500
115AS06MARKIV_裸_表情_微笑,115_拼接.webp,404,1792,86,87,209,77,,500,500
115AS06MARKIV_裸_表情_性交,115_拼接.webp,404,1618,88,87,209,77,,500,500
115AS06MARKIV_裸_表情_自慰,115_拼接.webp,404,1618,88,87,209,77,,500,500
115AS06MARKIV_裸_表情_憤怒,115_拼接.webp,404,1705,87,87,208,77,,500,500
115AS06MARKIV_裸_表情_発情,115_拼接.webp,363,1917,88,88,209,78,,500,500
115AS06MARKIV_裸_表情_トロ顔,115_拼接.webp,363,1917,88,88,209,78,,500,500
115AS06MARKIV_裸_表情_睡眠,115_拼接.webp,92,1919,94,91,209,75,,500,500
115AS06MARKIV_裸_表情_笑顔,115_拼接.webp,451,1879,86,87,210,77,,500,500
115AS06MARKIV_裸_表情_通常,115_拼接.webp,0,0,1,1,0,0,,500,500
115AS06MARKIV_服躯_裸,115_拼接.webp,318,473,197,464,155,36,,500,500

別立ち2_服_通常_115,115_拼接.webp,210,975,271,468,111,32,,500,500
別顔2_服_通常_115,115_拼接.webp,210,975,271,268,11,32,,300,300
115AS06MARKIV_覆盖范围,115_拼接.webp,0,0,333,333,-83,0

;------------------------------------------------------------
;慧音
;------------------------------------------------------------
;------------------------------------------------------------
;慧音
;------------------------------------------------------------
67AS06MARKIV_服_ウェディングドレス_表情_イキ顔,67_拼接.webp,997,1458,82,83,205,78,,500,500
67AS06MARKIV_服_ウェディングドレス_表情_微笑,67_拼接.webp,1364,0,86,83,204,77,,500,500
67AS06MARKIV_服_ウェディングドレス_表情_性交,67_拼接.webp,1443,354,83,83,205,77,,500,500
67AS06MARKIV_服_ウェディングドレス_表情_自慰,67_拼接.webp,1443,354,83,83,205,77,,500,500
67AS06MARKIV_服_ウェディングドレス_表情_憤怒,67_拼接.webp,1619,179,85,83,205,77,,500,500
67AS06MARKIV_服_ウェディングドレス_表情_発情,67_拼接.webp,1364,268,84,84,205,77,,500,500
67AS06MARKIV_服_ウェディングドレス_表情_トロ顔,67_拼接.webp,1364,268,84,84,205,77,,500,500
67AS06MARKIV_服_ウェディングドレス_表情_笑顔,67_拼接.webp,1608,262,85,83,204,77,,500,500
67AS06MARKIV_服_ウェディングドレス_表情_通常,67_拼接.webp,0,0,1,1,0,0,,500,500
67AS06MARKIV_服躯_服_ウェディングドレス,67_拼接.webp,336,500,357,485,69,15,,500,500
67AS06MARKIV_服_ガウン_表情_イキ顔,67_拼接.webp,899,1541,77,79,210,83,,500,500
67AS06MARKIV_服_ガウン_表情_微笑,67_拼接.webp,1161,1458,78,79,209,83,,500,500
67AS06MARKIV_服_ガウン_表情_性交,67_拼接.webp,414,1553,76,79,209,82,,500,500
67AS06MARKIV_服_ガウン_表情_自慰,67_拼接.webp,414,1553,76,79,209,82,,500,500
67AS06MARKIV_服_ガウン_表情_憤怒,67_拼接.webp,646,1552,76,78,211,83,,500,500
67AS06MARKIV_服_ガウン_表情_発情,67_拼接.webp,1239,1458,78,79,209,83,,500,500
67AS06MARKIV_服_ガウン_表情_トロ顔,67_拼接.webp,1239,1458,78,79,209,83,,500,500
67AS06MARKIV_服_ガウン_表情_笑顔,67_拼接.webp,1403,1402,78,79,208,83,,500,500
67AS06MARKIV_服_ガウン_表情_通常,67_拼接.webp,0,0,1,1,0,0,,500,500
67AS06MARKIV_服躯_服_ガウン,67_拼接.webp,997,992,322,466,89,34,,500,500
67AS06MARKIV_服_セーラー服_表情_イキ顔,67_拼接.webp,1139,1538,78,77,210,84,,500,500
67AS06MARKIV_服_セーラー服_表情_微笑,67_拼接.webp,1858,147,76,71,211,88,,500,500
67AS06MARKIV_服_セーラー服_表情_性交,67_拼接.webp,1848,293,76,72,211,88,,500,500
67AS06MARKIV_服_セーラー服_表情_自慰,67_拼接.webp,1848,293,76,72,211,88,,500,500
67AS06MARKIV_服_セーラー服_表情_憤怒,67_拼接.webp,1778,472,76,73,211,88,,500,500
67AS06MARKIV_服_セーラー服_表情_発情,67_拼接.webp,1704,72,78,73,210,87,,500,500
67AS06MARKIV_服_セーラー服_表情_トロ顔,67_拼接.webp,1704,72,78,73,210,87,,500,500
67AS06MARKIV_服_セーラー服_表情_笑顔,67_拼接.webp,1782,75,77,72,211,88,,500,500
67AS06MARKIV_服_セーラー服_表情_通常,67_拼接.webp,0,0,1,1,0,0,,500,500
67AS06MARKIV_服躯_服_セーラー服,67_拼接.webp,1319,934,265,468,118,32,,500,500
67AS06MARKIV_服_バニーギャル_表情_イキ顔,67_拼接.webp,1584,1083,81,75,208,86,,500,500
67AS06MARKIV_服_バニーギャル_表情_微笑,67_拼接.webp,1584,1233,80,73,209,88,,500,500
67AS06MARKIV_服_バニーギャル_表情_性交,67_拼接.webp,1619,93,85,86,205,75,,500,500
67AS06MARKIV_服_バニーギャル_表情_自慰,67_拼接.webp,1619,93,85,86,205,75,,500,500
67AS06MARKIV_服_バニーギャル_表情_憤怒,67_拼接.webp,976,1541,82,77,208,85,,500,500
67AS06MARKIV_服_バニーギャル_表情_発情,67_拼接.webp,1058,1541,81,77,208,85,,500,500
67AS06MARKIV_服_バニーギャル_表情_トロ顔,67_拼接.webp,1058,1541,81,77,208,85,,500,500
67AS06MARKIV_服_バニーギャル_表情_笑顔,67_拼接.webp,1693,262,79,72,209,89,,500,500
67AS06MARKIV_服_バニーギャル_表情_通常,67_拼接.webp,0,0,1,1,0,0,,500,500
67AS06MARKIV_服躯_服_バニーギャル,67_拼接.webp,0,978,333,500,78,0,,500,500
67AS06MARKIV_服_メイド_表情_イキ顔,67_拼接.webp,1526,184,82,84,208,75,,500,500
67AS06MARKIV_服_メイド_表情_微笑,67_拼接.webp,657,1461,82,83,207,77,,500,500
67AS06MARKIV_服_メイド_表情_性交,67_拼接.webp,414,1471,80,82,208,78,,500,500
67AS06MARKIV_服_メイド_表情_自慰,67_拼接.webp,414,1471,80,82,208,78,,500,500
67AS06MARKIV_服_メイド_表情_憤怒,67_拼接.webp,333,1471,81,83,208,77,,500,500
67AS06MARKIV_服_メイド_表情_発情,67_拼接.webp,577,1471,80,81,208,79,,500,500
67AS06MARKIV_服_メイド_表情_トロ顔,67_拼接.webp,577,1471,80,81,208,79,,500,500
67AS06MARKIV_服_メイド_表情_笑顔,67_拼接.webp,0,1478,81,83,208,77,,500,500
67AS06MARKIV_服_メイド_表情_通常,67_拼接.webp,0,0,1,1,0,0,,500,500
67AS06MARKIV_服躯_服_メイド,67_拼接.webp,0,0,364,478,64,22,,500,500
67AS06MARKIV_服_下着_表情_イキ顔,67_拼接.webp,310,1561,78,78,208,83,,500,500
67AS06MARKIV_服_下着_表情_微笑,67_拼接.webp,1860,0,75,75,211,84,,500,500
67AS06MARKIV_服_下着_表情_性交,67_拼接.webp,1848,365,75,73,211,85,,500,500
67AS06MARKIV_服_下着_表情_自慰,67_拼接.webp,1848,365,75,73,211,85,,500,500
67AS06MARKIV_服_下着_表情_憤怒,67_拼接.webp,1702,472,76,74,211,85,,500,500
67AS06MARKIV_服_下着_表情_発情,67_拼接.webp,1772,293,76,75,211,84,,500,500
67AS06MARKIV_服_下着_表情_トロ顔,67_拼接.webp,1772,293,76,75,211,84,,500,500
67AS06MARKIV_服_下着_表情_睡眠,67_拼接.webp,1665,648,76,74,211,85,,500,500
67AS06MARKIV_服_下着_表情_笑顔,67_拼接.webp,1849,218,75,75,211,85,,500,500
67AS06MARKIV_服_下着_表情_通常,67_拼接.webp,0,0,1,1,0,0,,500,500
67AS06MARKIV_服躯_服_下着,67_拼接.webp,1062,0,302,466,99,34,,500,500
67AS06MARKIV_服_天の杯_表情_イキ顔,67_拼接.webp,1602,345,85,82,208,80,,500,500
67AS06MARKIV_服_天の杯_表情_微笑,67_拼接.webp,1079,1458,82,80,210,81,,500,500
67AS06MARKIV_服_天の杯_表情_性交,67_拼接.webp,1319,1402,84,81,209,80,,500,500
67AS06MARKIV_服_天の杯_表情_自慰,67_拼接.webp,1319,1402,84,81,209,80,,500,500
67AS06MARKIV_服_天の杯_表情_憤怒,67_拼接.webp,494,1471,83,81,210,81,,500,500
67AS06MARKIV_服_天の杯_表情_発情,67_拼接.webp,899,1461,84,80,209,81,,500,500
67AS06MARKIV_服_天の杯_表情_トロ顔,67_拼接.webp,899,1461,84,80,209,81,,500,500
67AS06MARKIV_服_天の杯_表情_笑顔,67_拼接.webp,739,1461,81,81,210,81,,500,500
67AS06MARKIV_服_天の杯_表情_通常,67_拼接.webp,0,0,1,1,0,0,,500,500
67AS06MARKIV_服躯_服_天の杯,67_拼接.webp,710,0,352,485,74,16,,500,500
67AS06MARKIV_服_浴衣_表情_イキ顔,67_拼接.webp,798,1542,75,78,213,84,,500,500
67AS06MARKIV_服_浴衣_表情_微笑,67_拼接.webp,1527,268,75,84,213,79,,500,500
67AS06MARKIV_服_浴衣_表情_性交,67_拼接.webp,0,1561,76,79,213,84,,500,500
67AS06MARKIV_服_浴衣_表情_自慰,67_拼接.webp,0,1561,76,79,213,84,,500,500
67AS06MARKIV_服_浴衣_表情_憤怒,67_拼接.webp,722,1544,76,78,213,84,,500,500
67AS06MARKIV_服_浴衣_表情_発情,67_拼接.webp,76,1561,76,79,212,84,,500,500
67AS06MARKIV_服_浴衣_表情_トロ顔,67_拼接.webp,76,1561,76,79,212,84,,500,500
67AS06MARKIV_服_浴衣_表情_笑顔,67_拼接.webp,1527,352,75,80,213,83,,500,500
67AS06MARKIV_服_浴衣_表情_通常,67_拼接.webp,0,0,1,1,0,0,,500,500
67AS06MARKIV_服躯_服_浴衣,67_拼接.webp,1346,466,279,467,111,33,,500,500
67AS06MARKIV_服_白澤下着_表情_イキ顔,67_拼接.webp,490,1553,78,78,212,84,,500,500
67AS06MARKIV_服_白澤下着_表情_微笑,67_拼接.webp,1703,546,76,74,213,87,,500,500
67AS06MARKIV_服_白澤下着_表情_性交,67_拼接.webp,568,1552,78,78,212,85,,500,500
67AS06MARKIV_服_白澤下着_表情_自慰,67_拼接.webp,568,1552,78,78,212,85,,500,500
67AS06MARKIV_服_白澤下着_表情_憤怒,67_拼接.webp,1625,427,77,76,212,86,,500,500
67AS06MARKIV_服_白澤下着_表情_発情,67_拼接.webp,820,1461,79,81,212,85,,500,500
67AS06MARKIV_服_白澤下着_表情_トロ顔,67_拼接.webp,820,1461,79,81,212,85,,500,500
67AS06MARKIV_服_白澤下着_表情_睡眠,67_拼接.webp,1295,1537,77,77,212,85,,500,500
67AS06MARKIV_服_白澤下着_表情_笑顔,67_拼接.webp,1217,1537,78,77,213,86,,500,500
67AS06MARKIV_服_白澤下着_表情_通常,67_拼接.webp,0,0,1,1,0,0,,500,500
67AS06MARKIV_服躯_服_白澤下着,67_拼接.webp,693,500,321,492,86,8,,500,500
67AS06MARKIV_服_白澤_表情_イキ顔,67_拼接.webp,1584,933,81,76,214,91,,500,500
67AS06MARKIV_服_白澤_表情_微笑,67_拼接.webp,1481,1402,83,75,212,91,,500,500
67AS06MARKIV_服_白澤_表情_性交,67_拼接.webp,1584,1009,82,74,214,92,,500,500
67AS06MARKIV_服_白澤_表情_自慰,67_拼接.webp,1584,1009,82,74,214,92,,500,500
67AS06MARKIV_服_白澤_表情_憤怒,67_拼接.webp,1403,1481,83,76,213,92,,500,500
67AS06MARKIV_服_白澤_表情_発情,67_拼接.webp,1486,1477,82,76,213,91,,500,500
67AS06MARKIV_服_白澤_表情_トロ顔,67_拼接.webp,1486,1477,82,76,213,91,,500,500
67AS06MARKIV_服_白澤_表情_笑顔,67_拼接.webp,1584,1158,81,75,213,92,,500,500
67AS06MARKIV_服_白澤_表情_通常,67_拼接.webp,0,0,1,1,0,0,,500,500
67AS06MARKIV_服躯_服_白澤,67_拼接.webp,333,985,324,486,88,14,,500,500
67AS06MARKIV_服_私服_表情_イキ顔,67_拼接.webp,1584,1306,79,76,206,84,,500,500
67AS06MARKIV_服_私服_表情_微笑,67_拼接.webp,152,1561,79,78,206,83,,500,500
67AS06MARKIV_服_私服_表情_性交,67_拼接.webp,1783,0,77,75,207,85,,500,500
67AS06MARKIV_服_私服_表情_自慰,67_拼接.webp,1783,0,77,75,207,85,,500,500
67AS06MARKIV_服_私服_表情_憤怒,67_拼接.webp,1625,503,77,76,207,85,,500,500
67AS06MARKIV_服_私服_表情_発情,67_拼接.webp,231,1561,79,78,206,83,,500,500
67AS06MARKIV_服_私服_表情_トロ顔,67_拼接.webp,231,1561,79,78,206,83,,500,500
67AS06MARKIV_服_私服_表情_笑顔,67_拼接.webp,1772,217,77,76,207,85,,500,500
67AS06MARKIV_服_私服_表情_通常,67_拼接.webp,0,0,1,1,0,0,,500,500
67AS06MARKIV_服躯_服_私服,67_拼接.webp,657,992,340,469,79,32,,500,500
67AS06MARKIV_服_表情_イキ顔,67_拼接.webp,160,1478,78,83,216,77,,500,500
67AS06MARKIV_服_表情_微笑,67_拼接.webp,1448,270,79,84,216,76,,500,500
67AS06MARKIV_服_表情_性交,67_拼接.webp,1364,352,79,84,216,76,,500,500
67AS06MARKIV_服_表情_自慰,67_拼接.webp,1364,352,79,84,216,76,,500,500
67AS06MARKIV_服_表情_憤怒,67_拼接.webp,238,1478,77,83,216,76,,500,500
67AS06MARKIV_服_表情_発情,67_拼接.webp,1448,184,78,86,216,76,,500,500
67AS06MARKIV_服_表情_トロ顔,67_拼接.webp,1448,184,78,86,216,76,,500,500
67AS06MARKIV_服_表情_笑顔,67_拼接.webp,81,1478,79,83,215,76,,500,500
67AS06MARKIV_服_表情_通常,67_拼接.webp,0,0,1,1,0,0,,500,500
67AS06MARKIV_服躯_服,67_拼接.webp,364,0,346,500,76,0,,500,500
67AS06MARKIV_裸_白澤_表情_イキ顔,67_拼接.webp,1535,92,84,92,213,75,,500,500
67AS06MARKIV_裸_白澤_表情_微笑,67_拼接.webp,1535,0,85,92,213,75,,500,500
67AS06MARKIV_裸_白澤_表情_性交,67_拼接.webp,1450,0,85,93,212,74,,500,500
67AS06MARKIV_裸_白澤_表情_自慰,67_拼接.webp,1450,0,85,93,212,74,,500,500
67AS06MARKIV_裸_白澤_表情_憤怒,67_拼接.webp,1448,93,82,91,214,75,,500,500
67AS06MARKIV_裸_白澤_表情_発情,67_拼接.webp,1364,83,84,93,213,74,,500,500
67AS06MARKIV_裸_白澤_表情_トロ顔,67_拼接.webp,1364,83,84,93,213,74,,500,500
67AS06MARKIV_裸_白澤_表情_睡眠,67_拼接.webp,1620,0,84,93,213,74,,500,500
67AS06MARKIV_裸_白澤_表情_笑顔,67_拼接.webp,1364,176,84,92,213,75,,500,500
67AS06MARKIV_裸_白澤_表情_通常,67_拼接.webp,0,0,1,1,0,0,,500,500
67AS06MARKIV_服躯_裸_白澤,67_拼接.webp,0,478,336,500,64,0,,500,500
67AS06MARKIV_裸_表情_イキ顔,67_拼接.webp,1704,145,78,72,213,87,,500,500
67AS06MARKIV_裸_表情_微笑,67_拼接.webp,1704,0,79,72,212,86,,500,500
67AS06MARKIV_裸_表情_性交,67_拼接.webp,1625,579,78,69,212,88,,500,500
67AS06MARKIV_裸_表情_自慰,67_拼接.webp,1625,579,78,69,212,88,,500,500
67AS06MARKIV_裸_表情_憤怒,67_拼接.webp,1782,147,76,68,213,90,,500,500
67AS06MARKIV_裸_表情_発情,67_拼接.webp,1702,404,78,68,213,90,,500,500
67AS06MARKIV_裸_表情_トロ顔,67_拼接.webp,1702,404,78,68,213,90,,500,500
67AS06MARKIV_裸_表情_睡眠,67_拼接.webp,1693,334,78,70,212,88,,500,500
67AS06MARKIV_裸_表情_笑顔,67_拼接.webp,1564,1402,83,75,208,85,,500,500
67AS06MARKIV_裸_表情_通常,67_拼接.webp,0,0,1,1,0,0,,500,500
67AS06MARKIV_服躯_裸,67_拼接.webp,1062,466,284,468,109,32,,500,500

別立ち2_服_通常_67,67_拼接.webp,364,0,346,500,76,0,,500,500
別顔2_服_通常_67,67_拼接.webp,388,0,300,300,0,0,,300,300
67AS06MARKIV_覆盖范围,67_拼接.webp,0,0,333,333,-83,0

;------------------------------------------------------------
;一轮
;------------------------------------------------------------
85AS06MARKIV_服_セーラー服_表情_イキ顔,85_拼接.webp,984,2,92,86,206,64,,500,500
85AS06MARKIV_服_セーラー服_表情_微笑,85_拼接.webp,1692,2,92,87,206,64,,500,500
85AS06MARKIV_服_セーラー服_表情_性交,85_拼接.webp,1786,2,92,87,207,64,,500,500
85AS06MARKIV_服_セーラー服_表情_自慰,85_拼接.webp,1786,2,92,87,207,64,,500,500
85AS06MARKIV_服_セーラー服_表情_憤怒,85_拼接.webp,1145,90,93,89,206,63,,500,500
85AS06MARKIV_服_セーラー服_表情_発情,85_拼接.webp,1880,2,91,87,207,64,,500,500
85AS06MARKIV_服_セーラー服_表情_トロ顔,85_拼接.webp,1880,2,91,87,207,64,,500,500
85AS06MARKIV_服_セーラー服_表情_笑顔,85_拼接.webp,1078,2,92,86,206,65,,500,500
85AS06MARKIV_服_セーラー服_表情_通常,85_拼接.webp,0,0,1,1,0,0,,500,500
85AS06MARKIV_服躯_服_セーラー服,85_拼接.webp,1001,181,224,489,137,11,,500,500
85AS06MARKIV_服_バニーギャル_表情_イキ顔,85_拼接.webp,1240,90,99,89,202,64,,500,500
85AS06MARKIV_服_バニーギャル_表情_微笑,85_拼接.webp,710,2,92,85,206,66,,500,500
85AS06MARKIV_服_バニーギャル_表情_性交,85_拼接.webp,527,2,94,84,204,66,,500,500
85AS06MARKIV_服_バニーギャル_表情_自慰,85_拼接.webp,527,2,94,84,204,66,,500,500
85AS06MARKIV_服_バニーギャル_表情_憤怒,85_拼接.webp,1172,2,94,86,204,64,,500,500
85AS06MARKIV_服_バニーギャル_表情_発情,85_拼接.webp,430,2,95,83,203,66,,500,500
85AS06MARKIV_服_バニーギャル_表情_トロ顔,85_拼接.webp,430,2,95,83,203,66,,500,500
85AS06MARKIV_服_バニーギャル_表情_笑顔,85_拼接.webp,804,2,93,85,204,65,,500,500
85AS06MARKIV_服_バニーギャル_表情_通常,85_拼接.webp,0,0,1,1,0,0,,500,500
85AS06MARKIV_服躯_服_バニーギャル,85_拼接.webp,1431,185,264,500,98,0,,500,500
85AS06MARKIV_服_レースクイーン_表情_イキ顔,85_拼接.webp,87,86,89,87,210,62,,500,500
85AS06MARKIV_服_レースクイーン_表情_微笑,85_拼接.webp,178,86,88,87,211,62,,500,500
85AS06MARKIV_服_レースクイーン_表情_性交,85_拼接.webp,877,89,89,88,210,62,,500,500
85AS06MARKIV_服_レースクイーン_表情_自慰,85_拼接.webp,877,89,89,88,210,62,,500,500
85AS06MARKIV_服_レースクイーン_表情_憤怒,85_拼接.webp,968,90,88,88,211,62,,500,500
85AS06MARKIV_服_レースクイーン_表情_発情,85_拼接.webp,268,86,87,87,212,62,,500,500
85AS06MARKIV_服_レースクイーン_表情_トロ顔,85_拼接.webp,268,86,87,87,212,62,,500,500
85AS06MARKIV_服_レースクイーン_表情_笑顔,85_拼接.webp,357,87,89,87,210,63,,500,500
85AS06MARKIV_服_レースクイーン_表情_通常,85_拼接.webp,0,0,1,1,0,0,,500,500
85AS06MARKIV_服躯_服_レースクイーン,85_拼接.webp,2,175,292,482,105,18,,500,500
85AS06MARKIV_服_下着_表情_イキ顔,85_拼接.webp,1058,90,85,88,211,62,,500,500
85AS06MARKIV_服_下着_表情_微笑,85_拼接.webp,448,88,85,87,210,63,,500,500
85AS06MARKIV_服_下着_表情_性交,85_拼接.webp,1268,2,84,86,210,64,,500,500
85AS06MARKIV_服_下着_表情_自慰,85_拼接.webp,1268,2,84,86,210,64,,500,500
85AS06MARKIV_服_下着_表情_憤怒,85_拼接.webp,1354,2,84,86,210,64,,500,500
85AS06MARKIV_服_下着_表情_発情,85_拼接.webp,535,88,85,87,210,63,,500,500
85AS06MARKIV_服_下着_表情_トロ顔,85_拼接.webp,535,88,85,87,210,63,,500,500
85AS06MARKIV_服_下着_表情_睡眠,85_拼接.webp,622,88,85,87,210,63,,500,500
85AS06MARKIV_服_下着_表情_笑顔,85_拼接.webp,2,84,83,87,211,63,,500,500
85AS06MARKIV_服_下着_表情_通常,85_拼接.webp,0,0,1,1,0,0,,500,500
85AS06MARKIV_服躯_服_下着,85_拼接.webp,296,177,243,482,106,18,,500,500
85AS06MARKIV_服_私服_表情_イキ顔,85_拼接.webp,1440,2,82,86,218,64,,500,500
85AS06MARKIV_服_私服_表情_微笑,85_拼接.webp,709,89,81,87,219,64,,500,500
85AS06MARKIV_服_私服_表情_性交,85_拼接.webp,1524,2,81,86,218,65,,500,500
85AS06MARKIV_服_私服_表情_自慰,85_拼接.webp,1524,2,81,86,218,65,,500,500
85AS06MARKIV_服_私服_表情_憤怒,85_拼接.webp,899,2,83,85,217,66,,500,500
85AS06MARKIV_服_私服_表情_発情,85_拼接.webp,792,89,83,87,217,64,,500,500
85AS06MARKIV_服_私服_表情_トロ顔,85_拼接.webp,792,89,83,87,217,64,,500,500
85AS06MARKIV_服_私服_表情_笑顔,85_拼接.webp,1607,2,83,86,217,65,,500,500
85AS06MARKIV_服_私服_表情_通常,85_拼接.webp,0,0,1,1,0,0,,500,500
85AS06MARKIV_服躯_服_私服,85_拼接.webp,1227,184,202,490,150,10,,500,500
85AS06MARKIV_服_表情_イキ顔,85_拼接.webp,87,2,87,82,211,68,,500,500
85AS06MARKIV_服_表情_微笑,85_拼接.webp,176,2,82,82,212,70,,500,500
85AS06MARKIV_服_表情_性交,85_拼接.webp,2,2,83,80,212,69,,500,500
85AS06MARKIV_服_表情_自慰,85_拼接.webp,2,2,83,80,212,69,,500,500
85AS06MARKIV_服_表情_憤怒,85_拼接.webp,623,2,85,84,212,69,,500,500
85AS06MARKIV_服_表情_発情,85_拼接.webp,260,2,85,82,211,69,,500,500
85AS06MARKIV_服_表情_トロ顔,85_拼接.webp,260,2,85,82,211,69,,500,500
85AS06MARKIV_服_表情_笑顔,85_拼接.webp,347,2,81,82,212,70,,500,500
85AS06MARKIV_服_表情_通常,85_拼接.webp,0,0,1,1,0,0,,500,500
85AS06MARKIV_服躯_服,85_拼接.webp,751,180,248,486,125,14,,500,500
85AS06MARKIV_裸_表情_イキ顔,85_拼接.webp,1849,91,84,96,217,59,,500,500
85AS06MARKIV_裸_表情_微笑,85_拼接.webp,1426,90,82,92,217,60,,500,500
85AS06MARKIV_裸_表情_性交,85_拼接.webp,1510,90,81,92,218,60,,500,500
85AS06MARKIV_裸_表情_自慰,85_拼接.webp,1510,90,81,92,218,60,,500,500
85AS06MARKIV_裸_表情_憤怒,85_拼接.webp,1341,90,83,90,216,61,,500,500
85AS06MARKIV_裸_表情_発情,85_拼接.webp,1593,90,83,92,216,60,,500,500
85AS06MARKIV_裸_表情_トロ顔,85_拼接.webp,1593,90,83,92,216,60,,500,500
85AS06MARKIV_裸_表情_睡眠,85_拼接.webp,1678,91,83,92,217,60,,500,500
85AS06MARKIV_裸_表情_笑顔,85_拼接.webp,1763,91,84,93,216,60,,500,500
85AS06MARKIV_裸_表情_通常,85_拼接.webp,0,0,1,1,0,0,,500,500
85AS06MARKIV_服躯_裸,85_拼接.webp,541,178,208,483,147,17,,500,500

別立ち2_服_通常_85,85_拼接.webp,751,180,248,486,125,14,,500,500
別顔2_服_通常_85,85_拼接.webp,751,180,248,286,25,14,,300,300
85AS06MARKIV_覆盖范围,85_拼接.webp,0,0,333,333,-83,0

;------------------------------------------------------------
;润美
;------------------------------------------------------------
128AS06MARKIV_服_シスター_表情_イキ顔,128_拼接.webp,1097,161,91,89,199,60,,500,500
128AS06MARKIV_服_シスター_表情_性交,128_拼接.webp,1728,165,89,93,200,55,,500,500
128AS06MARKIV_服_シスター_表情_自慰,128_拼接.webp,1728,165,89,93,200,55,,500,500
128AS06MARKIV_服_シスター_表情_憤怒,128_拼接.webp,1819,165,91,94,199,54,,500,500
128AS06MARKIV_服_シスター_表情_発情,128_拼接.webp,439,155,88,86,200,62,,500,500
128AS06MARKIV_服_シスター_表情_トロ顔,128_拼接.webp,439,155,88,86,200,62,,500,500
128AS06MARKIV_服_シスター_表情_笑顔,128_拼接.webp,621,158,90,87,200,62,,500,500
128AS06MARKIV_服_シスター_表情_通常,128_拼接.webp,0,0,1,1,0,0,,500,500
128AS06MARKIV_服躯_服_シスター,128_拼接.webp,1356,258,298,500,96,0,,500,500
128AS06MARKIV_服_セーラー服_表情_イキ顔,128_拼接.webp,162,74,81,78,213,71,,500,500
128AS06MARKIV_服_セーラー服_表情_性交,128_拼接.webp,1371,2,80,76,214,72,,500,500
128AS06MARKIV_服_セーラー服_表情_自慰,128_拼接.webp,1371,2,80,76,214,72,,500,500
128AS06MARKIV_服_セーラー服_表情_憤怒,128_拼接.webp,260,2,78,71,215,73,,500,500
128AS06MARKIV_服_セーラー服_表情_発情,128_拼接.webp,1629,2,80,77,215,71,,500,500
128AS06MARKIV_服_セーラー服_表情_トロ顔,128_拼接.webp,1629,2,80,77,215,71,,500,500
128AS06MARKIV_服_セーラー服_表情_笑顔,128_拼接.webp,1115,2,79,75,215,72,,500,500
128AS06MARKIV_服_セーラー服_表情_通常,128_拼接.webp,0,0,1,1,0,0,,500,500
128AS06MARKIV_服躯_服_セーラー服,128_拼接.webp,864,250,208,493,145,7,,500,500
128AS06MARKIV_服_チアリーダー_表情_イキ顔,128_拼接.webp,903,159,96,88,195,61,,500,500
128AS06MARKIV_服_チアリーダー_表情_性交,128_拼接.webp,713,159,94,87,195,61,,500,500
128AS06MARKIV_服_チアリーダー_表情_自慰,128_拼接.webp,713,159,94,87,195,61,,500,500
128AS06MARKIV_服_チアリーダー_表情_憤怒,128_拼接.webp,809,159,92,87,196,61,,500,500
128AS06MARKIV_服_チアリーダー_表情_発情,128_拼接.webp,1001,160,94,88,196,61,,500,500
128AS06MARKIV_服_チアリーダー_表情_トロ顔,128_拼接.webp,1001,160,94,88,196,61,,500,500
128AS06MARKIV_服_チアリーダー_表情_笑顔,128_拼接.webp,683,2,91,73,197,61,,500,500
128AS06MARKIV_服_チアリーダー_表情_通常,128_拼接.webp,0,0,1,1,0,0,,500,500
128AS06MARKIV_服躯_服_チアリーダー,128_拼接.webp,229,245,336,489,82,11,,500,500
128AS06MARKIV_服_ナース_表情_イキ顔,128_拼接.webp,1193,79,86,81,202,70,,500,500
128AS06MARKIV_服_ナース_表情_性交,128_拼接.webp,245,75,86,78,202,69,,500,500
128AS06MARKIV_服_ナース_表情_自慰,128_拼接.webp,245,75,86,78,202,69,,500,500
128AS06MARKIV_服_ナース_表情_憤怒,128_拼接.webp,1281,79,87,81,201,69,,500,500
128AS06MARKIV_服_ナース_表情_発情,128_拼接.webp,592,76,86,79,201,70,,500,500
128AS06MARKIV_服_ナース_表情_トロ顔,128_拼接.webp,592,76,86,79,201,70,,500,500
128AS06MARKIV_服_ナース_表情_笑顔,128_拼接.webp,763,77,84,80,202,70,,500,500
128AS06MARKIV_服_ナース_表情_通常,128_拼接.webp,0,0,1,1,0,0,,500,500
128AS06MARKIV_服躯_服_ナース,128_拼接.webp,1656,261,305,500,129,0,,500,500
128AS06MARKIV_服_バニーギャル_表情_イキ顔,128_拼接.webp,849,77,87,80,203,64,,500,500
128AS06MARKIV_服_バニーギャル_表情_性交,128_拼接.webp,1711,2,88,77,203,64,,500,500
128AS06MARKIV_服_バニーギャル_表情_自慰,128_拼接.webp,1711,2,88,77,203,64,,500,500
128AS06MARKIV_服_バニーギャル_表情_憤怒,128_拼接.webp,1539,80,87,82,204,64,,500,500
128AS06MARKIV_服_バニーギャル_表情_発情,128_拼接.webp,776,2,87,73,204,65,,500,500
128AS06MARKIV_服_バニーギャル_表情_トロ顔,128_拼接.webp,776,2,87,73,204,65,,500,500
128AS06MARKIV_服_バニーギャル_表情_笑顔,128_拼接.webp,1453,2,85,76,204,64,,500,500
128AS06MARKIV_服_バニーギャル_表情_通常,128_拼接.webp,0,0,1,1,0,0,,500,500
128AS06MARKIV_服躯_服_バニーギャル,128_拼接.webp,1074,254,280,500,97,0,,500,500
128AS06MARKIV_服_メイド_表情_イキ顔,128_拼接.webp,1540,2,87,76,201,63,,500,500
128AS06MARKIV_服_メイド_表情_性交,128_拼接.webp,333,75,87,78,201,63,,500,500
128AS06MARKIV_服_メイド_表情_自慰,128_拼接.webp,333,75,87,78,201,63,,500,500
128AS06MARKIV_服_メイド_表情_憤怒,128_拼接.webp,2,153,90,83,200,63,,500,500
128AS06MARKIV_服_メイド_表情_発情,128_拼接.webp,262,155,91,85,200,62,,500,500
128AS06MARKIV_服_メイド_表情_トロ顔,128_拼接.webp,262,155,91,85,200,62,,500,500
128AS06MARKIV_服_メイド_表情_笑顔,128_拼接.webp,529,157,90,86,200,62,,500,500
128AS06MARKIV_服_メイド_表情_通常,128_拼接.webp,0,0,1,1,0,0,,500,500
128AS06MARKIV_服躯_服_メイド,128_拼接.webp,567,248,295,492,99,8,,500,500
128AS06MARKIV_服_下着_表情_イキ顔,128_拼接.webp,340,2,84,71,208,79,,500,500
128AS06MARKIV_服_下着_表情_性交,128_拼接.webp,426,2,85,71,208,78,,500,500
128AS06MARKIV_服_下着_表情_自慰,128_拼接.webp,426,2,85,71,208,78,,500,500
128AS06MARKIV_服_下着_表情_憤怒,128_拼接.webp,513,2,83,71,209,79,,500,500
128AS06MARKIV_服_下着_表情_発情,128_拼接.webp,598,2,83,72,209,79,,500,500
128AS06MARKIV_服_下着_表情_トロ顔,128_拼接.webp,598,2,83,72,209,79,,500,500
128AS06MARKIV_服_下着_表情_睡眠,128_拼接.webp,865,2,84,73,209,79,,500,500
128AS06MARKIV_服_下着_表情_笑顔,128_拼接.webp,1196,2,85,75,207,77,,500,500
128AS06MARKIV_服_下着_表情_通常,128_拼接.webp,0,0,1,1,0,0,,500,500
128AS06MARKIV_服躯_服_下着,128_拼接.webp,2,240,225,488,134,12,,500,500
128AS06MARKIV_服_巫女_表情_イキ顔,128_拼接.webp,1801,2,83,77,206,75,,500,500
128AS06MARKIV_服_巫女_表情_性交,128_拼接.webp,938,77,84,80,206,74,,500,500
128AS06MARKIV_服_巫女_表情_自慰,128_拼接.webp,938,77,84,80,206,74,,500,500
128AS06MARKIV_服_巫女_表情_憤怒,128_拼接.webp,1886,2,81,77,207,75,,500,500
128AS06MARKIV_服_巫女_表情_発情,128_拼接.webp,951,2,81,73,207,76,,500,500
128AS06MARKIV_服_巫女_表情_トロ顔,128_拼接.webp,951,2,81,73,207,76,,500,500
128AS06MARKIV_服_巫女_表情_笑顔,128_拼接.webp,422,75,82,78,207,76,,500,500
128AS06MARKIV_服_巫女_表情_通常,128_拼接.webp,0,0,1,1,0,0,,500,500
128AS06MARKIV_服躯_服_巫女,128_拼接.webp,219,736,285,500,82,0,,500,500
128AS06MARKIV_服_忍者_表情_イキ顔,128_拼接.webp,1628,81,83,82,203,69,,500,500
128AS06MARKIV_服_忍者_表情_性交,128_拼接.webp,1713,81,83,82,203,69,,500,500
128AS06MARKIV_服_忍者_表情_自慰,128_拼接.webp,1713,81,83,82,203,69,,500,500
128AS06MARKIV_服_忍者_表情_憤怒,128_拼接.webp,1024,78,82,80,204,70,,500,500
128AS06MARKIV_服_忍者_表情_発情,128_拼接.webp,1370,80,83,81,203,69,,500,500
128AS06MARKIV_服_忍者_表情_トロ顔,128_拼接.webp,1370,80,83,81,203,69,,500,500
128AS06MARKIV_服_忍者_表情_笑顔,128_拼接.webp,1108,79,83,80,203,70,,500,500
128AS06MARKIV_服_忍者_表情_通常,128_拼接.webp,0,0,1,1,0,0,,500,500
128AS06MARKIV_服躯_服_忍者,128_拼接.webp,506,742,229,500,136,0,,500,500
128AS06MARKIV_服_水着_表情_イキ顔,128_拼接.webp,94,154,81,83,195,63,,500,500
128AS06MARKIV_服_水着_表情_性交,128_拼接.webp,1455,80,82,81,195,63,,500,500
128AS06MARKIV_服_水着_表情_自慰,128_拼接.webp,1455,80,82,81,195,63,,500,500
128AS06MARKIV_服_水着_表情_憤怒,128_拼接.webp,355,155,82,85,196,62,,500,500
128AS06MARKIV_服_水着_表情_発情,128_拼接.webp,1798,81,81,82,195,63,,500,500
128AS06MARKIV_服_水着_表情_トロ顔,128_拼接.webp,1798,81,81,82,195,63,,500,500
128AS06MARKIV_服_水着_表情_笑顔,128_拼接.webp,177,155,83,83,195,63,,500,500
128AS06MARKIV_服_水着_表情_通常,128_拼接.webp,0,0,1,1,0,0,,500,500
128AS06MARKIV_服躯_服_水着,128_拼接.webp,2,730,215,500,138,0,,500,500
128AS06MARKIV_服_私服_表情_イキ顔,128_拼接.webp,2,2,83,69,209,70,,500,500
128AS06MARKIV_服_私服_表情_性交,128_拼接.webp,506,75,84,78,208,70,,500,500
128AS06MARKIV_服_私服_表情_自慰,128_拼接.webp,506,75,84,78,208,70,,500,500
128AS06MARKIV_服_私服_表情_憤怒,128_拼接.webp,87,2,85,70,208,71,,500,500
128AS06MARKIV_服_私服_表情_発情,128_拼接.webp,174,2,84,70,208,71,,500,500
128AS06MARKIV_服_私服_表情_トロ顔,128_拼接.webp,174,2,84,70,208,71,,500,500
128AS06MARKIV_服_私服_表情_笑顔,128_拼接.webp,1034,2,79,74,211,73,,500,500
128AS06MARKIV_服_私服_表情_通常,128_拼接.webp,0,0,1,1,0,0,,500,500
128AS06MARKIV_服躯_服_私服,128_拼接.webp,737,745,210,500,146,0,,500,500
128AS06MARKIV_服_表情_イキ顔,128_拼接.webp,1881,81,83,82,214,72,,500,500
128AS06MARKIV_服_表情_性交,128_拼接.webp,680,77,81,79,215,74,,500,500
128AS06MARKIV_服_表情_自慰,128_拼接.webp,680,77,81,79,215,74,,500,500
128AS06MARKIV_服_表情_憤怒,128_拼接.webp,2,73,78,77,217,76,,500,500
128AS06MARKIV_服_表情_発情,128_拼接.webp,1283,2,86,75,209,75,,500,500
128AS06MARKIV_服_表情_トロ顔,128_拼接.webp,1283,2,86,75,209,75,,500,500
128AS06MARKIV_服_表情_笑顔,128_拼接.webp,82,74,78,77,217,76,,500,500
128AS06MARKIV_服_表情_通常,128_拼接.webp,0,0,1,1,0,0,,500,500
128AS06MARKIV_服躯_服,128_拼接.webp,949,756,307,500,94,0,,500,500
128AS06MARKIV_裸_表情_イキ顔,128_拼接.webp,1461,164,87,91,210,66,,500,500
128AS06MARKIV_裸_表情_性交,128_拼接.webp,1190,162,89,89,209,67,,500,500
128AS06MARKIV_裸_表情_自慰,128_拼接.webp,1190,162,89,89,209,67,,500,500
128AS06MARKIV_裸_表情_憤怒,128_拼接.webp,1550,165,87,91,210,66,,500,500
128AS06MARKIV_裸_表情_発情,128_拼接.webp,1281,162,87,90,210,68,,500,500
128AS06MARKIV_裸_表情_トロ顔,128_拼接.webp,1281,162,87,90,210,68,,500,500
128AS06MARKIV_裸_表情_睡眠,128_拼接.webp,1639,165,87,91,210,66,,500,500
128AS06MARKIV_裸_表情_笑顔,128_拼接.webp,1370,163,89,90,209,66,,500,500
128AS06MARKIV_裸_表情_通常,128_拼接.webp,0,0,1,1,0,0,,500,500
128AS06MARKIV_服躯_裸,128_拼接.webp,1258,760,220,500,139,0,,500,500

別立ち2_服_通常_128,128_拼接.webp,949,756,307,500,94,0,,500,500
別顔2_服_通常_128,128_拼接.webp,955,756,300,300,,0,,300,300
128AS06MARKIV_覆盖范围,128_拼接.webp,0,0,333,333,-83,0

;------------------------------------------------------------
;明罗
;------------------------------------------------------------
46AS06MARKIV_服_セーラー服_表情_イキ顔,46_拼接.webp,247,2,80,75,212,78,,500,500
46AS06MARKIV_服_セーラー服_表情_微笑,46_拼接.webp,329,2,78,75,212,78,,500,500
46AS06MARKIV_服_セーラー服_表情_性交,46_拼接.webp,2,2,79,71,212,80,,500,500
46AS06MARKIV_服_セーラー服_表情_自慰,46_拼接.webp,2,2,79,71,212,80,,500,500
46AS06MARKIV_服_セーラー服_表情_憤怒,46_拼接.webp,83,2,81,73,211,78,,500,500
46AS06MARKIV_服_セーラー服_表情_発情,46_拼接.webp,166,2,79,74,212,78,,500,500
46AS06MARKIV_服_セーラー服_表情_トロ顔,46_拼接.webp,166,2,79,74,212,78,,500,500
46AS06MARKIV_服_セーラー服_表情_笑顔,46_拼接.webp,409,2,78,75,211,78,,500,500
46AS06MARKIV_服_セーラー服_表情_通常,46_拼接.webp,0,0,1,1,0,0,,500,500
46AS06MARKIV_服躯_服_セーラー服,46_拼接.webp,1559,86,304,496,84,4,,500,500
46AS06MARKIV_服_バニーギャル_表情_イキ顔,46_拼接.webp,902,2,80,80,209,75,,500,500
46AS06MARKIV_服_バニーギャル_表情_微笑,46_拼接.webp,489,2,81,79,208,76,,500,500
46AS06MARKIV_服_バニーギャル_表情_性交,46_拼接.webp,1483,2,81,81,209,74,,500,500
46AS06MARKIV_服_バニーギャル_表情_自慰,46_拼接.webp,1483,2,81,81,209,74,,500,500
46AS06MARKIV_服_バニーギャル_表情_憤怒,46_拼接.webp,984,2,82,80,208,75,,500,500
46AS06MARKIV_服_バニーギャル_表情_発情,46_拼接.webp,1068,2,82,80,208,75,,500,500
46AS06MARKIV_服_バニーギャル_表情_トロ顔,46_拼接.webp,1068,2,82,80,208,75,,500,500
46AS06MARKIV_服_バニーギャル_表情_笑顔,46_拼接.webp,1737,2,82,82,208,74,,500,500
46AS06MARKIV_服_バニーギャル_表情_通常,46_拼接.webp,0,0,1,1,0,0,,500,500
46AS06MARKIV_服躯_服_バニーギャル,46_拼接.webp,563,170,278,500,74,0,,500,500
46AS06MARKIV_服_下着_表情_イキ顔,46_拼接.webp,698,83,84,85,210,72,,500,500
46AS06MARKIV_服_下着_表情_微笑,46_拼接.webp,572,2,82,79,211,73,,500,500
46AS06MARKIV_服_下着_表情_性交,46_拼接.webp,874,84,85,86,209,66,,500,500
46AS06MARKIV_服_下着_表情_自慰,46_拼接.webp,874,84,85,86,209,66,,500,500
46AS06MARKIV_服_下着_表情_憤怒,46_拼接.webp,1821,2,84,82,210,72,,500,500
46AS06MARKIV_服_下着_表情_発情,46_拼接.webp,1152,2,84,80,209,71,,500,500
46AS06MARKIV_服_下着_表情_トロ顔,46_拼接.webp,1152,2,84,80,209,71,,500,500
46AS06MARKIV_服_下着_表情_睡眠,46_拼接.webp,1566,2,83,81,210,73,,500,500
46AS06MARKIV_服_下着_表情_笑顔,46_拼接.webp,656,2,83,79,210,73,,500,500
46AS06MARKIV_服_下着_表情_通常,46_拼接.webp,0,0,1,1,0,0,,500,500
46AS06MARKIV_服躯_服_下着,46_拼接.webp,333,169,228,497,119,3,,500,500
46AS06MARKIV_服_私服_表情_イキ顔,46_拼接.webp,516,83,89,84,207,70,,500,500
46AS06MARKIV_服_私服_表情_微笑,46_拼接.webp,607,83,89,84,207,72,,500,500
46AS06MARKIV_服_私服_表情_性交,46_拼接.webp,784,83,88,85,208,71,,500,500
46AS06MARKIV_服_私服_表情_自慰,46_拼接.webp,784,83,88,85,208,71,,500,500
46AS06MARKIV_服_私服_表情_憤怒,46_拼接.webp,173,79,87,83,209,70,,500,500
46AS06MARKIV_服_私服_表情_発情,46_拼接.webp,961,84,88,86,208,71,,500,500
46AS06MARKIV_服_私服_表情_トロ顔,46_拼接.webp,961,84,88,86,208,71,,500,500
46AS06MARKIV_服_私服_表情_笑顔,46_拼接.webp,1051,84,86,86,210,70,,500,500
46AS06MARKIV_服_私服_表情_通常,46_拼接.webp,0,0,1,1,0,0,,500,500
46AS06MARKIV_服躯_服_私服,46_拼接.webp,2,164,329,496,78,4,,500,500
46AS06MARKIV_服_表情_イキ顔,46_拼接.webp,1907,2,82,82,214,77,,500,500
46AS06MARKIV_服_表情_微笑,46_拼接.webp,1238,2,83,80,214,79,,500,500
46AS06MARKIV_服_表情_性交,46_拼接.webp,262,79,83,83,214,76,,500,500
46AS06MARKIV_服_表情_自慰,46_拼接.webp,262,79,83,83,214,76,,500,500
46AS06MARKIV_服_表情_憤怒,46_拼接.webp,347,79,83,83,214,78,,500,500
46AS06MARKIV_服_表情_発情,46_拼接.webp,2,77,84,82,214,77,,500,500
46AS06MARKIV_服_表情_トロ顔,46_拼接.webp,2,77,84,82,214,77,,500,500
46AS06MARKIV_服_表情_笑顔,46_拼接.webp,88,78,83,82,214,78,,500,500
46AS06MARKIV_服_表情_通常,46_拼接.webp,0,0,1,1,0,0,,500,500
46AS06MARKIV_服躯_服,46_拼接.webp,843,185,334,500,83,0,,500,500
46AS06MARKIV_裸_表情_イキ顔,46_拼接.webp,1139,84,93,99,199,68,,500,500
46AS06MARKIV_裸_表情_微笑,46_拼接.webp,1651,2,84,81,208,73,,500,500
46AS06MARKIV_裸_表情_性交,46_拼接.webp,741,2,79,79,211,73,,500,500
46AS06MARKIV_裸_表情_自慰,46_拼接.webp,741,2,79,79,211,73,,500,500
46AS06MARKIV_裸_表情_憤怒,46_拼接.webp,1323,2,79,80,210,73,,500,500
46AS06MARKIV_裸_表情_発情,46_拼接.webp,432,83,82,83,209,71,,500,500
46AS06MARKIV_裸_表情_トロ顔,46_拼接.webp,432,83,82,83,209,71,,500,500
46AS06MARKIV_裸_表情_睡眠,46_拼接.webp,1404,2,77,80,211,73,,500,500
46AS06MARKIV_裸_表情_笑顔,46_拼接.webp,822,2,78,79,210,75,,500,500
46AS06MARKIV_裸_表情_通常,46_拼接.webp,0,0,1,1,0,0,,500,500
46AS06MARKIV_服躯_裸,46_拼接.webp,1234,85,323,495,93,5,,500,500

別立ち2_服_通常_46,46_拼接.webp,843,185,334,500,83,0,,500,500
別顔2_服_通常_46,46_拼接.webp,860,185,300,300,0,0,,300,300
46AS06MARKIV_覆盖范围,46_拼接.webp,0,0,333,333,-83,0

;------------------------------------------------------------
;艾伦
;------------------------------------------------------------
44AS06MARKIV_服_セーラー服_表情_イキ顔,44_拼接.webp,429,768,92,79,209,78,,500,500
44AS06MARKIV_服_セーラー服_表情_微笑,44_拼接.webp,332,781,93,86,208,78,,500,500
44AS06MARKIV_服_セーラー服_表情_性交,44_拼接.webp,429,679,92,87,209,77,,500,500
44AS06MARKIV_服_セーラー服_表情_自慰,44_拼接.webp,429,679,92,87,209,77,,500,500
44AS06MARKIV_服_セーラー服_表情_憤怒,44_拼接.webp,427,849,91,87,209,77,,500,500
44AS06MARKIV_服_セーラー服_表情_発情,44_拼接.webp,429,504,93,79,208,77,,500,500
44AS06MARKIV_服_セーラー服_表情_トロ顔,44_拼接.webp,429,504,93,79,208,77,,500,500
44AS06MARKIV_服_セーラー服_表情_笑顔,44_拼接.webp,332,869,93,86,208,77,,500,500
44AS06MARKIV_服_セーラー服_表情_通常,44_拼接.webp,0,0,1,1,0,0,,500,500
44AS06MARKIV_服躯_服_セーラー服,44_拼接.webp,380,2,363,500,68,0,,500,500
44AS06MARKIV_服_バニーギャル_表情_イキ顔,44_拼接.webp,523,761,91,81,193,79,,500,500
44AS06MARKIV_服_バニーギャル_表情_微笑,44_拼接.webp,617,504,91,78,193,80,,500,500
44AS06MARKIV_服_バニーギャル_表情_性交,44_拼接.webp,802,587,90,78,194,80,,500,500
44AS06MARKIV_服_バニーギャル_表情_自慰,44_拼接.webp,802,587,90,78,194,80,,500,500
44AS06MARKIV_服_バニーギャル_表情_憤怒,44_拼接.webp,523,677,91,82,193,76,,500,500
44AS06MARKIV_服_バニーギャル_表情_発情,44_拼接.webp,523,844,91,79,193,79,,500,500
44AS06MARKIV_服_バニーギャル_表情_トロ顔,44_拼接.webp,523,844,91,79,193,79,,500,500
44AS06MARKIV_服_バニーギャル_表情_笑顔,44_拼接.webp,524,504,91,85,195,74,,500,500
44AS06MARKIV_服_バニーギャル_表情_通常,44_拼接.webp,0,0,1,1,0,0,,500,500
44AS06MARKIV_服躯_服_バニーギャル,44_拼接.webp,745,2,338,500,74,0,,500,500
44AS06MARKIV_服_下着_表情_イキ顔,44_拼接.webp,802,504,90,81,199,72,,500,500
44AS06MARKIV_服_下着_表情_微笑,44_拼接.webp,800,748,87,81,198,74,,500,500
44AS06MARKIV_服_下着_表情_性交,44_拼接.webp,709,596,90,86,199,72,,500,500
44AS06MARKIV_服_下着_表情_自慰,44_拼接.webp,709,596,90,86,199,72,,500,500
44AS06MARKIV_服_下着_表情_憤怒,44_拼接.webp,360,1084,90,84,199,72,,500,500
44AS06MARKIV_服_下着_表情_睡眠,44_拼接.webp,523,591,91,84,198,72,,500,500
44AS06MARKIV_服_下着_表情_発情,44_拼接.webp,708,772,90,85,199,72,,500,500
44AS06MARKIV_服_下着_表情_トロ顔,44_拼接.webp,708,772,90,85,199,72,,500,500
44AS06MARKIV_服_下着_表情_笑顔,44_拼接.webp,2,1097,87,87,198,72,,500,500
44AS06MARKIV_服_下着_表情_通常,44_拼接.webp,0,0,1,1,0,0,,500,500
44AS06MARKIV_服躯_服_下着,44_拼接.webp,1425,502,305,493,84,7,,500,500
44AS06MARKIV_服_水着_表情_イキ顔,44_拼接.webp,761,859,88,82,200,75,,500,500
44AS06MARKIV_服_水着_表情_微笑,44_拼接.webp,801,667,88,79,200,76,,500,500
44AS06MARKIV_服_水着_表情_性交,44_拼接.webp,91,1097,88,86,200,75,,500,500
44AS06MARKIV_服_水着_表情_自慰,44_拼接.webp,91,1097,88,86,200,75,,500,500
44AS06MARKIV_服_水着_表情_憤怒,44_拼接.webp,577,1033,88,84,200,75,,500,500
44AS06MARKIV_服_水着_表情_発情,44_拼接.webp,181,1092,87,86,200,75,,500,500
44AS06MARKIV_服_水着_表情_トロ顔,44_拼接.webp,181,1092,87,86,200,75,,500,500
44AS06MARKIV_服_水着_表情_笑顔,44_拼接.webp,270,1091,88,85,200,75,,500,500
44AS06MARKIV_服_水着_表情_通常,44_拼接.webp,0,0,1,1,0,0,,500,500
44AS06MARKIV_服躯_服_水着,44_拼接.webp,2,504,328,490,61,10,,500,500
44AS06MARKIV_服_私服_表情_イキ顔,44_拼接.webp,617,584,90,92,205,68,,500,500
44AS06MARKIV_服_私服_表情_微笑,44_拼接.webp,429,585,92,92,204,68,,500,500
44AS06MARKIV_服_私服_表情_性交,44_拼接.webp,710,504,90,90,205,68,,500,500
44AS06MARKIV_服_私服_表情_自慰,44_拼接.webp,710,504,90,90,205,68,,500,500
44AS06MARKIV_服_私服_表情_憤怒,44_拼接.webp,616,678,90,91,205,68,,500,500
44AS06MARKIV_服_私服_表情_発情,44_拼接.webp,332,600,95,91,205,68,,500,500
44AS06MARKIV_服_私服_表情_トロ顔,44_拼接.webp,332,600,95,91,205,68,,500,500
44AS06MARKIV_服_私服_表情_笑顔,44_拼接.webp,486,938,90,93,205,68,,500,500
44AS06MARKIV_服_私服_表情_通常,44_拼接.webp,0,0,1,1,0,0,,500,500
44AS06MARKIV_服躯_服_私服,44_拼接.webp,2,2,376,500,64,0,,500,500
44AS06MARKIV_服_表情_イキ顔,44_拼接.webp,2,996,97,99,202,68,,500,500
44AS06MARKIV_服_表情_微笑,44_拼接.webp,332,693,95,86,201,82,,500,500
44AS06MARKIV_服_表情_性交,44_拼接.webp,199,996,96,93,201,74,,500,500
44AS06MARKIV_服_表情_自慰,44_拼接.webp,199,996,96,93,201,74,,500,500
44AS06MARKIV_服_表情_憤怒,44_拼接.webp,332,504,95,94,201,75,,500,500
44AS06MARKIV_服_表情_発情,44_拼接.webp,101,996,96,94,201,74,,500,500
44AS06MARKIV_服_表情_トロ顔,44_拼接.webp,101,996,96,94,201,74,,500,500
44AS06MARKIV_服_表情_笑顔,44_拼接.webp,297,996,96,86,202,83,,500,500
44AS06MARKIV_服_表情_通常,44_拼接.webp,0,0,1,1,0,0,,500,500
44AS06MARKIV_服躯_服,44_拼接.webp,1085,2,338,500,81,0,,500,500
44AS06MARKIV_裸_表情_イキ顔,44_拼接.webp,708,684,90,86,216,66,,500,500
44AS06MARKIV_裸_表情_微笑,44_拼接.webp,486,1033,89,92,216,66,,500,500
44AS06MARKIV_裸_表情_性交,44_拼接.webp,578,925,90,93,216,67,,500,500
44AS06MARKIV_裸_表情_自慰,44_拼接.webp,578,925,90,93,216,67,,500,500
44AS06MARKIV_裸_表情_憤怒,44_拼接.webp,670,864,89,93,217,66,,500,500
44AS06MARKIV_裸_表情_睡眠,44_拼接.webp,395,957,89,95,217,66,,500,500
44AS06MARKIV_裸_表情_発情,44_拼接.webp,616,771,90,91,216,66,,500,500
44AS06MARKIV_裸_表情_トロ顔,44_拼接.webp,616,771,90,91,216,66,,500,500
44AS06MARKIV_裸_表情_笑顔,44_拼接.webp,670,959,89,93,217,66,,500,500
44AS06MARKIV_裸_表情_通常,44_拼接.webp,0,0,1,1,0,0,,500,500
44AS06MARKIV_服躯_裸,44_拼接.webp,1425,2,331,498,84,2,,500,500

別立ち2_服_通常_44,44_拼接.webp,1085,2,338,500,81,0,,500,500
別顔2_服_通常_44,44_拼接.webp,1104,2,300,300,0,0,,300,300
44AS06MARKIV_覆盖范围,44_拼接.webp,0,0,333,333,-83,0

;------------------------------------------------------------
;桑尼
;------------------------------------------------------------
5AS06MARKIV_服_セーラー服_表情_イキ顔,5_拼接.webp,92,2,90,84,203,68,,500,500
5AS06MARKIV_服_セーラー服_表情_性交,5_拼接.webp,184,2,89,84,204,68,,500,500
5AS06MARKIV_服_セーラー服_表情_自慰,5_拼接.webp,184,2,89,84,204,68,,500,500
5AS06MARKIV_服_セーラー服_表情_憤怒,5_拼接.webp,2,2,88,80,205,68,,500,500
5AS06MARKIV_服_セーラー服_表情_発情,5_拼接.webp,367,2,90,85,203,68,,500,500
5AS06MARKIV_服_セーラー服_表情_トロ顔,5_拼接.webp,367,2,90,85,203,68,,500,500
5AS06MARKIV_服_セーラー服_表情_笑顔,5_拼接.webp,275,2,90,84,203,67,,500,500
5AS06MARKIV_服_セーラー服_表情_通常,5_拼接.webp,0,0,1,1,0,0,,500,500
5AS06MARKIV_服躯_服_セーラー服,5_拼接.webp,1303,97,237,494,135,6,,500,500
5AS06MARKIV_服_バニーギャル_表情_イキ顔,5_拼接.webp,91,88,89,96,212,60,,500,500
5AS06MARKIV_服_バニーギャル_表情_性交,5_拼接.webp,2,84,87,96,212,60,,500,500
5AS06MARKIV_服_バニーギャル_表情_自慰,5_拼接.webp,2,84,87,96,212,60,,500,500
5AS06MARKIV_服_バニーギャル_表情_憤怒,5_拼接.webp,182,88,89,96,212,61,,500,500
5AS06MARKIV_服_バニーギャル_表情_発情,5_拼接.webp,1541,2,89,93,212,62,,500,500
5AS06MARKIV_服_バニーギャル_表情_トロ顔,5_拼接.webp,1541,2,89,93,212,62,,500,500
5AS06MARKIV_服_バニーギャル_表情_笑顔,5_拼接.webp,273,88,88,96,212,60,,500,500
5AS06MARKIV_服_バニーギャル_表情_通常,5_拼接.webp,0,0,1,1,0,0,,500,500
5AS06MARKIV_服躯_服_バニーギャル,5_拼接.webp,338,193,269,500,111,0,,500,500
5AS06MARKIV_服_メイド_表情_イキ顔,5_拼接.webp,1248,2,93,92,203,62,,500,500
5AS06MARKIV_服_メイド_表情_性交,5_拼接.webp,459,2,93,88,204,63,,500,500
5AS06MARKIV_服_メイド_表情_自慰,5_拼接.webp,459,2,93,88,204,63,,500,500
5AS06MARKIV_服_メイド_表情_憤怒,5_拼接.webp,554,2,91,90,205,63,,500,500
5AS06MARKIV_服_メイド_表情_発情,5_拼接.webp,854,2,91,91,205,63,,500,500
5AS06MARKIV_服_メイド_表情_トロ顔,5_拼接.webp,854,2,91,91,205,63,,500,500
5AS06MARKIV_服_メイド_表情_笑顔,5_拼接.webp,947,2,93,91,203,63,,500,500
5AS06MARKIV_服_メイド_表情_通常,5_拼接.webp,0,0,1,1,0,0,,500,500
5AS06MARKIV_服躯_服_メイド,5_拼接.webp,609,196,346,500,82,0,,500,500
5AS06MARKIV_服_下着_表情_イキ顔,5_拼接.webp,647,2,101,90,197,65,,500,500
5AS06MARKIV_服_下着_表情_性交,5_拼接.webp,1042,2,101,91,196,64,,500,500
5AS06MARKIV_服_下着_表情_自慰,5_拼接.webp,1042,2,101,91,196,64,,500,500
5AS06MARKIV_服_下着_表情_憤怒,5_拼接.webp,1145,2,101,91,197,64,,500,500
5AS06MARKIV_服_下着_表情_発情,5_拼接.webp,1343,2,101,92,196,64,,500,500
5AS06MARKIV_服_下着_表情_トロ顔,5_拼接.webp,1343,2,101,92,196,64,,500,500
5AS06MARKIV_服_下着_表情_睡眠,5_拼接.webp,750,2,102,90,196,65,,500,500
5AS06MARKIV_服_下着_表情_笑顔,5_拼接.webp,1632,2,101,93,196,64,,500,500
5AS06MARKIV_服_下着_表情_通常,5_拼接.webp,0,0,1,1,0,0,,500,500
5AS06MARKIV_服躯_服_下着,5_拼接.webp,2,186,334,496,83,4,,500,500
5AS06MARKIV_服_表情_イキ顔,5_拼接.webp,363,89,93,96,202,57,,500,500
5AS06MARKIV_服_表情_性交,5_拼接.webp,1446,2,93,92,202,57,,500,500
5AS06MARKIV_服_表情_自慰,5_拼接.webp,1446,2,93,92,202,57,,500,500
5AS06MARKIV_服_表情_憤怒,5_拼接.webp,1735,2,93,94,203,57,,500,500
5AS06MARKIV_服_表情_発情,5_拼接.webp,1830,2,95,94,201,57,,500,500
5AS06MARKIV_服_表情_トロ顔,5_拼接.webp,1830,2,95,94,201,57,,500,500
5AS06MARKIV_服_表情_笑顔,5_拼接.webp,1927,2,94,95,201,56,,500,500
5AS06MARKIV_服_表情_通常,5_拼接.webp,0,0,1,1,0,0,,500,500
5AS06MARKIV_服躯_服,5_拼接.webp,1542,98,345,495,72,5,,500,500
5AS06MARKIV_裸_表情_イキ顔,5_拼接.webp,862,95,100,99,199,64,,500,500
5AS06MARKIV_裸_表情_性交,5_拼接.webp,660,94,99,98,200,65,,500,500
5AS06MARKIV_裸_表情_自慰,5_拼接.webp,660,94,99,98,200,65,,500,500
5AS06MARKIV_裸_表情_憤怒,5_拼接.webp,964,95,99,99,200,64,,500,500
5AS06MARKIV_裸_表情_発情,5_拼接.webp,458,94,99,97,200,65,,500,500
5AS06MARKIV_裸_表情_トロ顔,5_拼接.webp,458,94,99,97,200,65,,500,500
5AS06MARKIV_裸_表情_睡眠,5_拼接.webp,761,95,99,98,200,65,,500,500
5AS06MARKIV_裸_表情_笑顔,5_拼接.webp,559,94,99,97,200,65,,500,500
5AS06MARKIV_裸_表情_通常,5_拼接.webp,0,0,1,1,0,0,,500,500
5AS06MARKIV_服躯_裸,5_拼接.webp,1065,96,236,485,133,15,,500,500

別立ち3_服_通常_5,5_拼接.webp,1542,98,345,495,72,5,,500,500
別顔3_服_通常_5,5_拼接.webp,1570,98,300,295,0,5,,300,300
5AS06MARKIV_覆盖范围,5_拼接.webp,0,0,333,333,-83,0

;------------------------------------------------------------
;露娜
;------------------------------------------------------------
6AS06MARKIV_服_セーラー服_表情_イキ顔,6_拼接.webp,341,1375,94,100,200,75,,500,500
6AS06MARKIV_服_セーラー服_表情_性交,6_拼接.webp,438,1273,95,99,199,75,,500,500
6AS06MARKIV_服_セーラー服_表情_自慰,6_拼接.webp,438,1273,95,99,199,75,,500,500
6AS06MARKIV_服_セーラー服_表情_憤怒,6_拼接.webp,341,966,95,101,199,74,,500,500
6AS06MARKIV_服_セーラー服_表情_発情,6_拼接.webp,341,1273,95,100,199,74,,500,500
6AS06MARKIV_服_セーラー服_表情_トロ顔,6_拼接.webp,341,1273,95,100,199,74,,500,500
6AS06MARKIV_服_セーラー服_表情_笑顔,6_拼接.webp,547,1168,94,98,200,76,,500,500
6AS06MARKIV_服_セーラー服_表情_通常,6_拼接.webp,0,0,1,1,0,0,,500,500
6AS06MARKIV_服躯_服_セーラー服,6_拼接.webp,267,488,190,476,153,24,,500,500
6AS06MARKIV_服_バニーギャル_表情_イキ顔,6_拼接.webp,393,1810,101,102,196,73,,500,500
6AS06MARKIV_服_バニーギャル_表情_性交,6_拼接.webp,438,966,101,100,197,73,,500,500
6AS06MARKIV_服_バニーギャル_表情_自慰,6_拼接.webp,438,966,101,100,197,73,,500,500
6AS06MARKIV_服_バニーギャル_表情_憤怒,6_拼接.webp,437,1375,101,99,197,73,,500,500
6AS06MARKIV_服_バニーギャル_表情_発情,6_拼接.webp,295,1582,101,101,196,72,,500,500
6AS06MARKIV_服_バニーギャル_表情_トロ顔,6_拼接.webp,295,1582,101,101,196,72,,500,500
6AS06MARKIV_服_バニーギャル_表情_笑顔,6_拼接.webp,341,1171,99,100,197,73,,500,500
6AS06MARKIV_服_バニーギャル_表情_通常,6_拼接.webp,0,0,1,1,0,0,,500,500
6AS06MARKIV_服躯_服_バニーギャル,6_拼接.webp,2,2,228,500,129,0,,500,500
6AS06MARKIV_服_メイド_表情_イキ顔,6_拼接.webp,189,1478,104,110,201,65,,500,500
6AS06MARKIV_服_メイド_表情_性交,6_拼接.webp,294,1701,104,107,200,65,,500,500
6AS06MARKIV_服_メイド_表情_自慰,6_拼接.webp,294,1701,104,107,200,65,,500,500
6AS06MARKIV_服_メイド_表情_憤怒,6_拼接.webp,189,1812,104,108,200,65,,500,500
6AS06MARKIV_服_メイド_表情_発情,6_拼接.webp,189,1701,103,109,201,64,,500,500
6AS06MARKIV_服_メイド_表情_トロ顔,6_拼接.webp,189,1701,103,109,201,64,,500,500
6AS06MARKIV_服_メイド_表情_笑顔,6_拼接.webp,189,1590,104,109,200,65,,500,500
6AS06MARKIV_服_メイド_表情_通常,6_拼接.webp,0,0,1,1,0,0,,500,500
6AS06MARKIV_服躯_服_メイド,6_拼接.webp,2,504,263,488,103,12,,500,500
6AS06MARKIV_服_下着_表情_イキ顔,6_拼接.webp,398,1578,96,97,204,76,,500,500
6AS06MARKIV_服_下着_表情_性交,6_拼接.webp,496,1578,95,97,204,76,,500,500
6AS06MARKIV_服_下着_表情_自慰,6_拼接.webp,496,1578,95,97,204,76,,500,500
6AS06MARKIV_服_下着_表情_憤怒,6_拼接.webp,496,1776,95,95,204,77,,500,500
6AS06MARKIV_服_下着_表情_発情,6_拼接.webp,540,1371,95,96,205,77,,500,500
6AS06MARKIV_服_下着_表情_トロ顔,6_拼接.webp,540,1371,95,96,205,77,,500,500
6AS06MARKIV_服_下着_表情_睡眠,6_拼接.webp,497,1476,96,96,204,76,,500,500
6AS06MARKIV_服_下着_表情_笑顔,6_拼接.webp,400,1677,96,97,204,76,,500,500
6AS06MARKIV_服_下着_表情_通常,6_拼接.webp,0,0,1,1,0,0,,500,500
6AS06MARKIV_服躯_服_下着,6_拼接.webp,2,994,337,482,79,18,,500,500
6AS06MARKIV_服_表情_イキ顔,6_拼接.webp,341,1069,102,100,199,77,,500,500
6AS06MARKIV_服_表情_性交,6_拼接.webp,442,1171,103,98,199,77,,500,500
6AS06MARKIV_服_表情_自慰,6_拼接.webp,442,1171,103,98,199,77,,500,500
6AS06MARKIV_服_表情_憤怒,6_拼接.webp,535,1271,102,98,199,77,,500,500
6AS06MARKIV_服_表情_発情,6_拼接.webp,445,1068,103,98,199,76,,500,500
6AS06MARKIV_服_表情_トロ顔,6_拼接.webp,445,1068,103,98,199,76,,500,500
6AS06MARKIV_服_表情_笑顔,6_拼接.webp,393,1477,102,99,199,77,,500,500
6AS06MARKIV_服_表情_通常,6_拼接.webp,0,0,1,1,0,0,,500,500
6AS06MARKIV_服躯_服,6_拼接.webp,232,2,338,484,83,16,,500,500
6AS06MARKIV_裸_表情_イキ顔,6_拼接.webp,189,1922,96,103,203,71,,500,500
6AS06MARKIV_裸_表情_性交,6_拼接.webp,287,1922,96,103,203,71,,500,500
6AS06MARKIV_裸_表情_自慰,6_拼接.webp,287,1922,96,103,203,71,,500,500
6AS06MARKIV_裸_表情_憤怒,6_拼接.webp,295,1810,96,103,203,71,,500,500
6AS06MARKIV_裸_表情_発情,6_拼接.webp,482,1914,97,102,203,72,,500,500
6AS06MARKIV_裸_表情_トロ顔,6_拼接.webp,482,1914,97,102,203,72,,500,500
6AS06MARKIV_裸_表情_睡眠,6_拼接.webp,385,1915,95,103,204,71,,500,500
6AS06MARKIV_裸_表情_笑顔,6_拼接.webp,295,1478,96,102,203,72,,500,500
6AS06MARKIV_裸_表情_通常,6_拼接.webp,0,0,1,1,0,0,,500,500
6AS06MARKIV_服躯_裸,6_拼接.webp,2,1478,185,475,154,25,,500,500

別立ち3_服_通常_6,6_拼接.webp,232,2,338,484,83,16,,500,500
別顔3_服_通常_6,6_拼接.webp,249,2,300,284,0,16,,300,300
6AS06MARKIV_覆盖范围,6_拼接.webp,0,0,333,333,-83,0

;------------------------------------------------------------
;斯塔
;------------------------------------------------------------
7AS06MARKIV_服_セーラー服_表情_イキ顔,7_拼接.webp,171,2,86,81,209,68,,500,500
7AS06MARKIV_服_セーラー服_表情_性交,7_拼接.webp,259,2,85,81,211,68,,500,500
7AS06MARKIV_服_セーラー服_表情_自慰,7_拼接.webp,259,2,85,81,211,68,,500,500
7AS06MARKIV_服_セーラー服_表情_憤怒,7_拼接.webp,434,2,86,82,210,68,,500,500
7AS06MARKIV_服_セーラー服_表情_発情,7_拼接.webp,346,2,86,81,210,68,,500,500
7AS06MARKIV_服_セーラー服_表情_トロ顔,7_拼接.webp,346,2,86,81,210,68,,500,500
7AS06MARKIV_服_セーラー服_表情_笑顔,7_拼接.webp,522,2,86,82,210,68,,500,500
7AS06MARKIV_服_セーラー服_表情_通常,7_拼接.webp,0,0,1,1,0,0,,500,500
7AS06MARKIV_服躯_服_セーラー服,7_拼接.webp,753,88,326,480,77,20,,500,500
7AS06MARKIV_服_バニーギャル_表情_イキ顔,7_拼接.webp,1920,2,86,86,215,62,,500,500
7AS06MARKIV_服_バニーギャル_表情_性交,7_拼接.webp,1482,2,83,85,216,61,,500,500
7AS06MARKIV_服_バニーギャル_表情_自慰,7_拼接.webp,1482,2,83,85,216,61,,500,500
7AS06MARKIV_服_バニーギャル_表情_憤怒,7_拼接.webp,1567,2,84,85,216,62,,500,500
7AS06MARKIV_服_バニーギャル_表情_発情,7_拼接.webp,1653,2,84,85,216,62,,500,500
7AS06MARKIV_服_バニーギャル_表情_トロ顔,7_拼接.webp,1653,2,84,85,216,62,,500,500
7AS06MARKIV_服_バニーギャル_表情_笑顔,7_拼接.webp,82,79,84,86,215,62,,500,500
7AS06MARKIV_服_バニーギャル_表情_通常,7_拼接.webp,0,0,1,1,0,0,,500,500
7AS06MARKIV_服躯_服_バニーギャル,7_拼接.webp,348,175,317,500,89,0,,500,500
7AS06MARKIV_服_メイド_表情_イキ顔,7_拼接.webp,610,2,83,82,215,70,,500,500
7AS06MARKIV_服_メイド_表情_性交,7_拼接.webp,865,2,83,83,215,69,,500,500
7AS06MARKIV_服_メイド_表情_自慰,7_拼接.webp,865,2,83,83,215,69,,500,500
7AS06MARKIV_服_メイド_表情_憤怒,7_拼接.webp,695,2,83,82,215,70,,500,500
7AS06MARKIV_服_メイド_表情_発情,7_拼接.webp,950,2,84,84,214,69,,500,500
7AS06MARKIV_服_メイド_表情_トロ顔,7_拼接.webp,950,2,84,84,214,69,,500,500
7AS06MARKIV_服_メイド_表情_笑顔,7_拼接.webp,780,2,83,82,215,70,,500,500
7AS06MARKIV_服_メイド_表情_通常,7_拼接.webp,0,0,1,1,0,0,,500,500
7AS06MARKIV_服躯_服_メイド,7_拼接.webp,1403,89,237,484,132,16,,500,500
7AS06MARKIV_服_下着_表情_イキ顔,7_拼接.webp,2,78,78,86,211,69,,500,500
7AS06MARKIV_服_下着_表情_性交,7_拼接.webp,168,85,78,86,211,69,,500,500
7AS06MARKIV_服_下着_表情_自慰,7_拼接.webp,168,85,78,86,211,69,,500,500
7AS06MARKIV_服_下着_表情_憤怒,7_拼接.webp,248,85,78,86,211,69,,500,500
7AS06MARKIV_服_下着_表情_発情,7_拼接.webp,513,86,77,87,212,69,,500,500
7AS06MARKIV_服_下着_表情_トロ顔,7_拼接.webp,513,86,77,87,212,69,,500,500
7AS06MARKIV_服_下着_表情_睡眠,7_拼接.webp,592,86,78,87,211,69,,500,500
7AS06MARKIV_服_下着_表情_笑顔,7_拼接.webp,672,86,79,87,210,69,,500,500
7AS06MARKIV_服_下着_表情_通常,7_拼接.webp,0,0,1,1,0,0,,500,500
7AS06MARKIV_服躯_服_下着,7_拼接.webp,2,173,344,488,78,12,,500,500
7AS06MARKIV_服_表情_イキ顔,7_拼接.webp,1739,2,87,85,214,70,,500,500
7AS06MARKIV_服_表情_性交,7_拼接.webp,1036,2,85,84,214,70,,500,500
7AS06MARKIV_服_表情_自慰,7_拼接.webp,1036,2,85,84,214,70,,500,500
7AS06MARKIV_服_表情_憤怒,7_拼接.webp,87,2,82,75,214,74,,500,500
7AS06MARKIV_服_表情_発情,7_拼接.webp,1123,2,84,84,215,70,,500,500
7AS06MARKIV_服_表情_トロ顔,7_拼接.webp,1123,2,84,84,215,70,,500,500
7AS06MARKIV_服_表情_笑顔,7_拼接.webp,2,2,83,74,214,74,,500,500
7AS06MARKIV_服_表情_通常,7_拼接.webp,0,0,1,1,0,0,,500,500
7AS06MARKIV_服躯_服,7_拼接.webp,1642,90,346,486,77,14,,500,500
7AS06MARKIV_裸_表情_イキ顔,7_拼接.webp,1209,2,89,84,199,80,,500,500
7AS06MARKIV_裸_表情_性交,7_拼接.webp,1300,2,89,84,199,80,,500,500
7AS06MARKIV_裸_表情_自慰,7_拼接.webp,1300,2,89,84,199,80,,500,500
7AS06MARKIV_裸_表情_憤怒,7_拼接.webp,1828,2,90,85,199,79,,500,500
7AS06MARKIV_裸_表情_発情,7_拼接.webp,328,85,90,86,199,79,,500,500
7AS06MARKIV_裸_表情_トロ顔,7_拼接.webp,328,85,90,86,199,79,,500,500
7AS06MARKIV_裸_表情_睡眠,7_拼接.webp,1391,2,89,84,199,80,,500,500
7AS06MARKIV_裸_表情_笑顔,7_拼接.webp,420,86,91,86,199,79,,500,500
7AS06MARKIV_裸_表情_通常,7_拼接.webp,0,0,1,1,0,0,,500,500
7AS06MARKIV_服躯_裸,7_拼接.webp,1081,88,320,481,89,19,,500,500

別立ち3_服_通常_7,7_拼接.webp,1642,90,346,486,77,14,,500,500
別顔3_服_通常_7,7_拼接.webp,1665,90,300,286,0,14,,300,300
7AS06MARKIV_覆盖范围,7_拼接.webp,0,0,333,333,-83,0

;------------------------------------------------------------
;小恶魔
;------------------------------------------------------------
59AS06MARKIV_服_ウェディングドレス_表情_イキ顔,59_拼接.webp,1755,722,77,75,210,75,,500,500
59AS06MARKIV_服_ウェディングドレス_表情_微笑,59_拼接.webp,1754,799,78,74,210,75,,500,500
59AS06MARKIV_服_ウェディングドレス_表情_性交,59_拼接.webp,860,456,78,81,209,68,,500,500
59AS06MARKIV_服_ウェディングドレス_表情_自慰,59_拼接.webp,860,456,78,81,209,68,,500,500
59AS06MARKIV_服_ウェディングドレス_表情_憤怒,59_拼接.webp,1762,1110,77,73,210,76,,500,500
59AS06MARKIV_服_ウェディングドレス_表情_発情,59_拼接.webp,1750,408,78,76,209,74,,500,500
59AS06MARKIV_服_ウェディングドレス_表情_トロ顔,59_拼接.webp,1750,408,78,76,209,74,,500,500
59AS06MARKIV_服_ウェディングドレス_表情_笑顔,59_拼接.webp,1840,1373,79,74,210,75,,500,500
59AS06MARKIV_服_ウェディングドレス_表情_通常,59_拼接.webp,0,0,1,1,0,0,,500,500
59AS06MARKIV_服躯_服_ウェディングドレス,59_拼接.webp,2,2,374,491,63,9,,500,500
59AS06MARKIV_服_カルデア制服_表情_イキ顔,59_拼接.webp,1829,875,74,77,211,70,,500,500
59AS06MARKIV_服_カルデア制服_表情_微笑,59_拼接.webp,1839,574,74,79,212,70,,500,500
59AS06MARKIV_服_カルデア制服_表情_性交,59_拼接.webp,1750,486,75,79,211,70,,500,500
59AS06MARKIV_服_カルデア制服_表情_自慰,59_拼接.webp,1750,486,75,79,211,70,,500,500
59AS06MARKIV_服_カルデア制服_表情_憤怒,59_拼接.webp,1679,567,75,78,211,70,,500,500
59AS06MARKIV_服_カルデア制服_表情_発情,59_拼接.webp,1679,647,74,78,211,70,,500,500
59AS06MARKIV_服_カルデア制服_表情_トロ顔,59_拼接.webp,1679,647,74,78,211,70,,500,500
59AS06MARKIV_服_カルデア制服_表情_笑顔,59_拼接.webp,1837,1031,75,74,211,67,,500,500
59AS06MARKIV_服_カルデア制服_表情_通常,59_拼接.webp,0,0,1,1,0,0,,500,500
59AS06MARKIV_服躯_服_カルデア制服,59_拼接.webp,370,495,334,481,76,19,,500,500
59AS06MARKIV_服_シスター_表情_イキ顔,59_拼接.webp,783,791,81,82,212,65,,500,500
59AS06MARKIV_服_シスター_表情_微笑,59_拼接.webp,1677,1294,79,81,214,67,,500,500
59AS06MARKIV_服_シスター_表情_性交,59_拼接.webp,824,1961,85,81,210,65,,500,500
59AS06MARKIV_服_シスター_表情_自慰,59_拼接.webp,824,1961,85,81,210,65,,500,500
59AS06MARKIV_服_シスター_表情_憤怒,59_拼接.webp,783,875,81,82,213,67,,500,500
59AS06MARKIV_服_シスター_表情_発情,59_拼接.webp,995,1961,83,82,212,67,,500,500
59AS06MARKIV_服_シスター_表情_トロ顔,59_拼接.webp,995,1961,83,82,212,67,,500,500
59AS06MARKIV_服_シスター_表情_笑顔,59_拼接.webp,1666,1932,81,81,213,67,,500,500
59AS06MARKIV_服_シスター_表情_通常,59_拼接.webp,0,0,1,1,0,0,,500,500
59AS06MARKIV_服躯_服_シスター,59_拼接.webp,1027,973,326,481,87,19,,500,500
59AS06MARKIV_服_デンジャラス・ビースト_表情_イキ顔,59_拼接.webp,1420,1932,80,83,218,68,,500,500
59AS06MARKIV_服_デンジャラス・ビースト_表情_微笑,59_拼接.webp,911,1961,82,83,218,67,,500,500
59AS06MARKIV_服_デンジャラス・ビースト_表情_性交,59_拼接.webp,739,1961,83,83,216,68,,500,500
59AS06MARKIV_服_デンジャラス・ビースト_表情_自慰,59_拼接.webp,739,1961,83,83,216,68,,500,500
59AS06MARKIV_服_デンジャラス・ビースト_表情_憤怒,59_拼接.webp,783,706,81,83,218,67,,500,500
59AS06MARKIV_服_デンジャラス・ビースト_表情_発情,59_拼接.webp,395,1961,84,85,217,67,,500,500
59AS06MARKIV_服_デンジャラス・ビースト_表情_トロ顔,59_拼接.webp,395,1961,84,85,217,67,,500,500
59AS06MARKIV_服_デンジャラス・ビースト_表情_笑顔,59_拼接.webp,1502,1932,80,83,218,68,,500,500
59AS06MARKIV_服_デンジャラス・ビースト_表情_通常,59_拼接.webp,0,0,1,1,0,0,,500,500
59AS06MARKIV_服躯_服_デンジャラス・ビースト,59_拼接.webp,1027,2,325,486,107,14,,500,500
59AS06MARKIV_服_トリック・オア・トリートメント_表情_イキ顔,59_拼接.webp,706,280,76,85,214,52,,500,500
59AS06MARKIV_服_トリック・オア・トリートメント_表情_微笑,59_拼接.webp,783,536,75,84,214,52,,500,500
59AS06MARKIV_服_トリック・オア・トリートメント_表情_性交,59_拼接.webp,783,449,75,85,214,52,,500,500
59AS06MARKIV_服_トリック・オア・トリートメント_表情_自慰,59_拼接.webp,783,449,75,85,214,52,,500,500
59AS06MARKIV_服_トリック・オア・トリートメント_表情_憤怒,59_拼接.webp,706,455,75,85,214,52,,500,500
59AS06MARKIV_服_トリック・オア・トリートメント_表情_発情,59_拼接.webp,706,542,75,84,214,52,,500,500
59AS06MARKIV_服_トリック・オア・トリートメント_表情_トロ顔,59_拼接.webp,706,542,75,84,214,52,,500,500
59AS06MARKIV_服_トリック・オア・トリートメント_表情_笑顔,59_拼接.webp,706,367,75,86,214,51,,500,500
59AS06MARKIV_服_トリック・オア・トリートメント_表情_通常,59_拼接.webp,0,0,1,1,0,0,,500,500
59AS06MARKIV_服躯_服_トリック・オア・トリートメント,59_拼接.webp,354,980,334,498,92,2,,500,500
59AS06MARKIV_服_ナース_表情_イキ顔,59_拼接.webp,1584,1932,80,83,211,63,,500,500
59AS06MARKIV_服_ナース_表情_微笑,59_拼接.webp,1758,1294,80,79,211,68,,500,500
59AS06MARKIV_服_ナース_表情_性交,59_拼接.webp,1677,1212,80,80,211,64,,500,500
59AS06MARKIV_服_ナース_表情_自慰,59_拼接.webp,1677,1212,80,80,211,64,,500,500
59AS06MARKIV_服_ナース_表情_憤怒,59_拼接.webp,1840,1293,81,78,211,67,,500,500
59AS06MARKIV_服_ナース_表情_発情,59_拼接.webp,1919,160,80,77,211,66,,500,500
59AS06MARKIV_服_ナース_表情_トロ顔,59_拼接.webp,1919,160,80,77,211,66,,500,500
59AS06MARKIV_服_ナース_表情_笑顔,59_拼接.webp,1920,82,82,76,210,67,,500,500
59AS06MARKIV_服_ナース_表情_通常,59_拼接.webp,0,0,1,1,0,0,,500,500
59AS06MARKIV_服躯_服_ナース,59_拼接.webp,2,980,350,498,67,2,,500,500
59AS06MARKIV_服_バニーギャル_表情_イキ顔,59_拼接.webp,944,165,78,89,213,62,,500,500
59AS06MARKIV_服_バニーギャル_表情_微笑,59_拼接.webp,873,2,78,90,213,61,,500,500
59AS06MARKIV_服_バニーギャル_表情_性交,59_拼接.webp,860,367,78,87,213,62,,500,500
59AS06MARKIV_服_バニーギャル_表情_自慰,59_拼接.webp,860,367,78,87,213,62,,500,500
59AS06MARKIV_服_バニーギャル_表情_憤怒,59_拼接.webp,860,277,78,88,213,62,,500,500
59AS06MARKIV_服_バニーギャル_表情_発情,59_拼接.webp,863,94,79,88,212,62,,500,500
59AS06MARKIV_服_バニーギャル_表情_トロ顔,59_拼接.webp,863,94,79,88,212,62,,500,500
59AS06MARKIV_服_バニーギャル_表情_笑顔,59_拼接.webp,791,2,80,89,212,61,,500,500
59AS06MARKIV_服_バニーギャル_表情_通常,59_拼接.webp,0,0,1,1,0,0,,500,500
59AS06MARKIV_服躯_服_バニーギャル,59_拼接.webp,690,978,335,499,49,1,,500,500
59AS06MARKIV_服_フォーマルドレス_表情_イキ顔,59_拼接.webp,953,2,72,81,218,74,,500,500
59AS06MARKIV_服_フォーマルドレス_表情_微笑,59_拼接.webp,784,366,74,81,217,74,,500,500
59AS06MARKIV_服_フォーマルドレス_表情_性交,59_拼接.webp,953,85,72,78,218,75,,500,500
59AS06MARKIV_服_フォーマルドレス_表情_自慰,59_拼接.webp,953,85,72,78,218,75,,500,500
59AS06MARKIV_服_フォーマルドレス_表情_憤怒,59_拼接.webp,1679,727,73,79,218,75,,500,500
59AS06MARKIV_服_フォーマルドレス_表情_発情,59_拼接.webp,1679,808,73,79,218,74,,500,500
59AS06MARKIV_服_フォーマルドレス_表情_トロ顔,59_拼接.webp,1679,808,73,79,218,74,,500,500
59AS06MARKIV_服_フォーマルドレス_表情_笑顔,59_拼接.webp,706,628,75,82,217,73,,500,500
59AS06MARKIV_服_フォーマルドレス_表情_通常,59_拼接.webp,0,0,1,1,0,0,,500,500
59AS06MARKIV_服躯_服_フォーマルドレス,59_拼接.webp,1676,1450,320,476,73,24,,500,500
59AS06MARKIV_服_ミッドナイトサキュバス_表情_イキ顔,59_拼接.webp,1841,335,76,78,222,72,,500,500
59AS06MARKIV_服_ミッドナイトサキュバス_表情_微笑,59_拼接.webp,1761,1031,74,77,224,73,,500,500
59AS06MARKIV_服_ミッドナイトサキュバス_表情_性交,59_拼接.webp,1754,875,73,79,224,72,,500,500
59AS06MARKIV_服_ミッドナイトサキュバス_表情_自慰,59_拼接.webp,1754,875,73,79,224,72,,500,500
59AS06MARKIV_服_ミッドナイトサキュバス_表情_憤怒,59_拼接.webp,950,849,71,78,223,72,,500,500
59AS06MARKIV_服_ミッドナイトサキュバス_表情_発情,59_拼接.webp,950,769,72,78,224,72,,500,500
59AS06MARKIV_服_ミッドナイトサキュバス_表情_トロ顔,59_拼接.webp,950,769,72,78,224,72,,500,500
59AS06MARKIV_服_ミッドナイトサキュバス_表情_笑顔,59_拼接.webp,1679,889,71,77,225,72,,500,500
59AS06MARKIV_服_ミッドナイトサキュバス_表情_通常,59_拼接.webp,0,0,1,1,0,0,,500,500
59AS06MARKIV_服躯_服_ミッドナイトサキュバス,59_拼接.webp,1348,1456,326,474,87,26,,500,500
59AS06MARKIV_服_メイド_表情_イキ顔,59_拼接.webp,318,1974,75,69,214,70,,500,500
59AS06MARKIV_服_メイド_表情_微笑,59_拼接.webp,160,1974,78,69,213,70,,500,500
59AS06MARKIV_服_メイド_表情_性交,59_拼接.webp,240,1974,76,70,213,70,,500,500
59AS06MARKIV_服_メイド_表情_自慰,59_拼接.webp,240,1974,76,70,213,70,,500,500
59AS06MARKIV_服_メイド_表情_憤怒,59_拼接.webp,2,1974,77,71,213,69,,500,500
59AS06MARKIV_服_メイド_表情_発情,59_拼接.webp,1677,1377,76,68,214,70,,500,500
59AS06MARKIV_服_メイド_表情_トロ顔,59_拼接.webp,1677,1377,76,68,214,70,,500,500
59AS06MARKIV_服_メイド_表情_笑顔,59_拼接.webp,81,1974,77,70,213,70,,500,500
59AS06MARKIV_服_メイド_表情_通常,59_拼接.webp,0,0,1,1,0,0,,500,500
59AS06MARKIV_服躯_服_メイド,59_拼接.webp,2,1480,342,492,79,8,,500,500
59AS06MARKIV_服_ロイヤル・アイシング_表情_イキ顔,59_拼接.webp,481,1961,84,83,205,68,,500,500
59AS06MARKIV_服_ロイヤル・アイシング_表情_微笑,59_拼接.webp,940,434,82,82,205,68,,500,500
59AS06MARKIV_服_ロイヤル・アイシング_表情_性交,59_拼接.webp,567,1961,84,83,204,67,,500,500
59AS06MARKIV_服_ロイヤル・アイシング_表情_自慰,59_拼接.webp,567,1961,84,83,204,67,,500,500
59AS06MARKIV_服_ロイヤル・アイシング_表情_憤怒,59_拼接.webp,940,518,82,82,204,69,,500,500
59AS06MARKIV_服_ロイヤル・アイシング_表情_発情,59_拼接.webp,940,350,83,82,204,68,,500,500
59AS06MARKIV_服_ロイヤル・アイシング_表情_トロ顔,59_拼接.webp,940,350,83,82,204,68,,500,500
59AS06MARKIV_服_ロイヤル・アイシング_表情_笑顔,59_拼接.webp,653,1961,84,83,204,67,,500,500
59AS06MARKIV_服_ロイヤル・アイシング_表情_通常,59_拼接.webp,0,0,1,1,0,0,,500,500
59AS06MARKIV_服躯_服_ロイヤル・アイシング,59_拼接.webp,2,495,366,483,67,17,,500,500
59AS06MARKIV_服_下着_表情_イキ顔,59_拼接.webp,939,602,82,82,205,72,,500,500
59AS06MARKIV_服_下着_表情_微笑,59_拼接.webp,1677,1132,83,78,205,74,,500,500
59AS06MARKIV_服_下着_表情_性交,59_拼接.webp,866,769,82,81,205,72,,500,500
59AS06MARKIV_服_下着_表情_自慰,59_拼接.webp,866,769,82,81,205,72,,500,500
59AS06MARKIV_服_下着_表情_憤怒,59_拼接.webp,1915,1928,82,79,205,74,,500,500
59AS06MARKIV_服_下着_表情_発情,59_拼接.webp,866,852,82,81,205,73,,500,500
59AS06MARKIV_服_下着_表情_トロ顔,59_拼接.webp,866,852,82,81,205,73,,500,500
59AS06MARKIV_服_下着_表情_睡眠,59_拼接.webp,783,622,82,82,205,72,,500,500
59AS06MARKIV_服_下着_表情_笑顔,59_拼接.webp,1677,970,82,79,206,74,,500,500
59AS06MARKIV_服_下着_表情_通常,59_拼接.webp,0,0,1,1,0,0,,500,500
59AS06MARKIV_服躯_服_下着,59_拼接.webp,1355,970,320,478,90,22,,500,500
59AS06MARKIV_服_制服_表情_イキ顔,59_拼接.webp,1750,329,79,77,213,75,,500,500
59AS06MARKIV_服_制服_表情_微笑,59_拼接.webp,1921,1373,79,74,213,76,,500,500
59AS06MARKIV_服_制服_表情_性交,59_拼接.webp,1919,563,79,74,212,76,,500,500
59AS06MARKIV_服_制服_表情_自慰,59_拼接.webp,1919,563,79,74,212,76,,500,500
59AS06MARKIV_服_制服_表情_憤怒,59_拼接.webp,1756,646,79,74,212,76,,500,500
59AS06MARKIV_服_制服_表情_発情,59_拼接.webp,1761,956,79,73,212,75,,500,500
59AS06MARKIV_服_制服_表情_トロ顔,59_拼接.webp,1761,956,79,73,212,75,,500,500
59AS06MARKIV_服_制服_表情_笑顔,59_拼接.webp,1758,1375,80,73,212,75,,500,500
59AS06MARKIV_服_制服_表情_通常,59_拼接.webp,0,0,1,1,0,0,,500,500
59AS06MARKIV_服躯_服_制服,59_拼接.webp,1024,490,328,481,86,19,,500,500
59AS06MARKIV_服_水着_表情_イキ顔,59_拼接.webp,784,187,74,93,215,59,,500,500
59AS06MARKIV_服_水着_表情_微笑,59_拼接.webp,785,93,76,92,214,59,,500,500
59AS06MARKIV_服_水着_表情_性交,59_拼接.webp,863,184,76,91,215,60,,500,500
59AS06MARKIV_服_水着_表情_自慰,59_拼接.webp,863,184,76,91,215,60,,500,500
59AS06MARKIV_服_水着_表情_憤怒,59_拼接.webp,941,256,75,92,215,59,,500,500
59AS06MARKIV_服_水着_表情_発情,59_拼接.webp,706,186,76,92,215,59,,500,500
59AS06MARKIV_服_水着_表情_トロ顔,59_拼接.webp,706,186,76,92,215,59,,500,500
59AS06MARKIV_服_水着_表情_笑顔,59_拼接.webp,706,92,77,92,214,59,,500,500
59AS06MARKIV_服_水着_表情_通常,59_拼接.webp,0,0,1,1,0,0,,500,500
59AS06MARKIV_服躯_服_水着,59_拼接.webp,692,1479,326,480,87,20,,500,500
59AS06MARKIV_服_逆バニー_表情_イキ顔,59_拼接.webp,1080,1959,84,86,200,65,,500,500
59AS06MARKIV_服_逆バニー_表情_微笑,59_拼接.webp,1251,1959,83,86,201,66,,500,500
59AS06MARKIV_服_逆バニー_表情_性交,59_拼接.webp,1336,1959,82,87,201,65,,500,500
59AS06MARKIV_服_逆バニー_表情_自慰,59_拼接.webp,1336,1959,82,87,201,65,,500,500
59AS06MARKIV_服_逆バニー_表情_憤怒,59_拼接.webp,1166,1959,83,87,201,65,,500,500
59AS06MARKIV_服_逆バニー_表情_発情,59_拼接.webp,867,686,83,81,201,65,,500,500
59AS06MARKIV_服_逆バニー_表情_トロ顔,59_拼接.webp,867,686,83,81,201,65,,500,500
59AS06MARKIV_服_逆バニー_表情_笑顔,59_拼接.webp,706,2,83,88,201,64,,500,500
59AS06MARKIV_服_逆バニー_表情_通常,59_拼接.webp,0,0,1,1,0,0,,500,500
59AS06MARKIV_服躯_服_逆バニー,59_拼接.webp,378,2,326,489,87,11,,500,500
59AS06MARKIV_服_魔法少女_表情_イキ顔,59_拼接.webp,1749,1928,81,81,207,70,,500,500
59AS06MARKIV_服_魔法少女_表情_微笑,59_拼接.webp,1750,85,82,76,206,72,,500,500
59AS06MARKIV_服_魔法少女_表情_性交,59_拼接.webp,1832,1928,81,80,207,70,,500,500
59AS06MARKIV_服_魔法少女_表情_自慰,59_拼接.webp,1832,1928,81,80,207,70,,500,500
59AS06MARKIV_服_魔法少女_表情_憤怒,59_拼接.webp,1759,1212,80,79,207,72,,500,500
59AS06MARKIV_服_魔法少女_表情_発情,59_拼接.webp,1923,2,81,78,207,72,,500,500
59AS06MARKIV_服_魔法少女_表情_トロ顔,59_拼接.webp,1923,2,81,78,207,72,,500,500
59AS06MARKIV_服_魔法少女_表情_笑顔,59_拼接.webp,1677,1051,82,79,207,72,,500,500
59AS06MARKIV_服_魔法少女_表情_通常,59_拼接.webp,0,0,1,1,0,0,,500,500
59AS06MARKIV_服躯_服_魔法少女,59_拼接.webp,346,1480,344,479,78,21,,500,500
59AS06MARKIV_服_表情_イキ顔,59_拼接.webp,1841,169,76,81,210,68,,500,500
59AS06MARKIV_服_表情_微笑,59_拼接.webp,1841,85,76,82,210,68,,500,500
59AS06MARKIV_服_表情_性交,59_拼接.webp,860,539,77,81,209,68,,500,500
59AS06MARKIV_服_表情_自慰,59_拼接.webp,860,539,77,81,209,68,,500,500
59AS06MARKIV_服_表情_憤怒,59_拼接.webp,1750,163,76,82,209,68,,500,500
59AS06MARKIV_服_表情_発情,59_拼接.webp,1919,484,76,77,210,68,,500,500
59AS06MARKIV_服_表情_トロ顔,59_拼接.webp,1919,484,76,77,210,68,,500,500
59AS06MARKIV_服_表情_笑顔,59_拼接.webp,706,795,75,80,210,68,,500,500
59AS06MARKIV_服_表情_通常,59_拼接.webp,0,0,1,1,0,0,,500,500
59AS06MARKIV_服躯_服,59_拼接.webp,1354,487,323,481,79,19,,500,500
59AS06MARKIV_裸_裸エプロン_表情_イキ顔,59_拼接.webp,1919,322,76,80,209,78,,500,500
59AS06MARKIV_裸_裸エプロン_表情_微笑,59_拼接.webp,1841,495,76,77,209,79,,500,500
59AS06MARKIV_裸_裸エプロン_表情_性交,59_拼接.webp,1761,567,76,77,209,79,,500,500
59AS06MARKIV_裸_裸エプロン_表情_自慰,59_拼接.webp,1761,567,76,77,209,79,,500,500
59AS06MARKIV_裸_裸エプロン_表情_憤怒,59_拼接.webp,1750,247,77,80,208,78,,500,500
59AS06MARKIV_裸_裸エプロン_表情_発情,59_拼接.webp,1919,404,76,78,209,78,,500,500
59AS06MARKIV_裸_裸エプロン_表情_トロ顔,59_拼接.webp,1919,404,76,78,209,78,,500,500
59AS06MARKIV_裸_裸エプロン_表情_笑顔,59_拼接.webp,1841,415,76,78,209,78,,500,500
59AS06MARKIV_裸_裸エプロン_表情_通常,59_拼接.webp,0,0,1,1,0,0,,500,500
59AS06MARKIV_服躯_裸_裸エプロン,59_拼接.webp,1020,1479,326,478,87,22,,500,500
59AS06MARKIV_裸_表情_イキ顔,59_拼接.webp,784,282,74,82,208,69,,500,500
59AS06MARKIV_裸_表情_微笑,59_拼接.webp,706,712,75,81,208,70,,500,500
59AS06MARKIV_裸_表情_性交,59_拼接.webp,706,877,75,80,208,70,,500,500
59AS06MARKIV_裸_表情_自慰,59_拼接.webp,706,877,75,80,208,70,,500,500
59AS06MARKIV_裸_表情_憤怒,59_拼接.webp,1919,239,76,81,208,70,,500,500
59AS06MARKIV_裸_表情_発情,59_拼接.webp,1841,252,76,81,208,70,,500,500
59AS06MARKIV_裸_表情_トロ顔,59_拼接.webp,1841,252,76,81,208,70,,500,500
59AS06MARKIV_裸_表情_睡眠,59_拼接.webp,1841,2,77,81,206,70,,500,500
59AS06MARKIV_裸_表情_笑顔,59_拼接.webp,1750,2,77,81,208,70,,500,500
59AS06MARKIV_裸_表情_通常,59_拼接.webp,0,0,1,1,0,0,,500,500
59AS06MARKIV_服躯_裸,59_拼接.webp,1420,2,328,483,79,17,,500,500

別立ち3_服_通常_59,59_拼接.webp,1354,487,323,481,79,19,,500,500
別顔3_服_通常_59,59_拼接.webp,1375,487,300,281,0,19,,300,300
59AS06MARKIV_覆盖范围,59_拼接.webp,0,0,333,333,-83,0

;------------------------------------------------------------
;星
;------------------------------------------------------------
87AS06MARKIV_服_イシュタル_表情_イキ顔,87_拼接.webp,242,1413,77,84,210,83,,500,500
87AS06MARKIV_服_イシュタル_表情_微笑,87_拼接.webp,559,1147,75,77,212,88,,500,500
87AS06MARKIV_服_イシュタル_表情_性交,87_拼接.webp,243,1074,78,82,209,83,,500,500
87AS06MARKIV_服_イシュタル_表情_自慰,87_拼接.webp,243,1074,78,82,209,83,,500,500
87AS06MARKIV_服_イシュタル_表情_憤怒,87_拼接.webp,482,1147,75,81,212,88,,500,500
87AS06MARKIV_服_イシュタル_表情_発情,87_拼接.webp,432,687,75,85,211,84,,500,500
87AS06MARKIV_服_イシュタル_表情_トロ顔,87_拼接.webp,432,687,75,85,211,84,,500,500
87AS06MARKIV_服_イシュタル_表情_笑顔,87_拼接.webp,482,1067,76,78,212,89,,500,500
87AS06MARKIV_服_イシュタル_表情_通常,87_拼接.webp,0,0,1,1,0,0,,500,500
87AS06MARKIV_服躯_服_イシュタル,87_拼接.webp,847,2,242,489,122,11,,500,500
87AS06MARKIV_服_セーラー服_表情_イキ顔,87_拼接.webp,483,945,72,79,214,88,,500,500
87AS06MARKIV_服_セーラー服_表情_微笑,87_拼接.webp,635,989,74,78,213,88,,500,500
87AS06MARKIV_服_セーラー服_表情_性交,87_拼接.webp,560,1226,74,77,213,89,,500,500
87AS06MARKIV_服_セーラー服_表情_自慰,87_拼接.webp,560,1226,74,77,213,89,,500,500
87AS06MARKIV_服_セーラー服_表情_憤怒,87_拼接.webp,550,1312,74,78,213,89,,500,500
87AS06MARKIV_服_セーラー服_表情_発情,87_拼接.webp,550,1392,73,77,214,89,,500,500
87AS06MARKIV_服_セーラー服_表情_トロ顔,87_拼接.webp,550,1392,73,77,214,89,,500,500
87AS06MARKIV_服_セーラー服_表情_笑顔,87_拼接.webp,560,1058,73,78,214,89,,500,500
87AS06MARKIV_服_セーラー服_表情_通常,87_拼接.webp,0,0,1,1,0,0,,500,500
87AS06MARKIV_服躯_服_セーラー服,87_拼接.webp,875,493,200,478,145,22,,500,500
87AS06MARKIV_服_バニーギャル_表情_イキ顔,87_拼接.webp,85,1412,75,92,212,76,,500,500
87AS06MARKIV_服_バニーギャル_表情_微笑,87_拼接.webp,79,1506,76,91,212,76,,500,500
87AS06MARKIV_服_バニーギャル_表情_性交,87_拼接.webp,2,1415,75,92,212,76,,500,500
87AS06MARKIV_服_バニーギャル_表情_自慰,87_拼接.webp,2,1415,75,92,212,76,,500,500
87AS06MARKIV_服_バニーギャル_表情_憤怒,87_拼接.webp,162,1485,75,92,212,76,,500,500
87AS06MARKIV_服_バニーギャル_表情_発情,87_拼接.webp,168,1319,76,92,212,76,,500,500
87AS06MARKIV_服_バニーギャル_表情_トロ顔,87_拼接.webp,168,1319,76,92,212,76,,500,500
87AS06MARKIV_服_バニーギャル_表情_笑顔,87_拼接.webp,86,1240,74,91,213,76,,500,500
87AS06MARKIV_服_バニーギャル_表情_通常,87_拼接.webp,0,0,1,1,0,0,,500,500
87AS06MARKIV_服躯_服_バニーギャル,87_拼接.webp,338,2,218,500,140,0,,500,500
87AS06MARKIV_服_下着_表情_イキ顔,87_拼接.webp,2,993,74,93,217,76,,500,500
87AS06MARKIV_服_下着_表情_微笑,87_拼接.webp,432,504,75,90,217,76,,500,500
87AS06MARKIV_服_下着_表情_性交,87_拼接.webp,321,1387,75,91,217,75,,500,500
87AS06MARKIV_服_下着_表情_自慰,87_拼接.webp,321,1387,75,91,217,75,,500,500
87AS06MARKIV_服_下着_表情_憤怒,87_拼接.webp,2,1088,74,93,217,75,,500,500
87AS06MARKIV_服_下着_表情_発情,87_拼接.webp,432,596,75,89,217,76,,500,500
87AS06MARKIV_服_下着_表情_トロ顔,87_拼接.webp,432,596,75,89,217,76,,500,500
87AS06MARKIV_服_下着_表情_睡眠,87_拼接.webp,86,1146,74,92,217,76,,500,500
87AS06MARKIV_服_下着_表情_笑顔,87_拼接.webp,2,1509,75,92,217,76,,500,500
87AS06MARKIV_服_下着_表情_通常,87_拼接.webp,0,0,1,1,0,0,,500,500
87AS06MARKIV_服躯_服_下着,87_拼接.webp,230,504,200,483,160,17,,500,500
87AS06MARKIV_服_巫女_表情_イキ顔,87_拼接.webp,85,1339,81,71,208,83,,500,500
87AS06MARKIV_服_巫女_表情_微笑,87_拼接.webp,2,1339,81,74,208,83,,500,500
87AS06MARKIV_服_巫女_表情_性交,87_拼接.webp,2,1267,82,70,207,82,,500,500
87AS06MARKIV_服_巫女_表情_自慰,87_拼接.webp,2,1267,82,70,207,82,,500,500
87AS06MARKIV_服_巫女_表情_憤怒,87_拼接.webp,2,1183,82,82,207,82,,500,500
87AS06MARKIV_服_巫女_表情_発情,87_拼接.webp,78,993,82,75,207,83,,500,500
87AS06MARKIV_服_巫女_表情_トロ顔,87_拼接.webp,78,993,82,75,207,83,,500,500
87AS06MARKIV_服_巫女_表情_笑顔,87_拼接.webp,78,1070,82,74,207,82,,500,500
87AS06MARKIV_服_巫女_表情_通常,87_拼接.webp,0,0,1,1,0,0,,500,500
87AS06MARKIV_服躯_服_巫女,87_拼接.webp,558,2,287,492,90,8,,500,500
87AS06MARKIV_服_着物_表情_イキ顔,87_拼接.webp,323,1144,77,77,210,89,,500,500
87AS06MARKIV_服_着物_表情_微笑,87_拼接.webp,404,989,77,76,209,90,,500,500
87AS06MARKIV_服_着物_表情_性交,87_拼接.webp,242,1238,78,77,209,90,,500,500
87AS06MARKIV_服_着物_表情_自慰,87_拼接.webp,242,1238,78,77,209,90,,500,500
87AS06MARKIV_服_着物_表情_憤怒,87_拼接.webp,322,1223,77,77,210,90,,500,500
87AS06MARKIV_服_着物_表情_発情,87_拼接.webp,326,1302,77,77,210,89,,500,500
87AS06MARKIV_服_着物_表情_トロ顔,87_拼接.webp,326,1302,77,77,210,89,,500,500
87AS06MARKIV_服_着物_表情_笑顔,87_拼接.webp,242,1158,78,78,209,89,,500,500
87AS06MARKIV_服_着物_表情_通常,87_拼接.webp,0,0,1,1,0,0,,500,500
87AS06MARKIV_服躯_服_着物,87_拼接.webp,558,496,315,491,90,9,,500,500
87AS06MARKIV_服_私服_表情_イキ顔,87_拼接.webp,162,993,80,69,207,88,,500,500
87AS06MARKIV_服_私服_表情_微笑,87_拼接.webp,403,1067,77,72,208,88,,500,500
87AS06MARKIV_服_私服_表情_性交,87_拼接.webp,403,1141,77,67,208,88,,500,500
87AS06MARKIV_服_私服_表情_自慰,87_拼接.webp,403,1141,77,67,208,88,,500,500
87AS06MARKIV_服_私服_表情_憤怒,87_拼接.webp,246,1317,78,68,208,88,,500,500
87AS06MARKIV_服_私服_表情_発情,87_拼接.webp,557,989,76,67,208,88,,500,500
87AS06MARKIV_服_私服_表情_トロ顔,87_拼接.webp,557,989,76,67,208,88,,500,500
87AS06MARKIV_服_私服_表情_笑顔,87_拼接.webp,324,989,78,68,208,88,,500,500
87AS06MARKIV_服_私服_表情_通常,87_拼接.webp,0,0,1,1,0,0,,500,500
87AS06MARKIV_服躯_服_私服,87_拼接.webp,2,504,226,487,140,13,,500,500
87AS06MARKIV_服_表情_イキ顔,87_拼接.webp,162,1149,78,83,214,87,,500,500
87AS06MARKIV_服_表情_微笑,87_拼接.webp,324,1059,77,83,215,87,,500,500
87AS06MARKIV_服_表情_性交,87_拼接.webp,162,1234,78,83,214,87,,500,500
87AS06MARKIV_服_表情_自慰,87_拼接.webp,162,1234,78,83,214,87,,500,500
87AS06MARKIV_服_表情_憤怒,87_拼接.webp,162,1064,79,83,214,87,,500,500
87AS06MARKIV_服_表情_発情,87_拼接.webp,162,1413,78,70,214,87,,500,500
87AS06MARKIV_服_表情_トロ顔,87_拼接.webp,162,1413,78,70,214,87,,500,500
87AS06MARKIV_服_表情_笑顔,87_拼接.webp,244,989,78,83,214,87,,500,500
87AS06MARKIV_服_表情_通常,87_拼接.webp,0,0,1,1,0,0,,500,500
87AS06MARKIV_服躯_服,87_拼接.webp,2,2,334,500,83,0,,500,500
87AS06MARKIV_裸_表情_イキ顔,87_拼接.webp,432,860,76,83,216,85,,500,500
87AS06MARKIV_裸_表情_微笑,87_拼接.webp,398,1381,74,82,216,85,,500,500
87AS06MARKIV_裸_表情_性交,87_拼接.webp,483,1230,75,80,217,85,,500,500
87AS06MARKIV_裸_表情_自慰,87_拼接.webp,483,1230,75,80,217,85,,500,500
87AS06MARKIV_裸_表情_憤怒,87_拼接.webp,474,1376,74,81,216,85,,500,500
87AS06MARKIV_裸_表情_発情,87_拼接.webp,402,1210,76,81,216,85,,500,500
87AS06MARKIV_裸_表情_トロ顔,87_拼接.webp,402,1210,76,81,216,85,,500,500
87AS06MARKIV_裸_表情_睡眠,87_拼接.webp,405,1293,76,81,216,85,,500,500
87AS06MARKIV_裸_表情_笑顔,87_拼接.webp,432,774,74,84,216,85,,500,500
87AS06MARKIV_裸_表情_通常,87_拼接.webp,0,0,1,1,0,0,,500,500
87AS06MARKIV_服躯_裸,87_拼接.webp,875,973,196,466,150,34,,500,500

別立ち_服_通常_87,87_拼接.webp,2,2,334,500,83,0,,500,500
別顔_服_通常_87,87_拼接.webp,19,2,300,300,0,0,,300,300
87AS06MARKIV_覆盖范围,87_拼接.webp,0,0,333,333,-83,0

;------------------------------------------------------------
;蛮奇
;------------------------------------------------------------
73AS06MARKIV_服_セーラー服_表情_イキ顔,73_拼接.webp,740,0,83,77,206,70,,500,500
73AS06MARKIV_服_セーラー服_表情_微笑,73_拼接.webp,246,0,81,72,207,70,,500,500
73AS06MARKIV_服_セーラー服_表情_性交,73_拼接.webp,494,0,82,75,206,71,,500,500
73AS06MARKIV_服_セーラー服_表情_自慰,73_拼接.webp,494,0,82,75,206,71,,500,500
73AS06MARKIV_服_セーラー服_表情_憤怒,73_拼接.webp,82,0,81,68,206,72,,500,500
73AS06MARKIV_服_セーラー服_表情_発情,73_拼接.webp,1062,0,86,80,205,68,,500,500
73AS06MARKIV_服_セーラー服_表情_トロ顔,73_拼接.webp,1062,0,86,80,205,68,,500,500
73AS06MARKIV_服_セーラー服_表情_笑顔,73_拼接.webp,659,0,81,76,206,71,,500,500
73AS06MARKIV_服_セーラー服_表情_通常,73_拼接.webp,0,0,1,1,0,0,,500,500
73AS06MARKIV_服躯_服_セーラー服,73_拼接.webp,315,162,215,487,130,13,,500,500
73AS06MARKIV_服_バニーギャル_表情_イキ顔,73_拼接.webp,1148,0,85,80,210,73,,500,500
73AS06MARKIV_服_バニーギャル_表情_微笑,73_拼接.webp,1233,0,84,80,210,73,,500,500
73AS06MARKIV_服_バニーギャル_表情_性交,73_拼接.webp,1317,0,86,80,210,73,,500,500
73AS06MARKIV_服_バニーギャル_表情_自慰,73_拼接.webp,1317,0,86,80,210,73,,500,500
73AS06MARKIV_服_バニーギャル_表情_憤怒,73_拼接.webp,905,0,84,79,209,74,,500,500
73AS06MARKIV_服_バニーギャル_表情_発情,73_拼接.webp,158,70,85,83,209,73,,500,500
73AS06MARKIV_服_バニーギャル_表情_トロ顔,73_拼接.webp,158,70,85,83,209,73,,500,500
73AS06MARKIV_服_バニーギャル_表情_笑顔,73_拼接.webp,1403,0,85,80,209,73,,500,500
73AS06MARKIV_服_バニーギャル_表情_通常,73_拼接.webp,0,0,1,1,0,0,,500,500
73AS06MARKIV_服躯_服_バニーギャル,73_拼接.webp,958,168,270,500,104,0,,500,500
73AS06MARKIV_服_フォーマルドレス_表情_イキ顔,73_拼接.webp,922,79,96,88,198,77,,500,500
73AS06MARKIV_服_フォーマルドレス_表情_微笑,73_拼接.webp,1018,80,96,88,199,77,,500,500
73AS06MARKIV_服_フォーマルドレス_表情_性交,73_拼接.webp,1114,80,95,88,199,77,,500,500
73AS06MARKIV_服_フォーマルドレス_表情_自慰,73_拼接.webp,1114,80,95,88,199,77,,500,500
73AS06MARKIV_服_フォーマルドレス_表情_憤怒,73_拼接.webp,1576,80,96,90,198,76,,500,500
73AS06MARKIV_服_フォーマルドレス_表情_発情,73_拼接.webp,1480,80,96,89,198,76,,500,500
73AS06MARKIV_服_フォーマルドレス_表情_トロ顔,73_拼接.webp,1480,80,96,89,198,76,,500,500
73AS06MARKIV_服_フォーマルドレス_表情_笑顔,73_拼接.webp,1209,80,96,88,198,77,,500,500
73AS06MARKIV_服_フォーマルドレス_表情_通常,73_拼接.webp,0,0,1,1,0,0,,500,500
73AS06MARKIV_服躯_服_フォーマルドレス,73_拼接.webp,0,155,315,479,91,21,,500,500
73AS06MARKIV_服_下着_表情_イキ顔,73_拼接.webp,0,67,79,83,208,68,,500,500
73AS06MARKIV_服_下着_表情_微笑,73_拼接.webp,79,68,79,83,208,67,,500,500
73AS06MARKIV_服_下着_表情_性交,73_拼接.webp,1802,0,80,82,208,68,,500,500
73AS06MARKIV_服_下着_表情_自慰,73_拼接.webp,1802,0,80,82,208,68,,500,500
73AS06MARKIV_服_下着_表情_憤怒,73_拼接.webp,243,72,79,83,208,67,,500,500
73AS06MARKIV_服_下着_表情_睡眠,73_拼接.webp,322,73,80,83,207,67,,500,500
73AS06MARKIV_服_下着_表情_発情,73_拼接.webp,1882,0,78,82,209,67,,500,500
73AS06MARKIV_服_下着_表情_トロ顔,73_拼接.webp,1882,0,78,82,209,67,,500,500
73AS06MARKIV_服_下着_表情_笑顔,73_拼接.webp,402,74,80,83,208,67,,500,500
73AS06MARKIV_服_下着_表情_通常,73_拼接.webp,0,0,1,1,0,0,,500,500
73AS06MARKIV_服躯_服_下着,73_拼接.webp,530,164,223,491,119,9,,500,500
73AS06MARKIV_服_私服_表情_イキ顔,73_拼接.webp,1724,0,78,81,214,63,,500,500
73AS06MARKIV_服_私服_表情_微笑.jpg,73_拼接.webp,989,0,73,79,217,64,,500,500
73AS06MARKIV_服_私服_表情_性交,73_拼接.webp,1960,0,78,82,214,63,,500,500
73AS06MARKIV_服_私服_表情_自慰,73_拼接.webp,1960,0,78,82,214,63,,500,500
73AS06MARKIV_服_私服_表情_憤怒,73_拼接.webp,1488,0,78,80,215,64,,500,500
73AS06MARKIV_服_私服_表情_発情,73_拼接.webp,1566,0,79,80,214,63,,500,500
73AS06MARKIV_服_私服_表情_トロ顔,73_拼接.webp,1566,0,79,80,214,63,,500,500
73AS06MARKIV_服_私服_表情_笑顔,73_拼接.webp,1645,0,79,80,214,63,,500,500
73AS06MARKIV_服_私服_表情_通常,73_拼接.webp,0,0,1,1,0,0,,500,500
73AS06MARKIV_服躯_服_私服,73_拼接.webp,753,167,205,492,145,8,,500,500
73AS06MARKIV_服_表情_イキ顔,73_拼接.webp,823,0,82,77,210,73,,500,500
73AS06MARKIV_服_表情_微笑,73_拼接.webp,327,0,82,73,210,69,,500,500
73AS06MARKIV_服_表情_性交,73_拼接.webp,576,0,83,75,210,74,,500,500
73AS06MARKIV_服_表情_自慰,73_拼接.webp,576,0,83,75,210,74,,500,500
73AS06MARKIV_服_表情_憤怒,73_拼接.webp,409,0,85,74,208,68,,500,500
73AS06MARKIV_服_表情_発情,73_拼接.webp,163,0,83,70,209,74,,500,500
73AS06MARKIV_服_表情_トロ顔,73_拼接.webp,163,0,83,70,209,74,,500,500
73AS06MARKIV_服_表情_笑顔,73_拼接.webp,0,0,82,67,210,75,,500,500
73AS06MARKIV_服_表情_通常,73_拼接.webp,0,0,1,1,0,0,,500,500
73AS06MARKIV_服躯_服,73_拼接.webp,1228,169,266,500,114,0,,500,500
73AS06MARKIV_裸_表情_イキ顔,73_拼接.webp,482,75,88,87,217,67,,500,500
73AS06MARKIV_裸_表情_微笑,73_拼接.webp,1305,80,87,88,217,66,,500,500
73AS06MARKIV_裸_表情_性交,73_拼接.webp,1392,80,88,88,217,66,,500,500
73AS06MARKIV_裸_表情_自慰,73_拼接.webp,1392,80,88,88,217,66,,500,500
73AS06MARKIV_裸_表情_憤怒,73_拼接.webp,570,75,88,87,217,66,,500,500
73AS06MARKIV_裸_表情_睡眠,73_拼接.webp,658,77,87,87,217,66,,500,500
73AS06MARKIV_裸_表情_発情,73_拼接.webp,745,77,89,87,216,66,,500,500
73AS06MARKIV_裸_表情_トロ顔,73_拼接.webp,745,77,89,87,216,66,,500,500
73AS06MARKIV_裸_表情_笑顔,73_拼接.webp,834,79,88,87,217,66,,500,500
73AS06MARKIV_裸_表情_通常,73_拼接.webp,0,0,1,1,0,0,,500,500
73AS06MARKIV_服躯_裸,73_拼接.webp,1672,82,209,477,147,0,,500,500

別立ち3_服_通常_73,73_拼接.webp,1228,169,266,500,114,0,,500,500
別顔3_服_通常_73,73_拼接.webp,1228,169,266,300,14,0,,300,300
73AS06MARKIV_覆盖范围,73_拼接.webp,0,0,333,333,-83,0

;------------------------------------------------------------
;卡娜
;------------------------------------------------------------
3AS06MARKIV_服_セーラー服_表情_イキ顔,3_拼接.webp,256,77,77,88,205,67,,500,500
3AS06MARKIV_服_セーラー服_表情_微笑,3_拼接.webp,1947,2,83,87,204,66,,500,500
3AS06MARKIV_服_セーラー服_表情_性交,3_拼接.webp,1778,2,83,86,204,66,,500,500
3AS06MARKIV_服_セーラー服_表情_自慰,3_拼接.webp,1778,2,83,86,204,66,,500,500
3AS06MARKIV_服_セーラー服_表情_憤怒,3_拼接.webp,1526,2,84,85,203,66,,500,500
3AS06MARKIV_服_セーラー服_表情_発情,3_拼接.webp,2,77,82,87,205,65,,500,500
3AS06MARKIV_服_セーラー服_表情_トロ顔,3_拼接.webp,2,77,82,87,205,65,,500,500
3AS06MARKIV_服_セーラー服_表情_笑顔,3_拼接.webp,335,78,84,88,203,66,,500,500
3AS06MARKIV_服_セーラー服_表情_通常,3_拼接.webp,0,0,1,1,0,0,,500,500
3AS06MARKIV_服躯_服_セーラー服,3_拼接.webp,1805,91,229,476,126,24,,500,500
3AS06MARKIV_服_バニーギャル_表情_イキ顔,3_拼接.webp,1280,2,80,83,205,74,,500,500
3AS06MARKIV_服_バニーギャル_表情_微笑,3_拼接.webp,1168,86,81,90,205,71,,500,500
3AS06MARKIV_服_バニーギャル_表情_性交,3_拼接.webp,1500,89,83,97,205,71,,500,500
3AS06MARKIV_服_バニーギャル_表情_自慰,3_拼接.webp,1500,89,83,97,205,71,,500,500
3AS06MARKIV_服_バニーギャル_表情_憤怒,3_拼接.webp,86,77,84,87,205,72,,500,500
3AS06MARKIV_服_バニーギャル_表情_発情,3_拼接.webp,751,78,86,89,204,72,,500,500
3AS06MARKIV_服_バニーギャル_表情_トロ顔,3_拼接.webp,751,78,86,89,204,72,,500,500
3AS06MARKIV_服_バニーギャル_表情_笑顔,3_拼接.webp,1412,88,86,92,204,71,,500,500
3AS06MARKIV_服_バニーギャル_表情_通常,3_拼接.webp,0,0,1,1,0,0,,500,500
3AS06MARKIV_服躯_服_バニーギャル,3_拼接.webp,1058,179,270,500,96,0,,500,500
3AS06MARKIV_服_フォーマルドレス_表情_イキ顔,3_拼接.webp,421,78,82,88,200,68,,500,500
3AS06MARKIV_服_フォーマルドレス_表情_微笑,3_拼接.webp,1444,2,80,84,202,71,,500,500
3AS06MARKIV_服_フォーマルドレス_表情_性交,3_拼接.webp,839,79,82,89,200,68,,500,500
3AS06MARKIV_服_フォーマルドレス_表情_自慰,3_拼接.webp,839,79,82,89,200,68,,500,500
3AS06MARKIV_服_フォーマルドレス_表情_憤怒,3_拼接.webp,172,77,82,87,200,68,,500,500
3AS06MARKIV_服_フォーマルドレス_表情_発情,3_拼接.webp,505,78,81,88,201,68,,500,500
3AS06MARKIV_服_フォーマルドレス_表情_トロ顔,3_拼接.webp,505,78,81,88,201,68,,500,500
3AS06MARKIV_服_フォーマルドレス_表情_笑顔,3_拼接.webp,1362,2,80,83,202,71,,500,500
3AS06MARKIV_服_フォーマルドレス_表情_通常,3_拼接.webp,0,0,1,1,0,0,,500,500
3AS06MARKIV_服躯_服_フォーマルドレス,3_拼接.webp,732,176,324,483,89,17,,500,500
3AS06MARKIV_服_下着_表情_イキ顔,3_拼接.webp,1863,2,82,86,206,70,,500,500
3AS06MARKIV_服_下着_表情_微笑,3_拼接.webp,1028,2,81,81,206,71,,500,500
3AS06MARKIV_服_下着_表情_性交,3_拼接.webp,1195,2,83,82,205,70,,500,500
3AS06MARKIV_服_下着_表情_自慰,3_拼接.webp,1195,2,83,82,205,70,,500,500
3AS06MARKIV_服_下着_表情_憤怒,3_拼接.webp,1612,2,81,85,206,70,,500,500
3AS06MARKIV_服_下着_表情_睡眠,3_拼接.webp,1695,2,81,85,206,70,,500,500
3AS06MARKIV_服_下着_表情_発情,3_拼接.webp,945,2,81,80,206,70,,500,500
3AS06MARKIV_服_下着_表情_トロ顔,3_拼接.webp,945,2,81,80,206,70,,500,500
3AS06MARKIV_服_下着_表情_笑顔,3_拼接.webp,1111,2,82,81,206,70,,500,500
3AS06MARKIV_服_下着_表情_通常,3_拼接.webp,0,0,1,1,0,0,,500,500
3AS06MARKIV_服躯_服_下着,3_拼接.webp,1585,90,218,474,132,26,,500,500
3AS06MARKIV_服_私服_表情_イキ顔,3_拼接.webp,391,2,78,74,215,82,,500,500
3AS06MARKIV_服_私服_表情_微笑,3_拼接.webp,2,2,76,71,217,85,,500,500
3AS06MARKIV_服_私服_表情_性交,3_拼接.webp,471,2,78,74,215,82,,500,500
3AS06MARKIV_服_私服_表情_自慰,3_拼接.webp,471,2,78,74,215,82,,500,500
3AS06MARKIV_服_私服_表情_憤怒,3_拼接.webp,866,2,77,75,216,81,,500,500
3AS06MARKIV_服_私服_表情_発情,3_拼接.webp,551,2,78,74,215,82,,500,500
3AS06MARKIV_服_私服_表情_トロ顔,3_拼接.webp,551,2,78,74,215,82,,500,500
3AS06MARKIV_服_私服_表情_笑顔,3_拼接.webp,631,2,79,74,214,82,,500,500
3AS06MARKIV_服_私服_表情_通常,3_拼接.webp,0,0,1,1,0,0,,500,500
3AS06MARKIV_服躯_服_私服,3_拼接.webp,2,167,267,475,107,25,,500,500
3AS06MARKIV_服_表情_イキ顔,3_拼接.webp,712,2,76,74,211,81,,500,500
3AS06MARKIV_服_表情_微笑,3_拼接.webp,80,2,75,73,211,82,,500,500
3AS06MARKIV_服_表情_性交,3_拼接.webp,157,2,78,73,211,82,,500,500
3AS06MARKIV_服_表情_自慰,3_拼接.webp,157,2,78,73,211,82,,500,500
3AS06MARKIV_服_表情_憤怒,3_拼接.webp,237,2,75,73,211,82,,500,500
3AS06MARKIV_服_表情_発情,3_拼接.webp,314,2,75,73,211,82,,500,500
3AS06MARKIV_服_表情_トロ顔,3_拼接.webp,314,2,75,73,211,82,,500,500
3AS06MARKIV_服_表情_笑顔,3_拼接.webp,790,2,74,74,211,82,,500,500
3AS06MARKIV_服_表情_通常,3_拼接.webp,0,0,1,1,0,0,,500,500
3AS06MARKIV_服躯_服,3_拼接.webp,271,168,272,476,111,24,,500,500
3AS06MARKIV_裸_表情_イキ顔,3_拼接.webp,588,78,80,88,220,62,,500,500
3AS06MARKIV_裸_表情_微笑,3_拼接.webp,923,84,80,89,220,62,,500,500
3AS06MARKIV_裸_表情_性交,3_拼接.webp,1251,87,78,90,220,61,,500,500
3AS06MARKIV_裸_表情_自慰,3_拼接.webp,1251,87,78,90,220,61,,500,500
3AS06MARKIV_裸_表情_憤怒,3_拼接.webp,1005,85,80,89,220,63,,500,500
3AS06MARKIV_裸_表情_睡眠,3_拼接.webp,1087,85,79,89,220,63,,500,500
3AS06MARKIV_裸_表情_発情,3_拼接.webp,1331,87,79,90,220,62,,500,500
3AS06MARKIV_裸_表情_トロ顔,3_拼接.webp,1331,87,79,90,220,62,,500,500
3AS06MARKIV_裸_表情_笑顔,3_拼接.webp,670,78,79,88,220,63,,500,500
3AS06MARKIV_裸_表情_通常,3_拼接.webp,0,0,1,1,0,0,,500,500
3AS06MARKIV_服躯_裸,3_拼接.webp,545,168,185,479,164,21,,500,500

別立ち3_服_通常_3,3_拼接.webp,271,168,272,476,111,24,,500,500
別顔3_服_通常_3,3_拼接.webp,271,168,272,276,11,24,,300,300
3AS06MARKIV_覆盖范围,3_拼接.webp,0,0,333,333,-83,0

;------------------------------------------------------------
;妹红
;------------------------------------------------------------
61AS06MARKIV_服_ウェディングドレス_表情_イキ顔,61_拼接.webp,1573,2053,78,95,210,61,,500,500
61AS06MARKIV_服_ウェディングドレス_表情_微笑,61_拼接.webp,677,2091,80,97,210,61,,500,500
61AS06MARKIV_服_ウェディングドレス_表情_性交,61_拼接.webp,1411,2054,79,95,210,61,,500,500
61AS06MARKIV_服_ウェディングドレス_表情_自慰,61_拼接.webp,1411,2054,79,95,210,61,,500,500
61AS06MARKIV_服_ウェディングドレス_表情_憤怒,61_拼接.webp,86,2107,80,100,210,59,,500,500
61AS06MARKIV_服_ウェディングドレス_表情_発情,61_拼接.webp,168,2106,79,99,210,60,,500,500
61AS06MARKIV_服_ウェディングドレス_表情_トロ顔,61_拼接.webp,168,2106,79,99,210,60,,500,500
61AS06MARKIV_服_ウェディングドレス_表情_笑顔,61_拼接.webp,1086,2081,79,96,210,61,,500,500
61AS06MARKIV_服_ウェディングドレス_表情_通常,61_拼接.webp,0,0,1,1,0,0,,500,500
61AS06MARKIV_服躯_服_ウェディングドレス,61_拼接.webp,1737,974,326,481,87,19,,500,500
61AS06MARKIV_服_シスター_表情_イキ顔,61_拼接.webp,2241,1313,83,85,209,72,,500,500
61AS06MARKIV_服_シスター_表情_微笑,61_拼接.webp,2045,2123,80,86,210,71,,500,500
61AS06MARKIV_服_シスター_表情_性交,61_拼接.webp,1970,2027,84,86,209,70,,500,500
61AS06MARKIV_服_シスター_表情_自慰,61_拼接.webp,1970,2027,84,86,209,70,,500,500
61AS06MARKIV_服_シスター_表情_憤怒,61_拼接.webp,2259,982,81,84,209,71,,500,500
61AS06MARKIV_服_シスター_表情_発情,61_拼接.webp,2346,527,81,85,209,71,,500,500
61AS06MARKIV_服_シスター_表情_トロ顔,61_拼接.webp,2346,527,81,85,209,71,,500,500
61AS06MARKIV_服_シスター_表情_笑顔,61_拼接.webp,2344,614,81,85,210,71,,500,500
61AS06MARKIV_服_シスター_表情_通常,61_拼接.webp,0,0,1,1,0,0,,500,500
61AS06MARKIV_服躯_服_シスター,61_拼接.webp,1737,496,336,476,82,24,,500,500
61AS06MARKIV_服_セーラー服_表情_イキ顔,61_拼接.webp,2181,1934,75,83,217,72,,500,500
61AS06MARKIV_服_セーラー服_表情_微笑,61_拼接.webp,2240,1572,76,86,216,71,,500,500
61AS06MARKIV_服_セーラー服_表情_性交,61_拼接.webp,2237,1746,75,88,217,66,,500,500
61AS06MARKIV_服_セーラー服_表情_自慰,61_拼接.webp,2237,1746,75,88,217,66,,500,500
61AS06MARKIV_服_セーラー服_表情_憤怒,61_拼接.webp,2237,1660,76,84,216,72,,500,500
61AS06MARKIV_服_セーラー服_表情_発情,61_拼接.webp,2141,2019,75,83,217,72,,500,500
61AS06MARKIV_服_セーラー服_表情_トロ顔,61_拼接.webp,2141,2019,75,83,217,72,,500,500
61AS06MARKIV_服_セーラー服_表情_笑顔,61_拼接.webp,2242,1483,76,87,216,72,,500,500
61AS06MARKIV_服_セーラー服_表情_通常,61_拼接.webp,0,0,1,1,0,0,,500,500
61AS06MARKIV_服躯_服_セーラー服,61_拼接.webp,1074,2,350,492,75,8,,500,500
61AS06MARKIV_服_ナース_表情_イキ顔,61_拼接.webp,2341,794,82,85,207,71,,500,500
61AS06MARKIV_服_ナース_表情_微笑,61_拼接.webp,2096,1911,83,86,207,71,,500,500
61AS06MARKIV_服_ナース_表情_性交,61_拼接.webp,2387,2,82,85,208,71,,500,500
61AS06MARKIV_服_ナース_表情_自慰,61_拼接.webp,2387,2,82,85,208,71,,500,500
61AS06MARKIV_服_ナース_表情_憤怒,61_拼接.webp,2157,1411,83,86,207,71,,500,500
61AS06MARKIV_服_ナース_表情_発情,61_拼接.webp,2259,894,82,86,208,71,,500,500
61AS06MARKIV_服_ナース_表情_トロ顔,61_拼接.webp,2259,894,82,86,208,71,,500,500
61AS06MARKIV_服_ナース_表情_笑顔,61_拼接.webp,2387,89,82,85,207,71,,500,500
61AS06MARKIV_服_ナース_表情_通常,61_拼接.webp,0,0,1,1,0,0,,500,500
61AS06MARKIV_服躯_服_ナース,61_拼接.webp,1390,496,345,484,70,16,,500,500
61AS06MARKIV_服_デンジャラス・ビースト_表情_イキ顔,61_拼接.webp,1922,1925,87,96,216,66,,500,500
61AS06MARKIV_服_デンジャラス・ビースト_表情_微笑,61_拼接.webp,2068,1421,87,95,216,65,,500,500
61AS06MARKIV_服_デンジャラス・ビースト_表情_性交,61_拼接.webp,2163,857,88,94,216,66,,500,500
61AS06MARKIV_服_デンジャラス・ビースト_表情_自慰,61_拼接.webp,2163,857,88,94,216,66,,500,500
61AS06MARKIV_服_デンジャラス・ビースト_表情_憤怒,61_拼接.webp,2155,1116,87,95,216,66,,500,500
61AS06MARKIV_服_デンジャラス・ビースト_表情_発情,61_拼接.webp,2164,760,88,95,215,66,,500,500
61AS06MARKIV_服_デンジャラス・ビースト_表情_トロ顔,61_拼接.webp,2164,760,88,95,215,66,,500,500
61AS06MARKIV_服_デンジャラス・ビースト_表情_笑顔,61_拼接.webp,2257,497,87,94,216,66,,500,500
61AS06MARKIV_服_デンジャラス・ビースト_表情_通常,61_拼接.webp,0,0,1,1,0,0,,500,500
61AS06MARKIV_服躯_服_デンジャラス・ビースト,61_拼接.webp,354,1006,328,491,86,9,,500,500
61AS06MARKIV_服_トリック・オア・トリートメント_表情_イキ顔,61_拼接.webp,2104,366,90,93,203,66,,500,500
61AS06MARKIV_服_トリック・オア・トリートメント_表情_微笑,61_拼接.webp,2166,567,89,93,203,66,,500,500
61AS06MARKIV_服_トリック・オア・トリートメント_表情_性交,61_拼接.webp,2065,1211,88,91,204,68,,500,500
61AS06MARKIV_服_トリック・オア・トリートメント_表情_自慰,61_拼接.webp,2065,1211,88,91,204,68,,500,500
61AS06MARKIV_服_トリック・オア・トリートメント_表情_憤怒,61_拼接.webp,2065,1116,88,93,204,66,,500,500
61AS06MARKIV_服_トリック・オア・トリートメント_表情_発情,61_拼接.webp,2208,97,89,92,203,66,,500,500
61AS06MARKIV_服_トリック・オア・トリートメント_表情_トロ顔,61_拼接.webp,2208,97,89,92,203,66,,500,500
61AS06MARKIV_服_トリック・オア・トリートメント_表情_笑顔,61_拼接.webp,2208,2,89,93,203,66,,500,500
61AS06MARKIV_服_トリック・オア・トリートメント_表情_通常,61_拼接.webp,0,0,1,1,0,0,,500,500
61AS06MARKIV_服躯_服_トリック・オア・トリートメント,61_拼接.webp,2,1503,324,484,88,16,,500,500
61AS06MARKIV_服_バニーギャル_表情_イキ顔,61_拼接.webp,610,1986,84,103,210,56,,500,500
61AS06MARKIV_服_バニーギャル_表情_微笑,61_拼接.webp,249,2106,84,98,209,60,,500,500
61AS06MARKIV_服_バニーギャル_表情_性交,61_拼接.webp,951,1982,84,102,209,55,,500,500
61AS06MARKIV_服_バニーギャル_表情_自慰,61_拼接.webp,951,1982,84,102,209,55,,500,500
61AS06MARKIV_服_バニーギャル_表情_憤怒,61_拼接.webp,919,2086,83,96,210,61,,500,500
61AS06MARKIV_服_バニーギャル_表情_発情,61_拼接.webp,506,2093,84,97,209,60,,500,500
61AS06MARKIV_服_バニーギャル_表情_トロ顔,61_拼接.webp,506,2093,84,97,209,60,,500,500
61AS06MARKIV_服_バニーギャル_表情_笑顔,61_拼接.webp,592,2091,83,97,210,60,,500,500
61AS06MARKIV_服_バニーギャル_表情_通常,61_拼接.webp,0,0,1,1,0,0,,500,500
61AS06MARKIV_服躯_服_バニーギャル,61_拼接.webp,1050,501,338,500,81,0,,500,500
61AS06MARKIV_服_フェニックス_表情_イキ顔,61_拼接.webp,2244,1068,81,84,206,72,,500,500
61AS06MARKIV_服_フェニックス_表情_微笑,61_拼接.webp,2373,439,81,86,206,71,,500,500
61AS06MARKIV_服_フェニックス_表情_性交,61_拼接.webp,2244,1154,81,84,206,72,,500,500
61AS06MARKIV_服_フェニックス_表情_自慰,61_拼接.webp,2244,1154,81,84,206,72,,500,500
61AS06MARKIV_服_フェニックス_表情_憤怒,61_拼接.webp,2387,176,82,85,205,71,,500,500
61AS06MARKIV_服_フェニックス_表情_発情,61_拼接.webp,2343,701,81,85,206,72,,500,500
61AS06MARKIV_服_フェニックス_表情_トロ顔,61_拼接.webp,2343,701,81,85,206,72,,500,500
61AS06MARKIV_服_フェニックス_表情_笑顔,61_拼接.webp,2375,263,82,84,205,72,,500,500
61AS06MARKIV_服_フェニックス_表情_通常,61_拼接.webp,0,0,1,1,0,0,,500,500
61AS06MARKIV_服躯_服_フェニックス,61_拼接.webp,706,504,342,500,79,0,,500,500
61AS06MARKIV_服_フォーマルドレス_表情_イキ顔,61_拼接.webp,1762,2128,78,89,218,68,,500,500
61AS06MARKIV_服_フォーマルドレス_表情_微笑,61_拼接.webp,2242,1400,80,81,217,75,,500,500
61AS06MARKIV_服_フォーマルドレス_表情_性交,61_拼接.webp,1598,2150,80,89,217,68,,500,500
61AS06MARKIV_服_フォーマルドレス_表情_自慰,61_拼接.webp,1598,2150,80,89,217,68,,500,500
61AS06MARKIV_服_フォーマルドレス_表情_憤怒,61_拼接.webp,2157,1499,81,81,217,75,,500,500
61AS06MARKIV_服_フォーマルドレス_表情_発情,61_拼接.webp,2374,349,81,88,217,68,,500,500
61AS06MARKIV_服_フォーマルドレス_表情_トロ顔,61_拼接.webp,2374,349,81,88,217,68,,500,500
61AS06MARKIV_服_フォーマルドレス_表情_笑顔,61_拼接.webp,2181,1849,80,83,217,74,,500,500
61AS06MARKIV_服_フォーマルドレス_表情_通常,61_拼接.webp,0,0,1,1,0,0,,500,500
61AS06MARKIV_服躯_服_フォーマルドレス,61_拼接.webp,2,2,366,495,67,5,,500,500
61AS06MARKIV_服_メイド_表情_イキ顔,61_拼接.webp,1044,2184,78,91,209,62,,500,500
61AS06MARKIV_服_メイド_表情_微笑,61_拼接.webp,1124,2179,78,91,208,62,,500,500
61AS06MARKIV_服_メイド_表情_性交,61_拼接.webp,413,2198,76,92,210,61,,500,500
61AS06MARKIV_服_メイド_表情_自慰,61_拼接.webp,413,2198,76,92,210,61,,500,500
61AS06MARKIV_服_メイド_表情_憤怒,61_拼接.webp,332,2206,79,92,207,62,,500,500
61AS06MARKIV_服_メイド_表情_発情,61_拼接.webp,87,2209,76,93,210,60,,500,500
61AS06MARKIV_服_メイド_表情_トロ顔,61_拼接.webp,87,2209,76,93,210,60,,500,500
61AS06MARKIV_服_メイド_表情_笑顔,61_拼接.webp,168,2207,78,94,208,62,,500,500
61AS06MARKIV_服_メイド_表情_通常,61_拼接.webp,0,0,1,1,0,0,,500,500
61AS06MARKIV_服躯_服_メイド,61_拼接.webp,684,1006,335,488,64,12,,500,500
61AS06MARKIV_服_ヨルハ二号B型_表情_イキ顔,61_拼接.webp,1440,2151,75,91,213,65,,500,500
61AS06MARKIV_服_ヨルハ二号B型_表情_微笑,61_拼接.webp,569,2192,75,92,212,65,,500,500
61AS06MARKIV_服_ヨルハ二号B型_表情_性交,61_拼接.webp,1968,2121,75,89,213,67,,500,500
61AS06MARKIV_服_ヨルハ二号B型_表情_自慰,61_拼接.webp,1968,2121,75,89,213,67,,500,500
61AS06MARKIV_服_ヨルハ二号B型_表情_憤怒,61_拼接.webp,646,2190,75,92,213,65,,500,500
61AS06MARKIV_服_ヨルハ二号B型_表情_発情,61_拼接.webp,491,2195,76,92,212,65,,500,500
61AS06MARKIV_服_ヨルハ二号B型_表情_トロ顔,61_拼接.webp,491,2195,76,92,212,65,,500,500
61AS06MARKIV_服_ヨルハ二号B型_表情_笑顔,61_拼接.webp,723,2190,75,92,213,65,,500,500
61AS06MARKIV_服_ヨルハ二号B型_表情_通常,61_拼接.webp,0,0,1,1,0,0,,500,500
61AS06MARKIV_服躯_服_ヨルハ二号B型,61_拼接.webp,722,2,350,497,75,3,,500,500
61AS06MARKIV_服_ロイヤル・アイシング_表情_イキ顔,61_拼接.webp,2286,303,86,95,201,64,,500,500
61AS06MARKIV_服_ロイヤル・アイシング_表情_微笑,61_拼接.webp,2196,398,88,97,200,63,,500,500
61AS06MARKIV_服_ロイヤル・アイシング_表情_性交,61_拼接.webp,2154,1313,85,96,202,64,,500,500
61AS06MARKIV_服_ロイヤル・アイシング_表情_自慰,61_拼接.webp,2154,1313,85,96,202,64,,500,500
61AS06MARKIV_服_ロイヤル・アイシング_表情_憤怒,61_拼接.webp,2166,662,88,96,200,64,,500,500
61AS06MARKIV_服_ロイヤル・アイシング_表情_発情,61_拼接.webp,2170,953,87,95,200,64,,500,500
61AS06MARKIV_服_ロイヤル・アイシング_表情_トロ顔,61_拼接.webp,2170,953,87,95,200,64,,500,500
61AS06MARKIV_服_ロイヤル・アイシング_表情_笑顔,61_拼接.webp,2286,400,85,95,202,64,,500,500
61AS06MARKIV_服_ロイヤル・アイシング_表情_通常,61_拼接.webp,0,0,1,1,0,0,,500,500
61AS06MARKIV_服躯_服_ロイヤル・アイシング,61_拼接.webp,1402,1470,340,479,80,21,,500,500
61AS06MARKIV_服_下着_表情_イキ顔,61_拼接.webp,1122,1977,84,101,208,58,,500,500
61AS06MARKIV_服_下着_表情_微笑,61_拼接.webp,863,1982,86,102,208,57,,500,500
61AS06MARKIV_服_下着_表情_性交,61_拼接.webp,2,2107,82,100,209,58,,500,500
61AS06MARKIV_服_下着_表情_自慰,61_拼接.webp,2,2107,82,100,209,58,,500,500
61AS06MARKIV_服_下着_表情_憤怒,61_拼接.webp,696,1982,84,103,208,57,,500,500
61AS06MARKIV_服_下着_表情_睡眠,61_拼接.webp,1208,1977,84,101,209,59,,500,500
61AS06MARKIV_服_下着_表情_発情,61_拼接.webp,1461,1951,86,100,208,58,,500,500
61AS06MARKIV_服_下着_表情_トロ顔,61_拼接.webp,1461,1951,86,100,208,58,,500,500
61AS06MARKIV_服_下着_表情_笑顔,61_拼接.webp,522,1986,86,103,208,57,,500,500
61AS06MARKIV_服_下着_表情_通常,61_拼接.webp,0,0,1,1,0,0,,500,500
61AS06MARKIV_服躯_服_下着,61_拼接.webp,370,2,350,500,65,0,,500,500
61AS06MARKIV_服_不知火舞_表情_イキ顔,61_拼接.webp,2068,1518,85,96,197,60,,500,500
61AS06MARKIV_服_不知火舞_表情_微笑,61_拼接.webp,2256,694,85,98,197,59,,500,500
61AS06MARKIV_服_不知火舞_表情_性交,61_拼接.webp,2068,1714,85,94,197,60,,500,500
61AS06MARKIV_服_不知火舞_表情_自慰,61_拼接.webp,2068,1714,85,94,197,60,,500,500
61AS06MARKIV_服_不知火舞_表情_憤怒,61_拼接.webp,2068,1616,85,96,197,60,,500,500
61AS06MARKIV_服_不知火舞_表情_発情,61_拼接.webp,2254,794,85,98,197,59,,500,500
61AS06MARKIV_服_不知火舞_表情_トロ顔,61_拼接.webp,2254,794,85,98,197,59,,500,500
61AS06MARKIV_服_不知火舞_表情_笑顔,61_拼接.webp,2287,204,86,97,197,60,,500,500
61AS06MARKIV_服_不知火舞_表情_通常,61_拼接.webp,0,0,1,1,0,0,,500,500
61AS06MARKIV_服躯_服_不知火舞,61_拼接.webp,2,499,350,500,75,0,,500,500
61AS06MARKIV_服_制服_表情_イキ顔,61_拼接.webp,1680,2128,80,89,226,66,,500,500
61AS06MARKIV_服_制服_表情_微笑,61_拼接.webp,2127,2123,80,85,226,69,,500,500
61AS06MARKIV_服_制服_表情_性交,61_拼接.webp,1004,2086,80,96,226,58,,500,500
61AS06MARKIV_服_制服_表情_自慰,61_拼接.webp,1004,2086,80,96,226,58,,500,500
61AS06MARKIV_服_制服_表情_憤怒,61_拼接.webp,2155,1582,80,87,226,69,,500,500
61AS06MARKIV_服_制服_表情_発情,61_拼接.webp,2155,1671,80,87,226,68,,500,500
61AS06MARKIV_服_制服_表情_トロ顔,61_拼接.webp,2155,1671,80,87,226,68,,500,500
61AS06MARKIV_服_制服_表情_笑顔,61_拼接.webp,2155,1760,80,87,226,68,,500,500
61AS06MARKIV_服_制服_表情_通常,61_拼接.webp,0,0,1,1,0,0,,500,500
61AS06MARKIV_服躯_服_制服,61_拼接.webp,1050,1003,350,491,75,9,,500,500
61AS06MARKIV_服_夏ドレス_表情_イキ顔,61_拼接.webp,1807,2026,76,95,209,61,,500,500
61AS06MARKIV_服_夏ドレス_表情_微笑,61_拼接.webp,1492,2053,79,95,206,63,,500,500
61AS06MARKIV_服_夏ドレス_表情_性交,61_拼接.webp,840,2087,77,97,208,60,,500,500
61AS06MARKIV_服_夏ドレス_表情_自慰,61_拼接.webp,840,2087,77,97,208,60,,500,500
61AS06MARKIV_服_夏ドレス_表情_憤怒,61_拼接.webp,759,2087,79,97,206,61,,500,500
61AS06MARKIV_服_夏ドレス_表情_発情,61_拼接.webp,1248,2080,77,96,208,61,,500,500
61AS06MARKIV_服_夏ドレス_表情_トロ顔,61_拼接.webp,1248,2080,77,96,208,61,,500,500
61AS06MARKIV_服_夏ドレス_表情_笑顔,61_拼接.webp,1167,2080,79,96,206,61,,500,500
61AS06MARKIV_服_夏ドレス_表情_通常,61_拼接.webp,0,0,1,1,0,0,,500,500
61AS06MARKIV_服躯_服_夏ドレス,61_拼接.webp,354,504,350,500,75,0,,500,500
61AS06MARKIV_服_大正メイド_表情_イキ顔,61_拼接.webp,1636,1951,84,100,200,55,,500,500
61AS06MARKIV_服_大正メイド_表情_微笑,61_拼接.webp,335,2098,84,98,200,56,,500,500
61AS06MARKIV_服_大正メイド_表情_性交,61_拼接.webp,2257,593,85,99,200,56,,500,500
61AS06MARKIV_服_大正メイド_表情_自慰,61_拼接.webp,2257,593,85,99,200,56,,500,500
61AS06MARKIV_服_大正メイド_表情_憤怒,61_拼接.webp,421,2095,83,98,200,56,,500,500
61AS06MARKIV_服_大正メイド_表情_発情,61_拼接.webp,2068,1810,84,99,200,56,,500,500
61AS06MARKIV_服_大正メイド_表情_トロ顔,61_拼接.webp,2068,1810,84,99,200,56,,500,500
61AS06MARKIV_服_大正メイド_表情_笑顔,61_拼接.webp,2011,1925,83,100,201,55,,500,500
61AS06MARKIV_服_大正メイド_表情_通常,61_拼接.webp,0,0,1,1,0,0,,500,500
61AS06MARKIV_服躯_服_大正メイド,61_拼接.webp,2,1001,350,500,75,0,,500,500
61AS06MARKIV_服_島風_表情_イキ顔,61_拼接.webp,265,1989,84,107,193,51,,500,500
61AS06MARKIV_服_島風_表情_微笑,61_拼接.webp,1037,1977,83,102,194,56,,500,500
61AS06MARKIV_服_島風_表情_性交,61_拼接.webp,436,1986,84,105,194,52,,500,500
61AS06MARKIV_服_島風_表情_自慰,61_拼接.webp,436,1986,84,105,194,52,,500,500
61AS06MARKIV_服_島風_表情_憤怒,61_拼接.webp,1722,2026,83,100,194,57,,500,500
61AS06MARKIV_服_島風_表情_発情,61_拼接.webp,351,1986,83,107,194,51,,500,500
61AS06MARKIV_服_島風_表情_トロ顔,61_拼接.webp,351,1986,83,107,194,51,,500,500
61AS06MARKIV_服_島風_表情_笑顔,61_拼接.webp,1294,1977,84,101,194,56,,500,500
61AS06MARKIV_服_島風_表情_通常,61_拼接.webp,0,0,1,1,0,0,,500,500
61AS06MARKIV_服躯_服_島風,61_拼接.webp,328,1503,322,481,89,19,,500,500
61AS06MARKIV_服_水着_表情_イキ顔,61_拼接.webp,178,1989,85,115,206,47,,500,500
61AS06MARKIV_服_水着_表情_微笑,61_拼接.webp,2075,790,86,116,205,47,,500,500
61AS06MARKIV_服_水着_表情_性交,61_拼接.webp,2,1989,86,116,205,47,,500,500
61AS06MARKIV_服_水着_表情_自慰,61_拼接.webp,2,1989,86,116,205,47,,500,500
61AS06MARKIV_服_水着_表情_憤怒,61_拼接.webp,2075,672,87,116,204,46,,500,500
61AS06MARKIV_服_水着_表情_発情,61_拼接.webp,90,1989,86,115,205,47,,500,500
61AS06MARKIV_服_水着_表情_トロ顔,61_拼接.webp,90,1989,86,115,205,47,,500,500
61AS06MARKIV_服_水着_表情_笑顔,61_拼接.webp,2065,1304,87,115,204,47,,500,500
61AS06MARKIV_服_水着_表情_通常,61_拼接.webp,0,0,1,1,0,0,,500,500
61AS06MARKIV_服躯_服_水着,61_拼接.webp,1426,2,342,492,78,8,,500,500
61AS06MARKIV_服_着物_表情_イキ顔,61_拼接.webp,1744,1925,87,99,213,64,,500,500
61AS06MARKIV_服_着物_表情_微笑,61_拼接.webp,2155,1213,85,98,214,64,,500,500
61AS06MARKIV_服_着物_表情_性交,61_拼接.webp,2299,2,86,99,213,64,,500,500
61AS06MARKIV_服_着物_表情_自慰,61_拼接.webp,2299,2,86,99,213,64,,500,500
61AS06MARKIV_服_着物_表情_憤怒,61_拼接.webp,2299,103,86,99,214,64,,500,500
61AS06MARKIV_服_着物_表情_発情,61_拼接.webp,1549,1951,85,100,214,63,,500,500
61AS06MARKIV_服_着物_表情_トロ顔,61_拼接.webp,1549,1951,85,100,214,63,,500,500
61AS06MARKIV_服_着物_表情_笑顔,61_拼接.webp,1833,1925,87,98,213,64,,500,500
61AS06MARKIV_服_着物_表情_通常,61_拼接.webp,0,0,1,1,0,0,,500,500
61AS06MARKIV_服躯_服_着物,61_拼接.webp,974,1496,324,479,88,21,,500,500
61AS06MARKIV_服_私服_表情_イキ顔,61_拼接.webp,1885,2121,81,94,211,64,,500,500
61AS06MARKIV_服_私服_表情_微笑,61_拼接.webp,1885,2025,83,94,209,63,,500,500
61AS06MARKIV_服_私服_表情_性交,61_拼接.webp,2,2209,83,93,209,64,,500,500
61AS06MARKIV_服_私服_表情_自慰,61_拼接.webp,2,2209,83,93,209,64,,500,500
61AS06MARKIV_服_私服_表情_憤怒,61_拼接.webp,1327,2080,82,95,210,63,,500,500
61AS06MARKIV_服_私服_表情_発情,61_拼接.webp,2056,2027,83,94,209,64,,500,500
61AS06MARKIV_服_私服_表情_トロ顔,61_拼接.webp,2056,2027,83,94,209,64,,500,500
61AS06MARKIV_服_私服_表情_笑顔,61_拼接.webp,248,2207,82,93,209,64,,500,500
61AS06MARKIV_服_私服_表情_通常,61_拼接.webp,0,0,1,1,0,0,,500,500
61AS06MARKIV_服躯_服_私服,61_拼接.webp,1770,2,332,480,105,20,,500,500
61AS06MARKIV_裸_裸エプロン_表情_イキ顔,61_拼接.webp,1300,1702,79,101,197,60,,500,500
61AS06MARKIV_裸_裸エプロン_表情_微笑,61_拼接.webp,1300,1496,80,101,197,60,,500,500
61AS06MARKIV_裸_裸エプロン_表情_性交,61_拼接.webp,1300,1599,80,101,197,60,,500,500
61AS06MARKIV_裸_裸エプロン_表情_自慰,61_拼接.webp,1300,1599,80,101,197,60,,500,500
61AS06MARKIV_裸_裸エプロン_表情_憤怒,61_拼接.webp,1300,1805,79,101,197,60,,500,500
61AS06MARKIV_裸_裸エプロン_表情_発情,61_拼接.webp,1380,1951,79,101,197,60,,500,500
61AS06MARKIV_裸_裸エプロン_表情_トロ顔,61_拼接.webp,1380,1951,79,101,197,60,,500,500
61AS06MARKIV_裸_裸エプロン_表情_笑顔,61_拼接.webp,782,1982,79,103,197,59,,500,500
61AS06MARKIV_裸_裸エプロン_表情_通常,61_拼接.webp,0,0,1,1,0,0,,500,500
61AS06MARKIV_服躯_裸_裸エプロン,61_拼接.webp,1744,1457,322,466,92,34,,500,500
61AS06MARKIV_服_表情_イキ顔,61_拼接.webp,2104,262,90,102,211,60,,500,500
61AS06MARKIV_服_表情_微笑,61_拼接.webp,2196,295,88,101,211,60,,500,500
61AS06MARKIV_服_表情_性交,61_拼接.webp,2104,160,91,100,212,60,,500,500
61AS06MARKIV_服_表情_自慰,61_拼接.webp,2104,160,91,100,212,60,,500,500
61AS06MARKIV_服_表情_憤怒,61_拼接.webp,2104,461,89,104,211,59,,500,500
61AS06MARKIV_服_表情_発情,61_拼接.webp,2075,567,89,103,211,60,,500,500
61AS06MARKIV_服_表情_トロ顔,61_拼接.webp,2075,567,89,103,211,60,,500,500
61AS06MARKIV_服_表情_笑顔,61_拼接.webp,2197,191,88,102,211,60,,500,500
61AS06MARKIV_服_表情_通常,61_拼接.webp,0,0,1,1,0,0,,500,500
61AS06MARKIV_服躯_服,61_拼接.webp,1402,982,325,486,101,14,,500,500
61AS06MARKIV_裸_表情_イキ顔,61_拼接.webp,882,2186,79,91,211,70,,500,500
61AS06MARKIV_裸_表情_微笑,61_拼接.webp,1204,2178,77,91,212,70,,500,500
61AS06MARKIV_裸_表情_性交,61_拼接.webp,1517,2150,79,90,211,70,,500,500
61AS06MARKIV_裸_表情_自慰,61_拼接.webp,1517,2150,79,90,211,70,,500,500
61AS06MARKIV_裸_表情_憤怒,61_拼接.webp,1362,2177,76,91,213,69,,500,500
61AS06MARKIV_裸_表情_睡眠,61_拼接.webp,963,2184,79,91,211,70,,500,500
61AS06MARKIV_裸_表情_発情,61_拼接.webp,800,2186,80,91,211,70,,500,500
61AS06MARKIV_裸_表情_トロ顔,61_拼接.webp,800,2186,80,91,211,70,,500,500
61AS06MARKIV_裸_表情_笑顔,61_拼接.webp,1283,2178,77,91,212,70,,500,500
61AS06MARKIV_裸_表情_通常,61_拼接.webp,0,0,1,1,0,0,,500,500
61AS06MARKIV_服躯_裸,61_拼接.webp,652,1499,320,481,90,19,,500,500

別立ち_服_通常_61,61_拼接.webp,1402,982,325,486,101,14,,500,500
別顔_服_通常_61,61_拼接.webp,1402,982,299,286,1,14,,300,300
61AS06MARKIV_覆盖范围,61_拼接.webp,0,0,333,333,-83,0

別立ち_勃起_61,61_拼接.webp,2065,974,103,140,200,360,,500,500
別立ち_射精_61,61_拼接.webp,2104,2,102,156,200,344,,500,500
