;------------------------------------------------------------
;1_霊夢
;------------------------------------------------------------
;服
別立ち_服_通常_1,1_別立.webp,0,0,180,180
別立ち_服_笑顔_1,1_別立.webp,180,0,180,180
別立ち_服_憤怒_1,1_別立.webp,360,0,180,180
別立ち_服_睡眠_1,1_別立.webp,0,540,180,180
;裸
別立ち_裸_通常_1,1_別立.webp,0,180,180,180
別立ち_裸_笑顔_1,1_別立.webp,180,180,180,180
別立ち_裸_憤怒_1,1_別立.webp,360,180,180,180
別立ち_裸_睡眠_1,1_別立.webp,180,540,180,180
;服
別顔_服_通常_1,1_別顔.webp,0,0,180,180
別顔_服_笑顔_1,1_別顔.webp,180,0,180,180
別顔_服_憤怒_1,1_別顔.webp,360,0,180,180
別顔_服_睡眠_1,1_別顔_睡眠.webp,180,0,180,180
別顔_服_発情_1,1_別顔.webp,900,0,180,180
;裸
別顔_裸_通常_1,1_別顔.webp,0,180,180,180
別顔_裸_笑顔_1,1_別顔.webp,180,180,180,180
別顔_裸_憤怒_1,1_別顔.webp,360,180,180,180
別顔_裸_睡眠_1,1_別顔_睡眠.webp,180,180,180,180
別顔_裸_発情_1,1_別顔.webp,900,180,180,180
別顔_裸_自慰_1,1_別顔.webp,720,180,180,180
別顔_裸_愛撫_1,1_別顔.webp,0,360,180,180
別顔_裸_性交_1,1_別顔.webp,180,360,180,180

;特殊服装
別立ち_服_下着_通常_1,1_別立.webp,0,360,180,180
別立ち_服_下着_笑顔_1,1_別立.webp,180,360,180,180
別立ち_服_下着_憤怒_1,1_別立.webp,360,360,180,180
別立ち_服_ノーブラ下着_通常_1,1_別立.webp,0,1260,180,180
別立ち_服_ノーブラ下着_笑顔_1,1_別立.webp,180,1260,180,180
別立ち_服_ノーブラ下着_憤怒_1,1_別立.webp,360,1260,180,180
別立ち_服_ノーパン下着_通常_1,1_別立.webp,0,1440,180,180
別立ち_服_ノーパン下着_笑顔_1,1_別立.webp,180,1440,180,180
別立ち_服_ノーパン下着_憤怒_1,1_別立.webp,360,1440,180,180
別顔_服_下着_通常_1,1_別顔_下着.webp,0,0,180,180
別顔_服_下着_笑顔_1,1_別顔_下着.webp,180,0,180,180
別顔_服_下着_憤怒_1,1_別顔_下着.webp,360,0,180,180
別顔_服_下着_自慰_1,1_別顔_下着.webp,720,0,180,180
別顔_服_下着_発情_1,1_別顔_下着.webp,900,0,180,180
別顔_服_下着_愛撫_1,1_別顔_下着.webp,0,180,180,180
別顔_服_下着_性交_1,1_別顔_下着.webp,180,180,180,180

;エフェクト
別顔_照れ_1,1_別顔.webp,540,0,180,180
別顔_吐息_1,1_別顔.webp,360,360,180,180
別顔_汗_1,1_別顔.webp,540,180,180,180
別顔_裸汗_1,1_別顔.webp,540,360,180,180
別顔_下着照れ_1,1_別顔.webp,540,0,180,180
別顔_下着吐息_1,1_別顔.webp,360,360,180,180
別顔_下着汗_1,1_別顔.webp,540,180,180,180
別顔_下着裸汗_1,1_別顔.webp,540,360,180,180
別顔_睡眠照れ_1,1_別顔_睡眠.webp,540,0,180,180
別顔_睡眠吐息_1,1_別顔_睡眠.webp,900,180,180,180
別顔_睡眠汗_1,1_別顔_睡眠.webp,540,180,180,180
別顔_睡眠裸汗_1,1_別顔_睡眠.webp,720,180,180,180

;おまけ
別顔_AFTERTRAニー_1,1_別顔_睡眠.webp,720,0,180,180
;******************************
;コスプレ
;******************************
;バニー
別立ち_服_バニー_通常_1,1_別立.webp,0,720,180,180
別立ち_服_バニー_笑顔_1,1_別立.webp,180,720,180,180
別立ち_服_バニー_憤怒_1,1_別立.webp,360,720,180,180
別顔_服_バニー_通常_1,1_別顔_コスプレ.webp,0,0,180,180
別顔_服_バニー_笑顔_1,1_別顔_コスプレ.webp,180,0,180,180
別顔_服_バニー_憤怒_1,1_別顔_コスプレ.webp,360,0,180,180
別顔_服_バニー_発情_1,1_別顔_コスプレ.webp,900,0,180,180
;セーラー
別立ち_服_セーラー_通常_1,1_別立.webp,0,900,180,180
別立ち_服_セーラー_笑顔_1,1_別立.webp,180,900,180,180
別立ち_服_セーラー_憤怒_1,1_別立.webp,360,900,180,180
別顔_服_セーラー_通常_1,1_別顔_コスプレ.webp,0,180,180,180
別顔_服_セーラー_笑顔_1,1_別顔_コスプレ.webp,180,180,180,180
別顔_服_セーラー_憤怒_1,1_別顔_コスプレ.webp,360,180,180,180
別顔_服_セーラー_発情_1,1_別顔_コスプレ.webp,900,180,180,180
;変T
別立ち_服_変T_通常_1,1_別立.webp,0,1080,180,180
別立ち_服_変T_笑顔_1,1_別立.webp,180,1080,180,180
別立ち_服_変T_憤怒_1,1_別立.webp,360,1080,180,180
別顔_服_変T_通常_1,1_別顔_コスプレ.webp,0,360,180,180
別顔_服_変T_笑顔_1,1_別顔_コスプレ.webp,180,360,180,180
別顔_服_変T_憤怒_1,1_別顔_コスプレ.webp,360,360,180,180
別顔_服_変T_発情_1,1_別顔_コスプレ.webp,900,360,180,180

;エフェクト
別顔_バニー照れ_1,1_別顔.webp,540,0,180,180
別顔_バニー吐息_1,1_別顔.webp,360,360,180,180
別顔_バニー汗_1,1_別顔.webp,540,180,180,180
別顔_セーラー照れ_1,1_別顔_冬服.webp,540,0,180,180
別顔_セーラー吐息_1,1_別顔_冬服.webp,360,360,180,180
別顔_セーラー汗_1,1_別顔_冬服.webp,540,180,180,180
別顔_変T照れ_1,1_別顔.webp,540,0,180,180
別顔_変T吐息_1,1_別顔.webp,360,360,180,180
別顔_変T汗_1,1_別顔.webp,540,180,180,180
;******************************
;巨乳差分
;******************************
別立ち_巨乳服_通常_1,1_別立_巨乳.webp,0,0,180,180
別立ち_巨乳服_笑顔_1,1_別立_巨乳.webp,180,0,180,180
別立ち_巨乳服_憤怒_1,1_別立_巨乳.webp,360,0,180,180
別立ち_巨乳服_睡眠_1,1_別立_巨乳.webp,0,540,180,180
別立ち_巨乳裸_通常_1,1_別立_巨乳.webp,0,180,180,180
別立ち_巨乳裸_笑顔_1,1_別立_巨乳.webp,180,180,180,180
別立ち_巨乳裸_憤怒_1,1_別立_巨乳.webp,360,180,180,180
別立ち_巨乳裸_睡眠_1,1_別立_巨乳.webp,180,540,180,180

別立ち_巨乳服_バニー_通常_1,1_別立_巨乳.webp,0,720,180,180
別立ち_巨乳服_バニー_笑顔_1,1_別立_巨乳.webp,180,720,180,180
別立ち_巨乳服_バニー_憤怒_1,1_別立_巨乳.webp,360,720,180,180
別立ち_巨乳服_セーラー_通常_1,1_別立_巨乳.webp,0,900,180,180
別立ち_巨乳服_セーラー_笑顔_1,1_別立_巨乳.webp,180,900,180,180
別立ち_巨乳服_セーラー_憤怒_1,1_別立_巨乳.webp,360,900,180,180
別立ち_巨乳服_変T_通常_1,1_別立_巨乳.webp,0,1080,180,180
別立ち_巨乳服_変T_笑顔_1,1_別立_巨乳.webp,180,1080,180,180
別立ち_巨乳服_変T_憤怒_1,1_別立_巨乳.webp,360,1080,180,180
別立ち_巨乳服_下着_通常_1,1_別立_巨乳.webp,0,360,180,180
別立ち_巨乳服_下着_笑顔_1,1_別立_巨乳.webp,180,360,180,180
別立ち_巨乳服_下着_憤怒_1,1_別立_巨乳.webp,360,360,180,180
別立ち_巨乳服_ノーブラ下着_通常_1,1_別立_巨乳.webp,0,1260,180,180
別立ち_巨乳服_ノーブラ下着_笑顔_1,1_別立_巨乳.webp,180,1260,180,180
別立ち_巨乳服_ノーブラ下着_憤怒_1,1_別立_巨乳.webp,360,1260,180,180
別立ち_巨乳服_ノーパン下着_通常_1,1_別立_巨乳.webp,0,1440,180,180
別立ち_巨乳服_ノーパン下着_笑顔_1,1_別立_巨乳.webp,180,1440,180,180
別立ち_巨乳服_ノーパン下着_憤怒_1,1_別立_巨乳.webp,360,1440,180,180

別顔_巨乳服_睡眠_1,1_別顔_睡眠.webp,360,0,180,180
別顔_巨乳裸_睡眠_1,1_別顔_睡眠.webp,360,180,180,180

別顔_服_巨乳拆分_1,1_別顔_胸.webp,0,0,180,180
別顔_服_下着_巨乳拆分_1,1_別顔_胸.webp,360,0,180,180
別顔_服_バニー_巨乳拆分_1,1_別顔_胸.webp,540,0,180,180
別顔_服_セーラー_巨乳拆分_1,1_別顔_胸.webp,720,0,180,180
別顔_服_変T_巨乳拆分_1,1_別顔_胸.webp,900,0,180,180
別顔_裸_巨乳拆分_1,1_別顔_胸.webp,0,180,180,180

;おまけ
別顔_AFTERTRAニー巨乳_1,1_別顔_睡眠.webp,900,0,180,180
;******************************
;貧乳差分
;******************************
別立ち_貧乳服_通常_1,1_別立.webp,0,0,180,180
別立ち_貧乳服_笑顔_1,1_別立.webp,180,0,180,180
別立ち_貧乳服_憤怒_1,1_別立.webp,360,0,180,180
別立ち_貧乳服_睡眠_1,1_別立_貧乳.webp,0,180,180,180
別立ち_貧乳裸_通常_1,1_別立_貧乳.webp,0,0,180,180
別立ち_貧乳裸_笑顔_1,1_別立_貧乳.webp,180,0,180,180
別立ち_貧乳裸_憤怒_1,1_別立_貧乳.webp,360,0,180,180
別立ち_貧乳裸_睡眠_1,1_別立_貧乳.webp,180,180,180,180
別立ち_貧乳服_バニー_通常_1,1_別立_貧乳.webp,0,360,180,180
別立ち_貧乳服_バニー_笑顔_1,1_別立_貧乳.webp,180,360,180,180
別立ち_貧乳服_バニー_憤怒_1,1_別立_貧乳.webp,360,360,180,180
別立ち_貧乳服_セーラー_通常_1,1_別立.webp,0,900,180,180
別立ち_貧乳服_セーラー_笑顔_1,1_別立.webp,180,900,180,180
別立ち_貧乳服_セーラー_憤怒_1,1_別立.webp,360,900,180,180
別立ち_貧乳服_変T_通常_1,1_別立.webp,0,1080,180,180
別立ち_貧乳服_変T_笑顔_1,1_別立.webp,180,1080,180,180
別立ち_貧乳服_変T_憤怒_1,1_別立.webp,360,1080,180,180
別立ち_貧乳服_下着_通常_1,1_別立.webp,0,360,180,180
別立ち_貧乳服_下着_笑顔_1,1_別立.webp,180,360,180,180
別立ち_貧乳服_下着_憤怒_1,1_別立.webp,360,360,180,180
別立ち_貧乳服_ノーブラ下着_通常_1,1_別立_貧乳.webp,0,540,180,180
別立ち_貧乳服_ノーブラ下着_笑顔_1,1_別立_貧乳.webp,180,540,180,180
別立ち_貧乳服_ノーブラ下着_憤怒_1,1_別立_貧乳.webp,360,540,180,180
別立ち_貧乳服_ノーパン下着_通常_1,1_別立.webp,0,1440,180,180
別立ち_貧乳服_ノーパン下着_笑顔_1,1_別立.webp,180,1440,180,180
別立ち_貧乳服_ノーパン下着_憤怒_1,1_別立.webp,360,1440,180,180

別顔_貧乳服_睡眠_1,1_別顔_睡眠.webp,0,0,180,180

別顔_貧乳裸_通常_1,1_別顔.webp,0,180,180,180
別顔_貧乳裸_笑顔_1,1_別顔.webp,180,180,180,180
別顔_貧乳裸_憤怒_1,1_別顔.webp,360,180,180,180
別顔_貧乳裸_睡眠_1,1_別顔_睡眠.webp,0,180,180,180
別顔_貧乳裸_発情_1,1_別顔.webp,900,180,180,180
別顔_貧乳裸_自慰_1,1_別顔.webp,720,180,180,180
別顔_貧乳裸_愛撫_1,1_別顔.webp,0,360,180,180
別顔_貧乳裸_性交_1,1_別顔.webp,180,360,180,180
別顔_貧乳服_バニー_通常_1,1_別顔_コスプレ.webp,0,0,180,180
別顔_貧乳服_バニー_笑顔_1,1_別顔_コスプレ.webp,180,0,180,180
別顔_貧乳服_バニー_憤怒_1,1_別顔_コスプレ.webp,360,0,180,180
別顔_貧乳服_バニー_発情_1,1_別顔_コスプレ.webp,900,0,180,180

別顔_裸_並乳拆分_1,1_別顔_胸.webp,180,180,180,180
別顔_服_バニー_並乳拆分_1,1_別顔_胸.webp,540,180,180,180
;******************************
;冬服
;******************************
;服
別立ち_服_冬服_通常_1,1_別立.webp,0,1620,180,180
別立ち_服_冬服_笑顔_1,1_別立.webp,180,1620,180,180
別立ち_服_冬服_憤怒_1,1_別立.webp,360,1620,180,180
別立ち_服_冬服_睡眠_1,1_別立.webp,0,540,180,180
;裸
別立ち_裸_冬服_通常_1,1_別立.webp,0,1800,180,180
別立ち_裸_冬服_笑顔_1,1_別立.webp,180,1800,180,180
別立ち_裸_冬服_憤怒_1,1_別立.webp,360,1800,180,180
別立ち_裸_冬服_睡眠_1,1_別立.webp,180,540,180,180
;服
別顔_服_冬服_通常_1,1_別顔_冬服.webp,0,0,180,180
別顔_服_冬服_笑顔_1,1_別顔_冬服.webp,180,0,180,180
別顔_服_冬服_憤怒_1,1_別顔_冬服.webp,360,0,180,180
別顔_服_冬服_睡眠_1,1_別顔_睡眠.webp,180,0,180,180
別顔_服_冬服_発情_1,1_別顔_冬服.webp,900,0,180,180
;裸
別顔_裸_冬服_通常_1,1_別顔_冬服.webp,0,180,180,180
別顔_裸_冬服_笑顔_1,1_別顔_冬服.webp,180,180,180,180
別顔_裸_冬服_憤怒_1,1_別顔_冬服.webp,360,180,180,180
別顔_裸_冬服_睡眠_1,1_別顔_睡眠.webp,180,180,180,180
別顔_裸_冬服_発情_1,1_別顔_冬服.webp,900,180,180,180
別顔_裸_冬服_自慰_1,1_別顔_冬服.webp,720,180,180,180
別顔_裸_冬服_愛撫_1,1_別顔_冬服.webp,0,360,180,180
別顔_裸_冬服_性交_1,1_別顔_冬服.webp,180,360,180,180
;巨乳
別立ち_巨乳服_冬服_通常_1,1_別立_巨乳.webp,0,1620,180,180
別立ち_巨乳服_冬服_笑顔_1,1_別立_巨乳.webp,180,1620,180,180
別立ち_巨乳服_冬服_憤怒_1,1_別立_巨乳.webp,360,1620,180,180
別立ち_巨乳服_冬服_睡眠_1,1_別立_巨乳.webp,0,540,180,180
別立ち_巨乳裸_冬服_通常_1,1_別立_巨乳.webp,0,1800,180,180
別立ち_巨乳裸_冬服_笑顔_1,1_別立_巨乳.webp,180,1800,180,180
別立ち_巨乳裸_冬服_憤怒_1,1_別立_巨乳.webp,360,1800,180,180
別立ち_巨乳裸_冬服_睡眠_1,1_別立_巨乳.webp,180,540,180,180

別顔_服_冬服_巨乳拆分_1,1_別顔_胸.webp,720,180,180,180
別顔_裸_冬服_巨乳拆分_1,1_別顔_胸.webp,900,180,180,180
;貧乳
別立ち_貧乳服_冬服_通常_1,1_別立.webp,0,1620,180,180
別立ち_貧乳服_冬服_笑顔_1,1_別立.webp,180,1620,180,180
別立ち_貧乳服_冬服_憤怒_1,1_別立.webp,360,1620,180,180
別立ち_貧乳服_冬服_睡眠_1,1_別立_貧乳.webp,0,180,180,180
別立ち_貧乳裸_冬服_通常_1,1_別立_貧乳.webp,0,720,180,180
別立ち_貧乳裸_冬服_笑顔_1,1_別立_貧乳.webp,180,720,180,180
別立ち_貧乳裸_冬服_憤怒_1,1_別立_貧乳.webp,360,720,180,180
別立ち_貧乳裸_冬服_睡眠_1,1_別立_貧乳.webp,180,180,180,180

別顔_貧乳服_冬服_睡眠_1,1_別顔_睡眠.webp,0,0,180,180
別顔_貧乳裸_冬服_通常_1,1_別顔_冬服.webp,0,180,180,180
別顔_貧乳裸_冬服_笑顔_1,1_別顔_冬服.webp,180,180,180,180
別顔_貧乳裸_冬服_憤怒_1,1_別顔_冬服.webp,360,180,180,180
別顔_貧乳裸_冬服_睡眠_1,1_別顔_睡眠.webp,180,180,180,180
別顔_貧乳裸_冬服_発情_1,1_別顔.webp,900,180,180,180
別顔_貧乳裸_冬服_自慰_1,1_別顔_冬服.webp,720,180,180,180
別顔_貧乳裸_冬服_愛撫_1,1_別顔_冬服.webp,0,360,180,180
別顔_貧乳裸_冬服_性交_1,1_別顔_冬服.webp,180,360,180,180

別顔_裸_冬服_並乳拆分_1,1_別顔_胸.webp,360,180,180,180

;エフェクト
別顔_冬服照れ_1,1_別顔_冬服.webp,540,0,180,180
別顔_冬服吐息_1,1_別顔_冬服.webp,360,360,180,180
別顔_冬服汗_1,1_別顔_冬服.webp,540,180,180,180
別顔_冬服裸汗_1,1_別顔_冬服.webp,540,360,180,180

;服
別立ち_服_水着_愛撫_1,1_別顔_水着.webp,0,0,300,300
別立ち_服_水着_性交_1,1_別顔_水着.webp,0,0,300,300
別立ち_服_水着_発情_1,1_別顔_水着.webp,300,0,300,300
別立ち_服_水着_憤怒_1,1_別顔_水着.webp,600,0,300,300
別立ち_服_水着_笑顔_1,1_別顔_水着.webp,0,300,300,300
別立ち_服_水着_通常_1,1_別顔_水着.webp,300,300,300,300

別顔_服_水着_愛撫_1,1_別顔_水着.webp,60,0,180,180
別顔_服_水着_性交_1,1_別顔_水着.webp,60,0,180,180
別顔_服_水着_発情_1,1_別顔_水着.webp,360,0,180,180
別顔_服_水着_憤怒_1,1_別顔_水着.webp,660,0,180,180
別顔_服_水着_笑顔_1,1_別顔_水着.webp,60,300,180,180
別顔_服_水着_通常_1,1_別顔_水着.webp,360,300,180,180
別顔_水着吐息_1,1_別顔.webp,360,360,180,180
別顔_水着汗_1,1_別顔.webp,540,180,180,180
;------------------------------------------------------------
;2_る～こと
;------------------------------------------------------------
;服
別立ち_服_通常_2,2_別立.webp,0,0,180,180
別立ち_服_笑顔_2,2_別立.webp,180,0,180,180
別立ち_服_憤怒_2,2_別立.webp,360,0,180,180
別立ち_服_睡眠_2,2_別立.webp,0,540,180,180
;裸
別立ち_裸_通常_2,2_別立.webp,0,180,180,180
別立ち_裸_笑顔_2,2_別立.webp,180,180,180,180
別立ち_裸_憤怒_2,2_別立.webp,360,180,180,180
別立ち_裸_睡眠_2,2_別立.webp,180,540,180,180

;服
別顔_服_通常_2,2_別顔.webp,0,0,180,180
別顔_服_笑顔_2,2_別顔.webp,180,0,180,180
別顔_服_憤怒_2,2_別顔.webp,360,0,180,180
別顔_服_睡眠_2,2_別顔.webp,720,0,180,180
別顔_服_発情_2,2_別顔.webp,900,0,180,180
;裸
別顔_裸_通常_2,2_別顔.webp,0,180,180,180
別顔_裸_笑顔_2,2_別顔.webp,180,180,180,180
別顔_裸_憤怒_2,2_別顔.webp,360,180,180,180
別顔_裸_睡眠_2,2_別顔.webp,720,360,180,180
別顔_裸_自慰_2,2_別顔.webp,720,180,180,180
別顔_裸_発情_2,2_別顔.webp,900,180,180,180
別顔_裸_愛撫_2,2_別顔.webp,0,360,180,180
別顔_裸_性交_2,2_別顔.webp,180,360,180,180

;特殊服装
別立ち_服_下着_通常_2,2_別立.webp,0,360,180,180
別立ち_服_下着_笑顔_2,2_別立.webp,180,360,180,180
別立ち_服_下着_憤怒_2,2_別立.webp,360,360,180,180
別立ち_服_ノーブラ下着_通常_2,2_別立.webp,0,1260,180,180
別立ち_服_ノーブラ下着_笑顔_2,2_別立.webp,180,1260,180,180
別立ち_服_ノーブラ下着_憤怒_2,2_別立.webp,360,1260,180,180
別立ち_服_ノーパン下着_通常_2,2_別立.webp,0,1440,180,180
別立ち_服_ノーパン下着_笑顔_2,2_別立.webp,180,1440,180,180
別立ち_服_ノーパン下着_憤怒_2,2_別立.webp,360,1440,180,180
別顔_服_下着_通常_2,2_別顔_下着.webp,0,0,180,180
別顔_服_下着_笑顔_2,2_別顔_下着.webp,180,0,180,180
別顔_服_下着_憤怒_2,2_別顔_下着.webp,360,0,180,180
別顔_服_下着_自慰_2,2_別顔_下着.webp,720,0,180,180
別顔_服_下着_発情_2,2_別顔_下着.webp,900,0,180,180
別顔_服_下着_愛撫_2,2_別顔_下着.webp,0,180,180,180
別顔_服_下着_性交_2,2_別顔_下着.webp,180,180,180,180

;エフェクト
別顔_照れ_2,2_別顔.webp,540,0,180,180
別顔_吐息_2,2_別顔.webp,360,360,180,180
別顔_汗_2,2_別顔.webp,540,180,180,180
別顔_裸汗_2,2_別顔.webp,540,360,180,180
;******************************
;コスプレ
;******************************
;バニー
別立ち_服_バニー_通常_2,2_別立.webp,0,720,180,180
別立ち_服_バニー_笑顔_2,2_別立.webp,180,720,180,180
別立ち_服_バニー_憤怒_2,2_別立.webp,360,720,180,180
別顔_服_バニー_通常_2,2_別顔_コスプレ.webp,0,0,180,180
別顔_服_バニー_笑顔_2,2_別顔_コスプレ.webp,180,0,180,180
別顔_服_バニー_憤怒_2,2_別顔_コスプレ.webp,360,0,180,180
別顔_服_バニー_発情_2,2_別顔_コスプレ.webp,900,0,180,180

;セーラー
別立ち_服_セーラー_通常_2,2_別立.webp,0,900,180,180
別立ち_服_セーラー_笑顔_2,2_別立.webp,180,900,180,180
別立ち_服_セーラー_憤怒_2,2_別立.webp,360,900,180,180
別顔_服_セーラー_通常_2,2_別顔_コスプレ.webp,0,180,180,180
別顔_服_セーラー_笑顔_2,2_別顔_コスプレ.webp,180,180,180,180
別顔_服_セーラー_憤怒_2,2_別顔_コスプレ.webp,360,180,180,180
別顔_服_セーラー_発情_2,2_別顔_コスプレ.webp,900,180,180,180

;変T
別立ち_服_変T_通常_2,2_別立.webp,0,1080,180,180
別立ち_服_変T_笑顔_2,2_別立.webp,180,1080,180,180
別立ち_服_変T_憤怒_2,2_別立.webp,360,1080,180,180
別顔_服_変T_通常_2,2_別顔_コスプレ.webp,0,360,180,180
別顔_服_変T_笑顔_2,2_別顔_コスプレ.webp,180,360,180,180
別顔_服_変T_憤怒_2,2_別顔_コスプレ.webp,360,360,180,180
別顔_服_変T_発情_2,2_別顔_コスプレ.webp,900,360,180,180
;******************************
;巨乳差分
;******************************
別立ち_巨乳服_通常_2,2_別立_巨乳.webp,0,0,180,180
別立ち_巨乳服_笑顔_2,2_別立_巨乳.webp,180,0,180,180
別立ち_巨乳服_憤怒_2,2_別立_巨乳.webp,360,0,180,180
別立ち_巨乳服_睡眠_2,2_別立_巨乳.webp,0,540,180,180
別立ち_巨乳裸_通常_2,2_別立_巨乳.webp,0,180,180,180
別立ち_巨乳裸_笑顔_2,2_別立_巨乳.webp,180,180,180,180
別立ち_巨乳裸_憤怒_2,2_別立_巨乳.webp,360,180,180,180
別立ち_巨乳裸_睡眠_2,2_別立_巨乳.webp,180,540,180,180
別立ち_巨乳服_バニー_通常_2,2_別立_巨乳.webp,0,720,180,180
別立ち_巨乳服_バニー_笑顔_2,2_別立_巨乳.webp,180,720,180,180
別立ち_巨乳服_バニー_憤怒_2,2_別立_巨乳.webp,360,720,180,180
別立ち_巨乳服_セーラー_通常_2,2_別立_巨乳.webp,0,900,180,180
別立ち_巨乳服_セーラー_笑顔_2,2_別立_巨乳.webp,180,900,180,180
別立ち_巨乳服_セーラー_憤怒_2,2_別立_巨乳.webp,360,900,180,180
別立ち_巨乳服_変T_通常_2,2_別立_巨乳.webp,0,1080,180,180
別立ち_巨乳服_変T_笑顔_2,2_別立_巨乳.webp,180,1080,180,180
別立ち_巨乳服_変T_憤怒_2,2_別立_巨乳.webp,360,1080,180,180
別立ち_巨乳服_下着_通常_2,2_別立_巨乳.webp,0,360,180,180
別立ち_巨乳服_下着_笑顔_2,2_別立_巨乳.webp,180,360,180,180
別立ち_巨乳服_下着_憤怒_2,2_別立_巨乳.webp,360,360,180,180
別立ち_巨乳服_ノーブラ下着_通常_2,2_別立_巨乳.webp,0,1260,180,180
別立ち_巨乳服_ノーブラ下着_笑顔_2,2_別立_巨乳.webp,180,1260,180,180
別立ち_巨乳服_ノーブラ下着_憤怒_2,2_別立_巨乳.webp,360,1260,180,180
別立ち_巨乳服_ノーパン下着_通常_2,2_別立_巨乳.webp,0,1440,180,180
別立ち_巨乳服_ノーパン下着_笑顔_2,2_別立_巨乳.webp,180,1440,180,180
別立ち_巨乳服_ノーパン下着_憤怒_2,2_別立_巨乳.webp,360,1440,180,180

別顔_服_巨乳拆分_2,2_別顔_胸.webp,0,0,180,180
別顔_服_睡眠_巨乳拆分_2,2_別顔_胸.webp,180,0,180,180
別顔_服_下着_巨乳拆分_2,2_別顔_胸.webp,360,0,180,180
別顔_服_バニー_巨乳拆分_2,2_別顔_胸.webp,540,0,180,180
別顔_服_セーラー_巨乳拆分_2,2_別顔_胸.webp,720,0,180,180
別顔_服_変T_巨乳拆分_2,2_別顔_胸.webp,900,0,180,180
別顔_裸_巨乳拆分_2,2_別顔_胸.webp,0,180,180,180
;******************************
;貧乳差分
;******************************
別立ち_貧乳服_通常_2,2_別立.webp,0,0,180,180
別立ち_貧乳服_笑顔_2,2_別立.webp,180,0,180,180
別立ち_貧乳服_憤怒_2,2_別立.webp,360,0,180,180
別立ち_貧乳服_睡眠_2,2_別立.webp,0,540,180,180
別立ち_貧乳裸_通常_2,2_別立_貧乳.webp,0,0,180,180
別立ち_貧乳裸_笑顔_2,2_別立_貧乳.webp,180,0,180,180
別立ち_貧乳裸_憤怒_2,2_別立_貧乳.webp,360,0,180,180
別立ち_貧乳裸_睡眠_2,2_別立_貧乳.webp,180,180,180,180
別立ち_貧乳服_バニー_通常_2,2_別立_貧乳.webp,0,360,180,180
別立ち_貧乳服_バニー_笑顔_2,2_別立_貧乳.webp,180,360,180,180
別立ち_貧乳服_バニー_憤怒_2,2_別立_貧乳.webp,360,360,180,180
別立ち_貧乳服_セーラー_通常_2,2_別立.webp,0,900,180,180
別立ち_貧乳服_セーラー_笑顔_2,2_別立.webp,180,900,180,180
別立ち_貧乳服_セーラー_憤怒_2,2_別立.webp,360,900,180,180
別立ち_貧乳服_変T_通常_2,2_別立.webp,0,1080,180,180
別立ち_貧乳服_変T_笑顔_2,2_別立.webp,180,1080,180,180
別立ち_貧乳服_変T_憤怒_2,2_別立.webp,360,1080,180,180
別立ち_貧乳服_下着_通常_2,2_別立.webp,0,360,180,180
別立ち_貧乳服_下着_笑顔_2,2_別立.webp,180,360,180,180
別立ち_貧乳服_下着_憤怒_2,2_別立.webp,360,360,180,180
別立ち_貧乳服_ノーブラ下着_通常_2,2_別立_貧乳.webp,0,540,180,180
別立ち_貧乳服_ノーブラ下着_笑顔_2,2_別立_貧乳.webp,180,540,180,180
別立ち_貧乳服_ノーブラ下着_憤怒_2,2_別立_貧乳.webp,360,540,180,180
別立ち_貧乳服_ノーパン下着_通常_2,2_別立.webp,0,1440,180,180
別立ち_貧乳服_ノーパン下着_笑顔_2,2_別立.webp,180,1440,180,180
別立ち_貧乳服_ノーパン下着_憤怒_2,2_別立.webp,360,1440,180,180

別顔_貧乳裸_通常_2,2_別顔.webp,0,180,180,180
別顔_貧乳裸_笑顔_2,2_別顔.webp,180,180,180,180
別顔_貧乳裸_憤怒_2,2_別顔.webp,360,180,180,180
別顔_貧乳裸_睡眠_2,2_別顔.webp,720,360,180,180
別顔_貧乳裸_発情_2,2_別顔.webp,900,180,180,180
別顔_貧乳裸_自慰_2,2_別顔.webp,720,180,180,180
別顔_貧乳裸_愛撫_2,2_別顔.webp,0,360,180,180
別顔_貧乳裸_性交_2,2_別顔.webp,180,360,180,180

別顔_貧乳服_バニー_通常_2,2_別顔_コスプレ.webp,0,0,180,180
別顔_貧乳服_バニー_笑顔_2,2_別顔_コスプレ.webp,180,0,180,180
別顔_貧乳服_バニー_憤怒_2,2_別顔_コスプレ.webp,360,0,180,180
別顔_貧乳服_バニー_発情_2,2_別顔_コスプレ.webp,900,0,180,180

別顔_裸_並乳拆分_2,2_別顔_胸.webp,180,180,180,180
別顔_服_バニー_並乳拆分_2,2_別顔_胸.webp,540,180,180,180

;------------------------------------------------------------
;3_カナ
;------------------------------------------------------------
;服
別立ち_服_通常_3,3_別立.webp,0,0,180,180
別立ち_服_笑顔_3,3_別立.webp,180,0,180,180
別立ち_服_憤怒_3,3_別立.webp,360,0,180,180
別立ち_服_睡眠_3,3_別立.webp,0,540,180,180
;裸
別立ち_裸_通常_3,3_別立.webp,0,180,180,180
別立ち_裸_笑顔_3,3_別立.webp,180,180,180,180
別立ち_裸_憤怒_3,3_別立.webp,360,180,180,180
別立ち_裸_睡眠_3,3_別立.webp,180,540,180,180

;服
別顔_服_通常_3,3_別顔.webp,0,0,180,180
別顔_服_笑顔_3,3_別顔.webp,180,0,180,180
別顔_服_憤怒_3,3_別顔.webp,360,0,180,180
別顔_服_睡眠_3,3_別顔.webp,720,0,180,180
別顔_服_発情_3,3_別顔.webp,900,0,180,180
;裸
別顔_裸_通常_3,3_別顔.webp,0,180,180,180
別顔_裸_笑顔_3,3_別顔.webp,180,180,180,180
別顔_裸_憤怒_3,3_別顔.webp,360,180,180,180
別顔_裸_睡眠_3,3_別顔.webp,720,360,180,180
別顔_裸_自慰_3,3_別顔.webp,720,180,180,180
別顔_裸_発情_3,3_別顔.webp,900,180,180,180
別顔_裸_愛撫_3,3_別顔.webp,0,360,180,180
別顔_裸_性交_3,3_別顔.webp,180,360,180,180

;特殊服装
別立ち_服_下着_通常_3,3_別立.webp,0,360,180,180
別立ち_服_下着_笑顔_3,3_別立.webp,180,360,180,180
別立ち_服_下着_憤怒_3,3_別立.webp,360,360,180,180
別立ち_服_ノーブラ下着_通常_3,3_別立.webp,0,1260,180,180
別立ち_服_ノーブラ下着_笑顔_3,3_別立.webp,180,1260,180,180
別立ち_服_ノーブラ下着_憤怒_3,3_別立.webp,360,1260,180,180
別立ち_服_ノーパン下着_通常_3,3_別立.webp,0,1440,180,180
別立ち_服_ノーパン下着_笑顔_3,3_別立.webp,180,1440,180,180
別立ち_服_ノーパン下着_憤怒_3,3_別立.webp,360,1440,180,180
別顔_服_下着_通常_3,3_別顔_下着.webp,0,0,180,180
別顔_服_下着_笑顔_3,3_別顔_下着.webp,180,0,180,180
別顔_服_下着_憤怒_3,3_別顔_下着.webp,360,0,180,180
別顔_服_下着_自慰_3,3_別顔_下着.webp,720,0,180,180
別顔_服_下着_発情_3,3_別顔_下着.webp,900,0,180,180
別顔_服_下着_愛撫_3,3_別顔_下着.webp,0,180,180,180
別顔_服_下着_性交_3,3_別顔_下着.webp,180,180,180,180

;エフェクト
別顔_照れ_3,3_別顔.webp,540,0,180,180
別顔_吐息_3,3_別顔.webp,360,360,180,180
別顔_汗_3,3_別顔.webp,540,180,180,180
別顔_裸汗_3,3_別顔.webp,540,360,180,180

;******************************
;コスプレ
;******************************
;バニー
別立ち_服_バニー_通常_3,3_別立.webp,0,720,180,180
別立ち_服_バニー_笑顔_3,3_別立.webp,180,720,180,180
別立ち_服_バニー_憤怒_3,3_別立.webp,360,720,180,180
別顔_服_バニー_通常_3,3_別顔_コスプレ.webp,0,0,180,180
別顔_服_バニー_笑顔_3,3_別顔_コスプレ.webp,180,0,180,180
別顔_服_バニー_憤怒_3,3_別顔_コスプレ.webp,360,0,180,180
別顔_服_バニー_発情_3,3_別顔_コスプレ.webp,900,0,180,180

;セーラー
別立ち_服_セーラー_通常_3,3_別立.webp,0,900,180,180
別立ち_服_セーラー_笑顔_3,3_別立.webp,180,900,180,180
別立ち_服_セーラー_憤怒_3,3_別立.webp,360,900,180,180
別顔_服_セーラー_通常_3,3_別顔_コスプレ.webp,0,180,180,180
別顔_服_セーラー_笑顔_3,3_別顔_コスプレ.webp,180,180,180,180
別顔_服_セーラー_憤怒_3,3_別顔_コスプレ.webp,360,180,180,180
別顔_服_セーラー_発情_3,3_別顔_コスプレ.webp,900,180,180,180

;変T
別立ち_服_変T_通常_3,3_別立.webp,0,1080,180,180
別立ち_服_変T_笑顔_3,3_別立.webp,180,1080,180,180
別立ち_服_変T_憤怒_3,3_別立.webp,360,1080,180,180
別顔_服_変T_通常_3,3_別顔_コスプレ.webp,0,360,180,180
別顔_服_変T_笑顔_3,3_別顔_コスプレ.webp,180,360,180,180
別顔_服_変T_憤怒_3,3_別顔_コスプレ.webp,360,360,180,180
別顔_服_変T_発情_3,3_別顔_コスプレ.webp,900,360,180,180
;******************************
;巨乳差分
;******************************
別立ち_巨乳服_通常_3,3_別立_巨乳.webp,0,0,180,180
別立ち_巨乳服_笑顔_3,3_別立_巨乳.webp,180,0,180,180
別立ち_巨乳服_憤怒_3,3_別立_巨乳.webp,360,0,180,180
別立ち_巨乳服_睡眠_3,3_別立_巨乳.webp,0,540,180,180
別立ち_巨乳裸_通常_3,3_別立_巨乳.webp,0,180,180,180
別立ち_巨乳裸_笑顔_3,3_別立_巨乳.webp,180,180,180,180
別立ち_巨乳裸_憤怒_3,3_別立_巨乳.webp,360,180,180,180
別立ち_巨乳裸_睡眠_3,3_別立_巨乳.webp,180,540,180,180
別立ち_巨乳服_バニー_通常_3,3_別立_巨乳.webp,0,720,180,180
別立ち_巨乳服_バニー_笑顔_3,3_別立_巨乳.webp,180,720,180,180
別立ち_巨乳服_バニー_憤怒_3,3_別立_巨乳.webp,360,720,180,180
別立ち_巨乳服_セーラー_通常_3,3_別立_巨乳.webp,0,900,180,180
別立ち_巨乳服_セーラー_笑顔_3,3_別立_巨乳.webp,180,900,180,180
別立ち_巨乳服_セーラー_憤怒_3,3_別立_巨乳.webp,360,900,180,180
別立ち_巨乳服_変T_通常_3,3_別立_巨乳.webp,0,1080,180,180
別立ち_巨乳服_変T_笑顔_3,3_別立_巨乳.webp,180,1080,180,180
別立ち_巨乳服_変T_憤怒_3,3_別立_巨乳.webp,360,1080,180,180
別立ち_巨乳服_下着_通常_3,3_別立_巨乳.webp,0,360,180,180
別立ち_巨乳服_下着_笑顔_3,3_別立_巨乳.webp,180,360,180,180
別立ち_巨乳服_下着_憤怒_3,3_別立_巨乳.webp,360,360,180,180
別立ち_巨乳服_ノーブラ下着_通常_3,3_別立_巨乳.webp,0,1260,180,180
別立ち_巨乳服_ノーブラ下着_笑顔_3,3_別立_巨乳.webp,180,1260,180,180
別立ち_巨乳服_ノーブラ下着_憤怒_3,3_別立_巨乳.webp,360,1260,180,180
別立ち_巨乳服_ノーパン下着_通常_3,3_別立_巨乳.webp,0,1440,180,180
別立ち_巨乳服_ノーパン下着_笑顔_3,3_別立_巨乳.webp,180,1440,180,180
別立ち_巨乳服_ノーパン下着_憤怒_3,3_別立_巨乳.webp,360,1440,180,180

別顔_服_巨乳拆分_3,3_別顔_胸.webp,0,0,180,180
別顔_服_睡眠_巨乳拆分_3,3_別顔_胸.webp,180,0,180,180
別顔_服_下着_巨乳拆分_3,3_別顔_胸.webp,360,0,180,180
別顔_服_バニー_巨乳拆分_3,3_別顔_胸.webp,540,0,180,180
別顔_服_セーラー_巨乳拆分_3,3_別顔_胸.webp,720,0,180,180
別顔_服_変T_巨乳拆分_3,3_別顔_胸.webp,900,0,180,180
別顔_裸_巨乳拆分_3,3_別顔_胸.webp,0,180,180,180
;******************************
;貧乳差分
;******************************
別立ち_貧乳服_通常_3,3_別立.webp,0,0,180,180
別立ち_貧乳服_笑顔_3,3_別立.webp,180,0,180,180
別立ち_貧乳服_憤怒_3,3_別立.webp,360,0,180,180
別立ち_貧乳服_睡眠_3,3_別立.webp,0,540,180,180
別立ち_貧乳裸_通常_3,3_別立_貧乳.webp,0,0,180,180
別立ち_貧乳裸_笑顔_3,3_別立_貧乳.webp,180,0,180,180
別立ち_貧乳裸_憤怒_3,3_別立_貧乳.webp,360,0,180,180
別立ち_貧乳裸_睡眠_3,3_別立_貧乳.webp,180,360,180,180
別立ち_貧乳服_バニー_通常_3,3_別立_貧乳.webp,0,540,180,180
別立ち_貧乳服_バニー_笑顔_3,3_別立_貧乳.webp,180,540,180,180
別立ち_貧乳服_バニー_憤怒_3,3_別立_貧乳.webp,360,540,180,180
別立ち_貧乳服_セーラー_通常_3,3_別立.webp,0,900,180,180
別立ち_貧乳服_セーラー_笑顔_3,3_別立.webp,180,900,180,180
別立ち_貧乳服_セーラー_憤怒_3,3_別立.webp,360,900,180,180
別立ち_貧乳服_変T_通常_3,3_別立.webp,0,1080,180,180
別立ち_貧乳服_変T_笑顔_3,3_別立.webp,180,1080,180,180
別立ち_貧乳服_変T_憤怒_3,3_別立.webp,360,1080,180,180
別立ち_貧乳服_下着_通常_3,3_別立_貧乳.webp,0,180,180,180
別立ち_貧乳服_下着_笑顔_3,3_別立_貧乳.webp,180,180,180,180
別立ち_貧乳服_下着_憤怒_3,3_別立_貧乳.webp,360,180,180,180
別立ち_貧乳服_ノーブラ下着_通常_3,3_別立_貧乳.webp,0,720,180,180
別立ち_貧乳服_ノーブラ下着_笑顔_3,3_別立_貧乳.webp,180,720,180,180
別立ち_貧乳服_ノーブラ下着_憤怒_3,3_別立_貧乳.webp,360,720,180,180
別立ち_貧乳服_ノーパン下着_通常_3,3_別立_貧乳.webp,0,900,180,180
別立ち_貧乳服_ノーパン下着_笑顔_3,3_別立_貧乳.webp,180,900,180,180
別立ち_貧乳服_ノーパン下着_憤怒_3,3_別立_貧乳.webp,360,900,180,180

別顔_貧乳裸_通常_3,3_別顔.webp,0,180,180,180
別顔_貧乳裸_笑顔_3,3_別顔.webp,180,180,180,180
別顔_貧乳裸_憤怒_3,3_別顔.webp,360,180,180,180
別顔_貧乳裸_睡眠_3,3_別顔.webp,720,360,180,180
別顔_貧乳裸_発情_3,3_別顔.webp,900,180,180,180
別顔_貧乳裸_自慰_3,3_別顔.webp,720,180,180,180
別顔_貧乳裸_愛撫_3,3_別顔.webp,0,360,180,180
別顔_貧乳裸_性交_3,3_別顔.webp,180,360,180,180

別顔_貧乳服_バニー_通常_3,3_別顔_コスプレ.webp,0,0,180,180
別顔_貧乳服_バニー_笑顔_3,3_別顔_コスプレ.webp,180,0,180,180
別顔_貧乳服_バニー_憤怒_3,3_別顔_コスプレ.webp,360,0,180,180
別顔_貧乳服_バニー_発情_3,3_別顔_コスプレ.webp,900,0,180,180

別顔_裸_並乳拆分_3,3_別顔_胸.webp,180,180,180,180
別顔_服_下着_並乳拆分_3,3_別顔_胸.webp,360,180,180,180
別顔_服_バニー_並乳拆分_3,3_別顔_胸.webp,540,180,180,180

;------------------------------------------------------------
;4_魅魔
;------------------------------------------------------------
;服
別立ち_服_通常_4,4_別立.webp,0,0,180,180
別立ち_服_笑顔_4,4_別立.webp,180,0,180,180
別立ち_服_憤怒_4,4_別立.webp,360,0,180,180
別立ち_服_睡眠_4,4_別立.webp,0,540,180,180
;裸
別立ち_裸_通常_4,4_別立.webp,0,180,180,180
別立ち_裸_笑顔_4,4_別立.webp,180,180,180,180
別立ち_裸_憤怒_4,4_別立.webp,360,180,180,180
別立ち_裸_睡眠_4,4_別立.webp,180,540,180,180

;服
別顔_服_通常_4,4_別顔.webp,0,0,180,180
別顔_服_笑顔_4,4_別顔.webp,180,0,180,180
別顔_服_憤怒_4,4_別顔.webp,360,0,180,180
別顔_服_睡眠_4,4_別顔.webp,720,0,180,180
別顔_服_発情_4,4_別顔.webp,900,0,180,180
;裸
別顔_裸_通常_4,4_別顔.webp,0,180,180,180
別顔_裸_笑顔_4,4_別顔.webp,180,180,180,180
別顔_裸_憤怒_4,4_別顔.webp,360,180,180,180
別顔_裸_睡眠_4,4_別顔.webp,720,360,180,180
別顔_裸_自慰_4,4_別顔.webp,720,180,180,180
別顔_裸_発情_4,4_別顔.webp,900,180,180,180
別顔_裸_愛撫_4,4_別顔.webp,0,360,180,180
別顔_裸_性交_4,4_別顔.webp,180,360,180,180

;特殊服装
別立ち_服_下着_通常_4,4_別立.webp,0,360,180,180
別立ち_服_下着_笑顔_4,4_別立.webp,180,360,180,180
別立ち_服_下着_憤怒_4,4_別立.webp,360,360,180,180
別立ち_服_ノーブラ下着_通常_4,4_別立.webp,0,1260,180,180
別立ち_服_ノーブラ下着_笑顔_4,4_別立.webp,180,1260,180,180
別立ち_服_ノーブラ下着_憤怒_4,4_別立.webp,360,1260,180,180
別立ち_服_ノーパン下着_通常_4,4_別立.webp,0,1440,180,180
別立ち_服_ノーパン下着_笑顔_4,4_別立.webp,180,1440,180,180
別立ち_服_ノーパン下着_憤怒_4,4_別立.webp,360,1440,180,180
別顔_服_下着_通常_4,4_別顔_下着.webp,0,0,180,180
別顔_服_下着_笑顔_4,4_別顔_下着.webp,180,0,180,180
別顔_服_下着_憤怒_4,4_別顔_下着.webp,360,0,180,180
別顔_服_下着_自慰_4,4_別顔_下着.webp,720,0,180,180
別顔_服_下着_発情_4,4_別顔_下着.webp,900,0,180,180
別顔_服_下着_愛撫_4,4_別顔_下着.webp,0,180,180,180
別顔_服_下着_性交_4,4_別顔_下着.webp,180,180,180,180

;エフェクト
別顔_照れ_4,4_別顔.webp,540,0,180,180
別顔_吐息_4,4_別顔.webp,360,360,180,180
別顔_汗_4,4_別顔.webp,540,180,180,180
別顔_裸汗_4,4_別顔.webp,540,360,180,180
;******************************
;コスプレ
;******************************
;バニー
別立ち_服_バニー_通常_4,4_別立.webp,0,720,180,180
別立ち_服_バニー_笑顔_4,4_別立.webp,180,720,180,180
別立ち_服_バニー_憤怒_4,4_別立.webp,360,720,180,180
別顔_服_バニー_通常_4,4_別顔_コスプレ.webp,0,0,180,180
別顔_服_バニー_笑顔_4,4_別顔_コスプレ.webp,180,0,180,180
別顔_服_バニー_憤怒_4,4_別顔_コスプレ.webp,360,0,180,180
別顔_服_バニー_発情_4,4_別顔_コスプレ.webp,900,0,180,180

;セーラー
別立ち_服_セーラー_通常_4,4_別立.webp,0,900,180,180
別立ち_服_セーラー_笑顔_4,4_別立.webp,180,900,180,180
別立ち_服_セーラー_憤怒_4,4_別立.webp,360,900,180,180
別顔_服_セーラー_通常_4,4_別顔_コスプレ.webp,0,180,180,180
別顔_服_セーラー_笑顔_4,4_別顔_コスプレ.webp,180,180,180,180
別顔_服_セーラー_憤怒_4,4_別顔_コスプレ.webp,360,180,180,180
別顔_服_セーラー_発情_4,4_別顔_コスプレ.webp,900,180,180,180

;変T
別立ち_服_変T_通常_4,4_別立.webp,0,1080,180,180
別立ち_服_変T_笑顔_4,4_別立.webp,180,1080,180,180
別立ち_服_変T_憤怒_4,4_別立.webp,360,1080,180,180
別顔_服_変T_通常_4,4_別顔_コスプレ.webp,0,360,180,180
別顔_服_変T_笑顔_4,4_別顔_コスプレ.webp,180,360,180,180
別顔_服_変T_憤怒_4,4_別顔_コスプレ.webp,360,360,180,180
別顔_服_変T_発情_4,4_別顔_コスプレ.webp,900,360,180,180
;******************************
;並乳差分
;******************************
別立ち_並乳服_通常_4,4_別立_並乳.webp,0,0,180,180
別立ち_並乳服_笑顔_4,4_別立_並乳.webp,180,0,180,180
別立ち_並乳服_憤怒_4,4_別立_並乳.webp,360,0,180,180
別立ち_並乳服_睡眠_4,4_別立_並乳.webp,0,540,180,180
別立ち_並乳裸_通常_4,4_別立_並乳.webp,0,180,180,180
別立ち_並乳裸_笑顔_4,4_別立_並乳.webp,180,180,180,180
別立ち_並乳裸_憤怒_4,4_別立_並乳.webp,360,180,180,180
別立ち_並乳裸_睡眠_4,4_別立_並乳.webp,180,540,180,180
別立ち_並乳服_バニー_通常_4,4_別立_並乳.webp,0,720,180,180
別立ち_並乳服_バニー_笑顔_4,4_別立_並乳.webp,180,720,180,180
別立ち_並乳服_バニー_憤怒_4,4_別立_並乳.webp,360,720,180,180
別立ち_並乳服_セーラー_通常_4,4_別立_並乳.webp,0,900,180,180
別立ち_並乳服_セーラー_笑顔_4,4_別立_並乳.webp,180,900,180,180
別立ち_並乳服_セーラー_憤怒_4,4_別立_並乳.webp,360,900,180,180
別立ち_並乳服_変T_通常_4,4_別立_並乳.webp,0,1080,180,180
別立ち_並乳服_変T_笑顔_4,4_別立_並乳.webp,180,1080,180,180
別立ち_並乳服_変T_憤怒_4,4_別立_並乳.webp,360,1080,180,180
別立ち_並乳服_下着_通常_4,4_別立_並乳.webp,0,360,180,180
別立ち_並乳服_下着_笑顔_4,4_別立_並乳.webp,180,360,180,180
別立ち_並乳服_下着_憤怒_4,4_別立_並乳.webp,360,360,180,180
別立ち_並乳服_ノーブラ下着_通常_4,4_別立_並乳.webp,0,1260,180,180
別立ち_並乳服_ノーブラ下着_笑顔_4,4_別立_並乳.webp,180,1260,180,180
別立ち_並乳服_ノーブラ下着_憤怒_4,4_別立_並乳.webp,360,1260,180,180
別立ち_並乳服_ノーパン下着_通常_4,4_別立_並乳.webp,0,1440,180,180
別立ち_並乳服_ノーパン下着_笑顔_4,4_別立_並乳.webp,180,1440,180,180
別立ち_並乳服_ノーパン下着_憤怒_4,4_別立_並乳.webp,360,1440,180,180

別顔_服_並乳拆分_4,4_別顔_胸.webp,0,0,180,180
別顔_服_睡眠_並乳拆分_4,4_別顔_胸.webp,180,0,180,180
別顔_服_下着_並乳拆分_4,4_別顔_胸.webp,360,0,180,180
別顔_服_バニー_並乳拆分_4,4_別顔_胸.webp,540,0,180,180
別顔_服_セーラー_並乳拆分_4,4_別顔_胸.webp,720,0,180,180
別顔_服_変T_並乳拆分_4,4_別顔_胸.webp,900,0,180,180
別顔_裸_並乳拆分_4,4_別顔_胸.webp,0,180,180,180
;******************************
;貧乳差分
;******************************
別立ち_貧乳服_通常_4,4_別立_並乳.webp,0,0,180,180
別立ち_貧乳服_笑顔_4,4_別立_並乳.webp,180,0,180,180
別立ち_貧乳服_憤怒_4,4_別立_並乳.webp,360,0,180,180
別立ち_貧乳服_睡眠_4,4_別立_貧乳.webp,0,180,180,180
別立ち_貧乳裸_通常_4,4_別立_貧乳.webp,0,0,180,180
別立ち_貧乳裸_笑顔_4,4_別立_貧乳.webp,180,0,180,180
別立ち_貧乳裸_憤怒_4,4_別立_貧乳.webp,360,0,180,180
別立ち_貧乳裸_睡眠_4,4_別立_貧乳.webp,180,180,180,180
別立ち_貧乳服_バニー_通常_4,4_別立_貧乳.webp,0,360,180,180
別立ち_貧乳服_バニー_笑顔_4,4_別立_貧乳.webp,180,360,180,180
別立ち_貧乳服_バニー_憤怒_4,4_別立_貧乳.webp,360,360,180,180
別立ち_貧乳服_セーラー_通常_4,4_別立_並乳.webp,0,900,180,180
別立ち_貧乳服_セーラー_笑顔_4,4_別立_並乳.webp,180,900,180,180
別立ち_貧乳服_セーラー_憤怒_4,4_別立_並乳.webp,360,900,180,180
別立ち_貧乳服_変T_通常_4,4_別立_並乳.webp,0,1080,180,180
別立ち_貧乳服_変T_笑顔_4,4_別立_並乳.webp,180,1080,180,180
別立ち_貧乳服_変T_憤怒_4,4_別立_並乳.webp,360,1080,180,180
別立ち_貧乳服_下着_通常_4,4_別立_並乳.webp,0,360,180,180
別立ち_貧乳服_下着_笑顔_4,4_別立_並乳.webp,180,360,180,180
別立ち_貧乳服_下着_憤怒_4,4_別立_並乳.webp,360,360,180,180
別立ち_貧乳服_ノーブラ下着_通常_4,4_別立_貧乳.webp,0,540,180,180
別立ち_貧乳服_ノーブラ下着_笑顔_4,4_別立_貧乳.webp,180,540,180,180
別立ち_貧乳服_ノーブラ下着_憤怒_4,4_別立_貧乳.webp,360,540,180,180
別立ち_貧乳服_ノーパン下着_通常_4,4_別立_並乳.webp,0,1440,180,180
別立ち_貧乳服_ノーパン下着_笑顔_4,4_別立_並乳.webp,180,1440,180,180
別立ち_貧乳服_ノーパン下着_憤怒_4,4_別立_並乳.webp,360,1440,180,180

別顔_裸_貧乳拆分_4,4_別顔_胸.webp,180,180,180,180
別顔_服_睡眠_貧乳拆分_4,4_別顔_胸.webp,360,180,180,180
別顔_服_バニー_貧乳拆分_4,4_別顔_胸.webp,540,180,180,180

;------------------------------------------------------------
;5_サニー
;------------------------------------------------------------
;服
別立ち_服_通常_5,5_別立.webp,0,0,180,180
別立ち_服_笑顔_5,5_別立.webp,180,0,180,180
別立ち_服_憤怒_5,5_別立.webp,360,0,180,180
別立ち_服_睡眠_5,5_別立.webp,0,540,180,180
;裸
別立ち_裸_通常_5,5_別立.webp,0,180,180,180
別立ち_裸_笑顔_5,5_別立.webp,180,180,180,180
別立ち_裸_憤怒_5,5_別立.webp,360,180,180,180
別立ち_裸_睡眠_5,5_別立.webp,180,540,180,180

;服
別顔_服_通常_5,5_別顔.webp,0,0,180,180
別顔_服_笑顔_5,5_別顔.webp,180,0,180,180
別顔_服_憤怒_5,5_別顔.webp,360,0,180,180
別顔_服_睡眠_5,5_別顔.webp,720,0,180,180
別顔_服_発情_5,5_別顔.webp,900,0,180,180
;裸
別顔_裸_通常_5,5_別顔.webp,0,180,180,180
別顔_裸_笑顔_5,5_別顔.webp,180,180,180,180
別顔_裸_憤怒_5,5_別顔.webp,360,180,180,180
別顔_裸_睡眠_5,5_別顔.webp,720,360,180,180
別顔_裸_自慰_5,5_別顔.webp,720,180,180,180
別顔_裸_発情_5,5_別顔.webp,900,180,180,180
別顔_裸_愛撫_5,5_別顔.webp,0,360,180,180
別顔_裸_性交_5,5_別顔.webp,180,360,180,180

;下着
別立ち_服_下着_通常_5,5_別立.webp,0,360,180,180
別立ち_服_下着_笑顔_5,5_別立.webp,180,360,180,180
別立ち_服_下着_憤怒_5,5_別立.webp,360,360,180,180
別立ち_服_ノーブラ下着_通常_5,5_別立.webp,0,1260,180,180
別立ち_服_ノーブラ下着_笑顔_5,5_別立.webp,180,1260,180,180
別立ち_服_ノーブラ下着_憤怒_5,5_別立.webp,360,1260,180,180
別立ち_服_ノーパン下着_通常_5,5_別立.webp,0,1440,180,180
別立ち_服_ノーパン下着_笑顔_5,5_別立.webp,180,1440,180,180
別立ち_服_ノーパン下着_憤怒_5,5_別立.webp,360,1440,180,180
別顔_服_下着_通常_5,5_別顔_下着.webp,0,0,180,180
別顔_服_下着_笑顔_5,5_別顔_下着.webp,180,0,180,180
別顔_服_下着_憤怒_5,5_別顔_下着.webp,360,0,180,180
別顔_服_下着_自慰_5,5_別顔_下着.webp,720,0,180,180
別顔_服_下着_発情_5,5_別顔_下着.webp,900,0,180,180
別顔_服_下着_愛撫_5,5_別顔_下着.webp,0,180,180,180
別顔_服_下着_性交_5,5_別顔_下着.webp,180,180,180,180

;夏服
別立ち_服_夏服_通常_5,5_別立.webp,0,1620,180,180
別立ち_服_夏服_笑顔_5,5_別立.webp,180,1620,180,180
別立ち_服_夏服_憤怒_5,5_別立.webp,360,1620,180,180
別立ち_服_夏服_睡眠_5,5_別立.webp,0,540,180,180
別顔_服_夏服_通常_5,5_別顔.webp,0,540,180,180
別顔_服_夏服_笑顔_5,5_別顔.webp,180,540,180,180
別顔_服_夏服_憤怒_5,5_別顔.webp,360,540,180,180
別顔_服_夏服_睡眠_5,5_別顔.webp,720,0,180,180
別顔_服_夏服_発情_5,5_別顔.webp,900,540,180,180

;エフェクト
別顔_照れ_5,5_別顔.webp,540,0,180,180
別顔_吐息_5,5_別顔.webp,360,360,180,180
別顔_汗_5,5_別顔.webp,540,180,180,180
別顔_裸汗_5,5_別顔.webp,540,360,180,180

;******************************
;コスプレ
;******************************
;バニー
別立ち_服_バニー_通常_5,5_別立.webp,0,720,180,180
別立ち_服_バニー_笑顔_5,5_別立.webp,180,720,180,180
別立ち_服_バニー_憤怒_5,5_別立.webp,360,720,180,180
別顔_服_バニー_通常_5,5_別顔_コスプレ.webp,0,0,180,180
別顔_服_バニー_笑顔_5,5_別顔_コスプレ.webp,180,0,180,180
別顔_服_バニー_憤怒_5,5_別顔_コスプレ.webp,360,0,180,180
別顔_服_バニー_発情_5,5_別顔_コスプレ.webp,900,0,180,180

;セーラー
別立ち_服_セーラー_通常_5,5_別立.webp,0,900,180,180
別立ち_服_セーラー_笑顔_5,5_別立.webp,180,900,180,180
別立ち_服_セーラー_憤怒_5,5_別立.webp,360,900,180,180
別顔_服_セーラー_通常_5,5_別顔_コスプレ.webp,0,180,180,180
別顔_服_セーラー_笑顔_5,5_別顔_コスプレ.webp,180,180,180,180
別顔_服_セーラー_憤怒_5,5_別顔_コスプレ.webp,360,180,180,180
別顔_服_セーラー_発情_5,5_別顔_コスプレ.webp,900,180,180,180

;変T
別立ち_服_変T_通常_5,5_別立.webp,0,1080,180,180
別立ち_服_変T_笑顔_5,5_別立.webp,180,1080,180,180
別立ち_服_変T_憤怒_5,5_別立.webp,360,1080,180,180
別顔_服_変T_通常_5,5_別顔_コスプレ.webp,0,360,180,180
別顔_服_変T_笑顔_5,5_別顔_コスプレ.webp,180,360,180,180
別顔_服_変T_憤怒_5,5_別顔_コスプレ.webp,360,360,180,180
別顔_服_変T_発情_5,5_別顔_コスプレ.webp,900,360,180,180
;******************************
;巨乳差分
;******************************
別立ち_巨乳服_通常_5,5_別立_巨乳.webp,0,0,180,180
別立ち_巨乳服_笑顔_5,5_別立_巨乳.webp,180,0,180,180
別立ち_巨乳服_憤怒_5,5_別立_巨乳.webp,360,0,180,180
別立ち_巨乳服_睡眠_5,5_別立_巨乳.webp,0,540,180,180
別立ち_巨乳裸_通常_5,5_別立_巨乳.webp,0,180,180,180
別立ち_巨乳裸_笑顔_5,5_別立_巨乳.webp,180,180,180,180
別立ち_巨乳裸_憤怒_5,5_別立_巨乳.webp,360,180,180,180
別立ち_巨乳裸_睡眠_5,5_別立_巨乳.webp,180,540,180,180
別立ち_巨乳服_バニー_通常_5,5_別立_巨乳.webp,0,720,180,180
別立ち_巨乳服_バニー_笑顔_5,5_別立_巨乳.webp,180,720,180,180
別立ち_巨乳服_バニー_憤怒_5,5_別立_巨乳.webp,360,720,180,180
別立ち_巨乳服_セーラー_通常_5,5_別立_巨乳.webp,0,900,180,180
別立ち_巨乳服_セーラー_笑顔_5,5_別立_巨乳.webp,180,900,180,180
別立ち_巨乳服_セーラー_憤怒_5,5_別立_巨乳.webp,360,900,180,180
別立ち_巨乳服_変T_通常_5,5_別立_巨乳.webp,0,1080,180,180
別立ち_巨乳服_変T_笑顔_5,5_別立_巨乳.webp,180,1080,180,180
別立ち_巨乳服_変T_憤怒_5,5_別立_巨乳.webp,360,1080,180,180
別立ち_巨乳服_下着_通常_5,5_別立_巨乳.webp,0,360,180,180
別立ち_巨乳服_下着_笑顔_5,5_別立_巨乳.webp,180,360,180,180
別立ち_巨乳服_下着_憤怒_5,5_別立_巨乳.webp,360,360,180,180
別立ち_巨乳服_ノーブラ下着_通常_5,5_別立_巨乳.webp,0,1260,180,180
別立ち_巨乳服_ノーブラ下着_笑顔_5,5_別立_巨乳.webp,180,1260,180,180
別立ち_巨乳服_ノーブラ下着_憤怒_5,5_別立_巨乳.webp,360,1260,180,180
別立ち_巨乳服_ノーパン下着_通常_5,5_別立_巨乳.webp,0,1440,180,180
別立ち_巨乳服_ノーパン下着_笑顔_5,5_別立_巨乳.webp,180,1440,180,180
別立ち_巨乳服_ノーパン下着_憤怒_5,5_別立_巨乳.webp,360,1440,180,180
別立ち_巨乳服_夏服_通常_5,5_別立_巨乳.webp,0,1620,180,180
別立ち_巨乳服_夏服_笑顔_5,5_別立_巨乳.webp,180,1620,180,180
別立ち_巨乳服_夏服_憤怒_5,5_別立_巨乳.webp,360,1620,180,180
別立ち_巨乳服_夏服_睡眠_5,5_別立_巨乳.webp,0,540,180,180

別顔_服_巨乳拆分_5,5_別顔_胸.webp,0,0,180,180
別顔_服_睡眠_巨乳拆分_5,5_別顔_胸.webp,180,0,180,180
別顔_服_下着_巨乳拆分_5,5_別顔_胸.webp,360,0,180,180
別顔_服_バニー_巨乳拆分_5,5_別顔_胸.webp,540,0,180,180
別顔_服_セーラー_巨乳拆分_5,5_別顔_胸.webp,720,0,180,180
別顔_服_変T_巨乳拆分_5,5_別顔_胸.webp,900,0,180,180
別顔_裸_巨乳拆分_5,5_別顔_胸.webp,0,180,180,180
別顔_服_夏服_巨乳拆分_5,5_別顔_胸.webp,720,180,180,180
;******************************
;並乳差分
;******************************
別立ち_並乳服_通常_5,5_別立.webp,0,0,180,180
別立ち_並乳服_笑顔_5,5_別立.webp,180,0,180,180
別立ち_並乳服_憤怒_5,5_別立.webp,360,0,180,180
別立ち_並乳服_睡眠_5,5_別立.webp,0,540,180,180
別立ち_並乳裸_通常_5,5_別立_並乳.webp,0,0,180,180
別立ち_並乳裸_笑顔_5,5_別立_並乳.webp,180,0,180,180
別立ち_並乳裸_憤怒_5,5_別立_並乳.webp,360,0,180,180
別立ち_並乳裸_睡眠_5,5_別立_並乳.webp,180,360,180,180
別立ち_並乳服_バニー_通常_5,5_別立_並乳.webp,0,540,180,180
別立ち_並乳服_バニー_笑顔_5,5_別立_並乳.webp,180,540,180,180
別立ち_並乳服_バニー_憤怒_5,5_別立_並乳.webp,360,540,180,180
別立ち_並乳服_セーラー_通常_5,5_別立.webp,0,900,180,180
別立ち_並乳服_セーラー_笑顔_5,5_別立.webp,180,900,180,180
別立ち_並乳服_セーラー_憤怒_5,5_別立.webp,360,900,180,180
別立ち_並乳服_変T_通常_5,5_別立.webp,0,1080,180,180
別立ち_並乳服_変T_笑顔_5,5_別立.webp,180,1080,180,180
別立ち_並乳服_変T_憤怒_5,5_別立.webp,360,1080,180,180
別立ち_並乳服_下着_通常_5,5_別立_並乳.webp,0,180,180,180
別立ち_並乳服_下着_笑顔_5,5_別立_並乳.webp,180,180,180,180
別立ち_並乳服_下着_憤怒_5,5_別立_並乳.webp,360,180,180,180
別立ち_並乳服_ノーブラ下着_通常_5,5_別立_並乳.webp,0,720,180,180
別立ち_並乳服_ノーブラ下着_笑顔_5,5_別立_並乳.webp,180,720,180,180
別立ち_並乳服_ノーブラ下着_憤怒_5,5_別立_並乳.webp,360,720,180,180
別立ち_並乳服_ノーパン下着_通常_5,5_別立_並乳.webp,0,900,180,180
別立ち_並乳服_ノーパン下着_笑顔_5,5_別立_並乳.webp,180,900,180,180
別立ち_並乳服_ノーパン下着_憤怒_5,5_別立_並乳.webp,360,900,180,180
別立ち_並乳服_夏服_通常_5,5_別立.webp,0,1620,180,180
別立ち_並乳服_夏服_笑顔_5,5_別立.webp,180,1620,180,180
別立ち_並乳服_夏服_憤怒_5,5_別立.webp,360,1620,180,180
別立ち_並乳服_夏服_睡眠_5,5_別立.webp,0,540,180,180

別顔_裸_並乳拆分_5,5_別顔_胸.webp,180,180,180,180
別顔_服_下着_並乳拆分_5,5_別顔_胸.webp,360,180,180,180
別顔_服_バニー_並乳拆分_5,5_別顔_胸.webp,540,180,180,180

;------------------------------------------------------------
;6_ルナ
;------------------------------------------------------------
;服
別立ち_服_通常_6,6_別立.webp,0,0,180,180
別立ち_服_笑顔_6,6_別立.webp,180,0,180,180
別立ち_服_憤怒_6,6_別立.webp,360,0,180,180
別立ち_服_睡眠_6,6_別立.webp,0,540,180,180
;裸
別立ち_裸_通常_6,6_別立.webp,0,180,180,180
別立ち_裸_笑顔_6,6_別立.webp,180,180,180,180
別立ち_裸_憤怒_6,6_別立.webp,360,180,180,180
別立ち_裸_睡眠_6,6_別立.webp,180,540,180,180

;服
別顔_服_通常_6,6_別顔.webp,0,0,180,180
別顔_服_笑顔_6,6_別顔.webp,180,0,180,180
別顔_服_憤怒_6,6_別顔.webp,360,0,180,180
別顔_服_睡眠_6,6_別顔.webp,720,0,180,180
別顔_服_発情_6,6_別顔.webp,900,0,180,180
;裸
別顔_裸_通常_6,6_別顔.webp,0,180,180,180
別顔_裸_笑顔_6,6_別顔.webp,180,180,180,180
別顔_裸_憤怒_6,6_別顔.webp,360,180,180,180
別顔_裸_睡眠_6,6_別顔.webp,720,360,180,180
別顔_裸_自慰_6,6_別顔.webp,720,180,180,180
別顔_裸_発情_6,6_別顔.webp,900,180,180,180
別顔_裸_愛撫_6,6_別顔.webp,0,360,180,180
別顔_裸_性交_6,6_別顔.webp,180,360,180,180

;下着
別立ち_服_下着_通常_6,6_別立.webp,0,360,180,180
別立ち_服_下着_笑顔_6,6_別立.webp,180,360,180,180
別立ち_服_下着_憤怒_6,6_別立.webp,360,360,180,180
別立ち_服_ノーブラ下着_通常_6,6_別立.webp,0,1260,180,180
別立ち_服_ノーブラ下着_笑顔_6,6_別立.webp,180,1260,180,180
別立ち_服_ノーブラ下着_憤怒_6,6_別立.webp,360,1260,180,180
別立ち_服_ノーパン下着_通常_6,6_別立.webp,0,1440,180,180
別立ち_服_ノーパン下着_笑顔_6,6_別立.webp,180,1440,180,180
別立ち_服_ノーパン下着_憤怒_6,6_別立.webp,360,1440,180,180
別顔_服_下着_通常_6,6_別顔_下着.webp,0,0,180,180
別顔_服_下着_笑顔_6,6_別顔_下着.webp,180,0,180,180
別顔_服_下着_憤怒_6,6_別顔_下着.webp,360,0,180,180
別顔_服_下着_自慰_6,6_別顔_下着.webp,720,0,180,180
別顔_服_下着_発情_6,6_別顔_下着.webp,900,0,180,180
別顔_服_下着_愛撫_6,6_別顔_下着.webp,0,180,180,180
別顔_服_下着_性交_6,6_別顔_下着.webp,180,180,180,180

;夏服
別立ち_服_夏服_通常_6,6_別立.webp,0,1620,180,180
別立ち_服_夏服_笑顔_6,6_別立.webp,180,1620,180,180
別立ち_服_夏服_憤怒_6,6_別立.webp,360,1620,180,180
別立ち_服_夏服_睡眠_6,6_別立.webp,0,540,180,180
別顔_服_夏服_通常_6,6_別顔.webp,0,540,180,180
別顔_服_夏服_笑顔_6,6_別顔.webp,180,540,180,180
別顔_服_夏服_憤怒_6,6_別顔.webp,360,540,180,180
別顔_服_夏服_睡眠_6,6_別顔.webp,720,0,180,180
別顔_服_夏服_発情_6,6_別顔.webp,900,540,180,180

;エフェクト
別顔_照れ_6,6_別顔.webp,540,0,180,180
別顔_吐息_6,6_別顔.webp,360,360,180,180
別顔_汗_6,6_別顔.webp,540,180,180,180
別顔_裸汗_6,6_別顔.webp,540,360,180,180

;******************************
;コスプレ
;******************************
;バニー
別立ち_服_バニー_通常_6,6_別立.webp,0,720,180,180
別立ち_服_バニー_笑顔_6,6_別立.webp,180,720,180,180
別立ち_服_バニー_憤怒_6,6_別立.webp,360,720,180,180
別顔_服_バニー_通常_6,6_別顔_コスプレ.webp,0,0,180,180
別顔_服_バニー_笑顔_6,6_別顔_コスプレ.webp,180,0,180,180
別顔_服_バニー_憤怒_6,6_別顔_コスプレ.webp,360,0,180,180
別顔_服_バニー_発情_6,6_別顔_コスプレ.webp,900,0,180,180

;セーラー
別立ち_服_セーラー_通常_6,6_別立.webp,0,900,180,180
別立ち_服_セーラー_笑顔_6,6_別立.webp,180,900,180,180
別立ち_服_セーラー_憤怒_6,6_別立.webp,360,900,180,180
別顔_服_セーラー_通常_6,6_別顔_コスプレ.webp,0,180,180,180
別顔_服_セーラー_笑顔_6,6_別顔_コスプレ.webp,180,180,180,180
別顔_服_セーラー_憤怒_6,6_別顔_コスプレ.webp,360,180,180,180
別顔_服_セーラー_発情_6,6_別顔_コスプレ.webp,900,180,180,180

;変T
別立ち_服_変T_通常_6,6_別立.webp,0,1080,180,180
別立ち_服_変T_笑顔_6,6_別立.webp,180,1080,180,180
別立ち_服_変T_憤怒_6,6_別立.webp,360,1080,180,180
別顔_服_変T_通常_6,6_別顔_コスプレ.webp,0,360,180,180
別顔_服_変T_笑顔_6,6_別顔_コスプレ.webp,180,360,180,180
別顔_服_変T_憤怒_6,6_別顔_コスプレ.webp,360,360,180,180
別顔_服_変T_発情_6,6_別顔_コスプレ.webp,900,360,180,180
;******************************
;巨乳差分
;******************************
別立ち_巨乳服_通常_6,6_別立_巨乳.webp,0,0,180,180
別立ち_巨乳服_笑顔_6,6_別立_巨乳.webp,180,0,180,180
別立ち_巨乳服_憤怒_6,6_別立_巨乳.webp,360,0,180,180
別立ち_巨乳服_睡眠_6,6_別立_巨乳.webp,0,540,180,180
別立ち_巨乳裸_通常_6,6_別立_巨乳.webp,0,180,180,180
別立ち_巨乳裸_笑顔_6,6_別立_巨乳.webp,180,180,180,180
別立ち_巨乳裸_憤怒_6,6_別立_巨乳.webp,360,180,180,180
別立ち_巨乳裸_睡眠_6,6_別立_巨乳.webp,180,540,180,180
別立ち_巨乳服_バニー_通常_6,6_別立_巨乳.webp,0,720,180,180
別立ち_巨乳服_バニー_笑顔_6,6_別立_巨乳.webp,180,720,180,180
別立ち_巨乳服_バニー_憤怒_6,6_別立_巨乳.webp,360,720,180,180
別立ち_巨乳服_セーラー_通常_6,6_別立_巨乳.webp,0,900,180,180
別立ち_巨乳服_セーラー_笑顔_6,6_別立_巨乳.webp,180,900,180,180
別立ち_巨乳服_セーラー_憤怒_6,6_別立_巨乳.webp,360,900,180,180
別立ち_巨乳服_変T_通常_6,6_別立_巨乳.webp,0,1080,180,180
別立ち_巨乳服_変T_笑顔_6,6_別立_巨乳.webp,180,1080,180,180
別立ち_巨乳服_変T_憤怒_6,6_別立_巨乳.webp,360,1080,180,180
別立ち_巨乳服_下着_通常_6,6_別立_巨乳.webp,0,360,180,180
別立ち_巨乳服_下着_笑顔_6,6_別立_巨乳.webp,180,360,180,180
別立ち_巨乳服_下着_憤怒_6,6_別立_巨乳.webp,360,360,180,180
別立ち_巨乳服_ノーブラ下着_通常_6,6_別立_巨乳.webp,0,1260,180,180
別立ち_巨乳服_ノーブラ下着_笑顔_6,6_別立_巨乳.webp,180,1260,180,180
別立ち_巨乳服_ノーブラ下着_憤怒_6,6_別立_巨乳.webp,360,1260,180,180
別立ち_巨乳服_ノーパン下着_通常_6,6_別立_巨乳.webp,0,1440,180,180
別立ち_巨乳服_ノーパン下着_笑顔_6,6_別立_巨乳.webp,180,1440,180,180
別立ち_巨乳服_ノーパン下着_憤怒_6,6_別立_巨乳.webp,360,1440,180,180
別立ち_巨乳服_夏服_通常_6,6_別立_巨乳.webp,0,1620,180,180
別立ち_巨乳服_夏服_笑顔_6,6_別立_巨乳.webp,180,1620,180,180
別立ち_巨乳服_夏服_憤怒_6,6_別立_巨乳.webp,360,1620,180,180
別立ち_巨乳服_夏服_睡眠_6,6_別立_巨乳.webp,0,540,180,180

別顔_服_巨乳拆分_6,6_別顔_胸.webp,0,0,180,180
別顔_服_睡眠_巨乳拆分_6,6_別顔_胸.webp,180,0,180,180
別顔_服_下着_巨乳拆分_6,6_別顔_胸.webp,360,0,180,180
別顔_服_バニー_巨乳拆分_6,6_別顔_胸.webp,540,0,180,180
別顔_服_セーラー_巨乳拆分_6,6_別顔_胸.webp,720,0,180,180
別顔_服_変T_巨乳拆分_6,6_別顔_胸.webp,900,0,180,180
別顔_裸_巨乳拆分_6,6_別顔_胸.webp,0,180,180,180
別顔_服_夏服_巨乳拆分_6,6_別顔_胸.webp,720,180,180,180
;******************************
;並乳差分
;******************************
別立ち_並乳服_通常_6,6_別立.webp,0,0,180,180
別立ち_並乳服_笑顔_6,6_別立.webp,180,0,180,180
別立ち_並乳服_憤怒_6,6_別立.webp,360,0,180,180
別立ち_並乳服_睡眠_6,6_別立.webp,0,540,180,180
別立ち_並乳裸_通常_6,6_別立_並乳.webp,0,0,180,180
別立ち_並乳裸_笑顔_6,6_別立_並乳.webp,180,0,180,180
別立ち_並乳裸_憤怒_6,6_別立_並乳.webp,360,0,180,180
別立ち_並乳裸_睡眠_6,6_別立_並乳.webp,180,360,180,180
別立ち_並乳服_バニー_通常_6,6_別立_並乳.webp,0,540,180,180
別立ち_並乳服_バニー_笑顔_6,6_別立_並乳.webp,180,540,180,180
別立ち_並乳服_バニー_憤怒_6,6_別立_並乳.webp,360,540,180,180
別立ち_並乳服_セーラー_通常_6,6_別立.webp,0,900,180,180
別立ち_並乳服_セーラー_笑顔_6,6_別立.webp,180,900,180,180
別立ち_並乳服_セーラー_憤怒_6,6_別立.webp,360,900,180,180
別立ち_並乳服_変T_通常_6,6_別立.webp,0,1080,180,180
別立ち_並乳服_変T_笑顔_6,6_別立.webp,180,1080,180,180
別立ち_並乳服_変T_憤怒_6,6_別立.webp,360,1080,180,180
別立ち_並乳服_下着_通常_6,6_別立_並乳.webp,0,180,180,180
別立ち_並乳服_下着_笑顔_6,6_別立_並乳.webp,180,180,180,180
別立ち_並乳服_下着_憤怒_6,6_別立_並乳.webp,360,180,180,180
別立ち_並乳服_ノーブラ下着_通常_6,6_別立_並乳.webp,0,720,180,180
別立ち_並乳服_ノーブラ下着_笑顔_6,6_別立_並乳.webp,180,720,180,180
別立ち_並乳服_ノーブラ下着_憤怒_6,6_別立_並乳.webp,360,720,180,180
別立ち_並乳服_ノーパン下着_通常_6,6_別立_並乳.webp,0,900,180,180
別立ち_並乳服_ノーパン下着_笑顔_6,6_別立_並乳.webp,180,900,180,180
別立ち_並乳服_ノーパン下着_憤怒_6,6_別立_並乳.webp,360,900,180,180
別立ち_並乳服_夏服_通常_6,6_別立.webp,0,1620,180,180
別立ち_並乳服_夏服_笑顔_6,6_別立.webp,180,1620,180,180
別立ち_並乳服_夏服_憤怒_6,6_別立.webp,360,1620,180,180
別立ち_並乳服_夏服_睡眠_6,6_別立.webp,0,540,180,180

別顔_裸_並乳拆分_6,6_別顔_胸.webp,180,180,180,180
別顔_服_下着_並乳拆分_6,6_別顔_胸.webp,360,180,180,180
別顔_服_バニー_並乳拆分_6,6_別顔_胸.webp,540,180,180,180

;------------------------------------------------------------
;7_スター
;------------------------------------------------------------
;服
別立ち_服_通常_7,7_別立.webp,0,0,180,180
別立ち_服_笑顔_7,7_別立.webp,180,0,180,180
別立ち_服_憤怒_7,7_別立.webp,360,0,180,180
別立ち_服_睡眠_7,7_別立.webp,0,540,180,180
;裸
別立ち_裸_通常_7,7_別立.webp,0,180,180,180
別立ち_裸_笑顔_7,7_別立.webp,180,180,180,180
別立ち_裸_憤怒_7,7_別立.webp,360,180,180,180
別立ち_裸_睡眠_7,7_別立.webp,180,540,180,180

;服
別顔_服_通常_7,7_別顔.webp,0,0,180,180
別顔_服_笑顔_7,7_別顔.webp,180,0,180,180
別顔_服_憤怒_7,7_別顔.webp,360,0,180,180
別顔_服_睡眠_7,7_別顔.webp,720,0,180,180
別顔_服_発情_7,7_別顔.webp,900,0,180,180
;裸
別顔_裸_通常_7,7_別顔.webp,0,180,180,180
別顔_裸_笑顔_7,7_別顔.webp,180,180,180,180
別顔_裸_憤怒_7,7_別顔.webp,360,180,180,180
別顔_裸_睡眠_7,7_別顔.webp,720,360,180,180
別顔_裸_自慰_7,7_別顔.webp,720,180,180,180
別顔_裸_発情_7,7_別顔.webp,900,180,180,180
別顔_裸_愛撫_7,7_別顔.webp,0,360,180,180
別顔_裸_性交_7,7_別顔.webp,180,360,180,180

;下着
別立ち_服_下着_通常_7,7_別立.webp,0,360,180,180
別立ち_服_下着_笑顔_7,7_別立.webp,180,360,180,180
別立ち_服_下着_憤怒_7,7_別立.webp,360,360,180,180
別立ち_服_ノーブラ下着_通常_7,7_別立.webp,0,1260,180,180
別立ち_服_ノーブラ下着_笑顔_7,7_別立.webp,180,1260,180,180
別立ち_服_ノーブラ下着_憤怒_7,7_別立.webp,360,1260,180,180
別立ち_服_ノーパン下着_通常_7,7_別立.webp,0,1440,180,180
別立ち_服_ノーパン下着_笑顔_7,7_別立.webp,180,1440,180,180
別立ち_服_ノーパン下着_憤怒_7,7_別立.webp,360,1440,180,180
別顔_服_下着_通常_7,7_別顔_下着.webp,0,0,180,180
別顔_服_下着_笑顔_7,7_別顔_下着.webp,180,0,180,180
別顔_服_下着_憤怒_7,7_別顔_下着.webp,360,0,180,180
別顔_服_下着_自慰_7,7_別顔_下着.webp,720,0,180,180
別顔_服_下着_発情_7,7_別顔_下着.webp,900,0,180,180
別顔_服_下着_愛撫_7,7_別顔_下着.webp,0,180,180,180
別顔_服_下着_性交_7,7_別顔_下着.webp,180,180,180,180

;夏服
別立ち_服_夏服_通常_7,7_別立.webp,0,1620,180,180
別立ち_服_夏服_笑顔_7,7_別立.webp,180,1620,180,180
別立ち_服_夏服_憤怒_7,7_別立.webp,360,1620,180,180
別立ち_服_夏服_睡眠_7,7_別立.webp,0,540,180,180
別顔_服_夏服_通常_7,7_別顔.webp,0,540,180,180
別顔_服_夏服_笑顔_7,7_別顔.webp,180,540,180,180
別顔_服_夏服_憤怒_7,7_別顔.webp,360,540,180,180
別顔_服_夏服_睡眠_7,7_別顔.webp,720,0,180,180
別顔_服_夏服_発情_7,7_別顔.webp,900,540,180,180

;エフェクト
別顔_照れ_7,7_別顔.webp,540,0,180,180
別顔_吐息_7,7_別顔.webp,360,360,180,180
別顔_汗_7,7_別顔.webp,540,180,180,180
別顔_裸汗_7,7_別顔.webp,540,360,180,180

;******************************
;コスプレ
;******************************
;バニー
別立ち_服_バニー_通常_7,7_別立.webp,0,720,180,180
別立ち_服_バニー_笑顔_7,7_別立.webp,180,720,180,180
別立ち_服_バニー_憤怒_7,7_別立.webp,360,720,180,180
別顔_服_バニー_通常_7,7_別顔_コスプレ.webp,0,0,180,180
別顔_服_バニー_笑顔_7,7_別顔_コスプレ.webp,180,0,180,180
別顔_服_バニー_憤怒_7,7_別顔_コスプレ.webp,360,0,180,180
別顔_服_バニー_発情_7,7_別顔_コスプレ.webp,900,0,180,180

;セーラー
別立ち_服_セーラー_通常_7,7_別立.webp,0,900,180,180
別立ち_服_セーラー_笑顔_7,7_別立.webp,180,900,180,180
別立ち_服_セーラー_憤怒_7,7_別立.webp,360,900,180,180
別顔_服_セーラー_通常_7,7_別顔_コスプレ.webp,0,180,180,180
別顔_服_セーラー_笑顔_7,7_別顔_コスプレ.webp,180,180,180,180
別顔_服_セーラー_憤怒_7,7_別顔_コスプレ.webp,360,180,180,180
別顔_服_セーラー_発情_7,7_別顔_コスプレ.webp,900,180,180,180

;変T
別立ち_服_変T_通常_7,7_別立.webp,0,1080,180,180
別立ち_服_変T_笑顔_7,7_別立.webp,180,1080,180,180
別立ち_服_変T_憤怒_7,7_別立.webp,360,1080,180,180
別顔_服_変T_通常_7,7_別顔_コスプレ.webp,0,360,180,180
別顔_服_変T_笑顔_7,7_別顔_コスプレ.webp,180,360,180,180
別顔_服_変T_憤怒_7,7_別顔_コスプレ.webp,360,360,180,180
別顔_服_変T_発情_7,7_別顔_コスプレ.webp,900,360,180,180
;******************************
;巨乳差分
;******************************
別立ち_巨乳服_通常_7,7_別立_巨乳.webp,0,0,180,180
別立ち_巨乳服_笑顔_7,7_別立_巨乳.webp,180,0,180,180
別立ち_巨乳服_憤怒_7,7_別立_巨乳.webp,360,0,180,180
別立ち_巨乳服_睡眠_7,7_別立_巨乳.webp,0,540,180,180
別立ち_巨乳裸_通常_7,7_別立_巨乳.webp,0,180,180,180
別立ち_巨乳裸_笑顔_7,7_別立_巨乳.webp,180,180,180,180
別立ち_巨乳裸_憤怒_7,7_別立_巨乳.webp,360,180,180,180
別立ち_巨乳裸_睡眠_7,7_別立_巨乳.webp,180,540,180,180
別立ち_巨乳服_バニー_通常_7,7_別立_巨乳.webp,0,720,180,180
別立ち_巨乳服_バニー_笑顔_7,7_別立_巨乳.webp,180,720,180,180
別立ち_巨乳服_バニー_憤怒_7,7_別立_巨乳.webp,360,720,180,180
別立ち_巨乳服_セーラー_通常_7,7_別立_巨乳.webp,0,900,180,180
別立ち_巨乳服_セーラー_笑顔_7,7_別立_巨乳.webp,180,900,180,180
別立ち_巨乳服_セーラー_憤怒_7,7_別立_巨乳.webp,360,900,180,180
別立ち_巨乳服_変T_通常_7,7_別立_巨乳.webp,0,1080,180,180
別立ち_巨乳服_変T_笑顔_7,7_別立_巨乳.webp,180,1080,180,180
別立ち_巨乳服_変T_憤怒_7,7_別立_巨乳.webp,360,1080,180,180
別立ち_巨乳服_下着_通常_7,7_別立_巨乳.webp,0,360,180,180
別立ち_巨乳服_下着_笑顔_7,7_別立_巨乳.webp,180,360,180,180
別立ち_巨乳服_下着_憤怒_7,7_別立_巨乳.webp,360,360,180,180
別立ち_巨乳服_ノーブラ下着_通常_7,7_別立_巨乳.webp,0,1260,180,180
別立ち_巨乳服_ノーブラ下着_笑顔_7,7_別立_巨乳.webp,180,1260,180,180
別立ち_巨乳服_ノーブラ下着_憤怒_7,7_別立_巨乳.webp,360,1260,180,180
別立ち_巨乳服_ノーパン下着_通常_7,7_別立_巨乳.webp,0,1440,180,180
別立ち_巨乳服_ノーパン下着_笑顔_7,7_別立_巨乳.webp,180,1440,180,180
別立ち_巨乳服_ノーパン下着_憤怒_7,7_別立_巨乳.webp,360,1440,180,180
別立ち_巨乳服_夏服_通常_7,7_別立_巨乳.webp,0,1620,180,180
別立ち_巨乳服_夏服_笑顔_7,7_別立_巨乳.webp,180,1620,180,180
別立ち_巨乳服_夏服_憤怒_7,7_別立_巨乳.webp,360,1620,180,180
別立ち_巨乳服_夏服_睡眠_7,7_別立_巨乳.webp,0,540,180,180

別顔_服_巨乳拆分_7,7_別顔_胸.webp,0,0,180,180
別顔_服_睡眠_巨乳拆分_7,7_別顔_胸.webp,180,0,180,180
別顔_服_下着_巨乳拆分_7,7_別顔_胸.webp,360,0,180,180
別顔_服_バニー_巨乳拆分_7,7_別顔_胸.webp,540,0,180,180
別顔_服_セーラー_巨乳拆分_7,7_別顔_胸.webp,720,0,180,180
別顔_服_変T_巨乳拆分_7,7_別顔_胸.webp,900,0,180,180
別顔_裸_巨乳拆分_7,7_別顔_胸.webp,0,180,180,180
別顔_服_夏服_巨乳拆分_7,7_別顔_胸.webp,720,180,180,180
;******************************
;並乳差分
;******************************
別立ち_並乳服_通常_7,7_別立.webp,0,0,180,180
別立ち_並乳服_笑顔_7,7_別立.webp,180,0,180,180
別立ち_並乳服_憤怒_7,7_別立.webp,360,0,180,180
別立ち_並乳服_睡眠_7,7_別立.webp,0,540,180,180
別立ち_並乳裸_通常_7,7_別立_並乳.webp,0,0,180,180
別立ち_並乳裸_笑顔_7,7_別立_並乳.webp,180,0,180,180
別立ち_並乳裸_憤怒_7,7_別立_並乳.webp,360,0,180,180
別立ち_並乳裸_睡眠_7,7_別立_並乳.webp,180,360,180,180
別立ち_並乳服_バニー_通常_7,7_別立_並乳.webp,0,540,180,180
別立ち_並乳服_バニー_笑顔_7,7_別立_並乳.webp,180,540,180,180
別立ち_並乳服_バニー_憤怒_7,7_別立_並乳.webp,360,540,180,180
別立ち_並乳服_セーラー_通常_7,7_別立.webp,0,900,180,180
別立ち_並乳服_セーラー_笑顔_7,7_別立.webp,180,900,180,180
別立ち_並乳服_セーラー_憤怒_7,7_別立.webp,360,900,180,180
別立ち_並乳服_変T_通常_7,7_別立.webp,0,1080,180,180
別立ち_並乳服_変T_笑顔_7,7_別立.webp,180,1080,180,180
別立ち_並乳服_変T_憤怒_7,7_別立.webp,360,1080,180,180
別立ち_並乳服_下着_通常_7,7_別立_並乳.webp,0,180,180,180
別立ち_並乳服_下着_笑顔_7,7_別立_並乳.webp,180,180,180,180
別立ち_並乳服_下着_憤怒_7,7_別立_並乳.webp,360,180,180,180
別立ち_並乳服_ノーブラ下着_通常_7,7_別立_並乳.webp,0,720,180,180
別立ち_並乳服_ノーブラ下着_笑顔_7,7_別立_並乳.webp,180,720,180,180
別立ち_並乳服_ノーブラ下着_憤怒_7,7_別立_並乳.webp,360,720,180,180
別立ち_並乳服_ノーパン下着_通常_7,7_別立_並乳.webp,0,900,180,180
別立ち_並乳服_ノーパン下着_笑顔_7,7_別立_並乳.webp,180,900,180,180
別立ち_並乳服_ノーパン下着_憤怒_7,7_別立_並乳.webp,360,900,180,180
別立ち_並乳服_夏服_通常_7,7_別立.webp,0,1620,180,180
別立ち_並乳服_夏服_笑顔_7,7_別立.webp,180,1620,180,180
別立ち_並乳服_夏服_憤怒_7,7_別立.webp,360,1620,180,180
別立ち_並乳服_夏服_睡眠_7,7_別立.webp,0,540,180,180

別顔_裸_並乳拆分_7,7_別顔_胸.webp,180,180,180,180
別顔_服_下着_並乳拆分_7,7_別顔_胸.webp,360,180,180,180
別顔_服_バニー_並乳拆分_7,7_別顔_胸.webp,540,180,180,180

;------------------------------------------------------------
;8_ちゆり
;------------------------------------------------------------
;服
別立ち_服_通常_8,8_別立.webp,0,0,180,180
別立ち_服_笑顔_8,8_別立.webp,180,0,180,180
別立ち_服_憤怒_8,8_別立.webp,360,0,180,180
別立ち_服_睡眠_8,8_別立.webp,0,540,180,180
;裸
別立ち_裸_通常_8,8_別立.webp,0,180,180,180
別立ち_裸_笑顔_8,8_別立.webp,180,180,180,180
別立ち_裸_憤怒_8,8_別立.webp,360,180,180,180
別立ち_裸_睡眠_8,8_別立.webp,180,540,180,180

;服
別顔_服_通常_8,8_別顔.webp,0,0,180,180
別顔_服_笑顔_8,8_別顔.webp,180,0,180,180
別顔_服_憤怒_8,8_別顔.webp,360,0,180,180
別顔_服_睡眠_8,8_別顔.webp,720,0,180,180
別顔_服_発情_8,8_別顔.webp,900,0,180,180
;裸
別顔_裸_通常_8,8_別顔.webp,0,180,180,180
別顔_裸_笑顔_8,8_別顔.webp,180,180,180,180
別顔_裸_憤怒_8,8_別顔.webp,360,180,180,180
別顔_裸_睡眠_8,8_別顔.webp,720,360,180,180
別顔_裸_自慰_8,8_別顔.webp,720,180,180,180
別顔_裸_発情_8,8_別顔.webp,900,180,180,180
別顔_裸_愛撫_8,8_別顔.webp,0,360,180,180
別顔_裸_性交_8,8_別顔.webp,180,360,180,180

;下着
別立ち_服_下着_通常_8,8_別立.webp,0,360,180,180
別立ち_服_下着_笑顔_8,8_別立.webp,180,360,180,180
別立ち_服_下着_憤怒_8,8_別立.webp,360,360,180,180
別立ち_服_ノーブラ下着_通常_8,8_別立.webp,0,1260,180,180
別立ち_服_ノーブラ下着_笑顔_8,8_別立.webp,180,1260,180,180
別立ち_服_ノーブラ下着_憤怒_8,8_別立.webp,360,1260,180,180
別立ち_服_ノーパン下着_通常_8,8_別立.webp,0,1440,180,180
別立ち_服_ノーパン下着_笑顔_8,8_別立.webp,180,1440,180,180
別立ち_服_ノーパン下着_憤怒_8,8_別立.webp,360,1440,180,180
別顔_服_下着_通常_8,8_別顔_下着.webp,0,0,180,180
別顔_服_下着_笑顔_8,8_別顔_下着.webp,180,0,180,180
別顔_服_下着_憤怒_8,8_別顔_下着.webp,360,0,180,180
別顔_服_下着_自慰_8,8_別顔_下着.webp,720,0,180,180
別顔_服_下着_発情_8,8_別顔_下着.webp,900,0,180,180
別顔_服_下着_愛撫_8,8_別顔_下着.webp,0,180,180,180
別顔_服_下着_性交_8,8_別顔_下着.webp,180,180,180,180

;エフェクト
別顔_照れ_8,8_別顔.webp,540,0,180,180
別顔_吐息_8,8_別顔.webp,360,360,180,180
別顔_汗_8,8_別顔.webp,540,180,180,180
別顔_裸汗_8,8_別顔.webp,540,360,180,180

;******************************
;コスプレ
;******************************
;バニー
別立ち_服_バニー_通常_8,8_別立.webp,0,720,180,180
別立ち_服_バニー_笑顔_8,8_別立.webp,180,720,180,180
別立ち_服_バニー_憤怒_8,8_別立.webp,360,720,180,180
別顔_服_バニー_通常_8,8_別顔_コスプレ.webp,0,0,180,180
別顔_服_バニー_笑顔_8,8_別顔_コスプレ.webp,180,0,180,180
別顔_服_バニー_憤怒_8,8_別顔_コスプレ.webp,360,0,180,180
別顔_服_バニー_発情_8,8_別顔_コスプレ.webp,900,0,180,180

;セーラー
別立ち_服_セーラー_通常_8,8_別立.webp,0,900,180,180
別立ち_服_セーラー_笑顔_8,8_別立.webp,180,900,180,180
別立ち_服_セーラー_憤怒_8,8_別立.webp,360,900,180,180
別顔_服_セーラー_通常_8,8_別顔_コスプレ.webp,0,180,180,180
別顔_服_セーラー_笑顔_8,8_別顔_コスプレ.webp,180,180,180,180
別顔_服_セーラー_憤怒_8,8_別顔_コスプレ.webp,360,180,180,180
別顔_服_セーラー_発情_8,8_別顔_コスプレ.webp,900,180,180,180

;変T
別立ち_服_変T_通常_8,8_別立.webp,0,1080,180,180
別立ち_服_変T_笑顔_8,8_別立.webp,180,1080,180,180
別立ち_服_変T_憤怒_8,8_別立.webp,360,1080,180,180
別顔_服_変T_通常_8,8_別顔_コスプレ.webp,0,360,180,180
別顔_服_変T_笑顔_8,8_別顔_コスプレ.webp,180,360,180,180
別顔_服_変T_憤怒_8,8_別顔_コスプレ.webp,360,360,180,180
別顔_服_変T_発情_8,8_別顔_コスプレ.webp,900,360,180,180
;******************************
;巨乳差分
;******************************
別立ち_巨乳服_通常_8,8_別立_巨乳.webp,0,0,180,180
別立ち_巨乳服_笑顔_8,8_別立_巨乳.webp,180,0,180,180
別立ち_巨乳服_憤怒_8,8_別立_巨乳.webp,360,0,180,180
別立ち_巨乳服_睡眠_8,8_別立_巨乳.webp,0,540,180,180
別立ち_巨乳裸_通常_8,8_別立_巨乳.webp,0,180,180,180
別立ち_巨乳裸_笑顔_8,8_別立_巨乳.webp,180,180,180,180
別立ち_巨乳裸_憤怒_8,8_別立_巨乳.webp,360,180,180,180
別立ち_巨乳裸_睡眠_8,8_別立_巨乳.webp,180,540,180,180
別立ち_巨乳服_バニー_通常_8,8_別立_巨乳.webp,0,720,180,180
別立ち_巨乳服_バニー_笑顔_8,8_別立_巨乳.webp,180,720,180,180
別立ち_巨乳服_バニー_憤怒_8,8_別立_巨乳.webp,360,720,180,180
別立ち_巨乳服_セーラー_通常_8,8_別立_巨乳.webp,0,900,180,180
別立ち_巨乳服_セーラー_笑顔_8,8_別立_巨乳.webp,180,900,180,180
別立ち_巨乳服_セーラー_憤怒_8,8_別立_巨乳.webp,360,900,180,180
別立ち_巨乳服_変T_通常_8,8_別立_巨乳.webp,0,1080,180,180
別立ち_巨乳服_変T_笑顔_8,8_別立_巨乳.webp,180,1080,180,180
別立ち_巨乳服_変T_憤怒_8,8_別立_巨乳.webp,360,1080,180,180
別立ち_巨乳服_下着_通常_8,8_別立_巨乳.webp,0,360,180,180
別立ち_巨乳服_下着_笑顔_8,8_別立_巨乳.webp,180,360,180,180
別立ち_巨乳服_下着_憤怒_8,8_別立_巨乳.webp,360,360,180,180
別立ち_巨乳服_ノーブラ下着_通常_8,8_別立_巨乳.webp,0,1260,180,180
別立ち_巨乳服_ノーブラ下着_笑顔_8,8_別立_巨乳.webp,180,1260,180,180
別立ち_巨乳服_ノーブラ下着_憤怒_8,8_別立_巨乳.webp,360,1260,180,180
別立ち_巨乳服_ノーパン下着_通常_8,8_別立_巨乳.webp,0,1440,180,180
別立ち_巨乳服_ノーパン下着_笑顔_8,8_別立_巨乳.webp,180,1440,180,180
別立ち_巨乳服_ノーパン下着_憤怒_8,8_別立_巨乳.webp,360,1440,180,180

別顔_服_巨乳拆分_8,8_別顔_胸.webp,0,0,180,180
別顔_服_睡眠_巨乳拆分_8,8_別顔_胸.webp,180,0,180,180
別顔_服_下着_巨乳拆分_8,8_別顔_胸.webp,360,0,180,180
別顔_服_バニー_巨乳拆分_8,8_別顔_胸.webp,540,0,180,180
別顔_服_セーラー_巨乳拆分_8,8_別顔_胸.webp,720,0,180,180
別顔_服_変T_巨乳拆分_8,8_別顔_胸.webp,900,0,180,180
別顔_裸_巨乳拆分_8,8_別顔_胸.webp,0,180,180,180
;******************************
;並乳差分
;******************************
別立ち_並乳服_通常_8,8_別立.webp,0,0,180,180
別立ち_並乳服_笑顔_8,8_別立.webp,180,0,180,180
別立ち_並乳服_憤怒_8,8_別立.webp,360,0,180,180
別立ち_並乳服_睡眠_8,8_別立.webp,0,540,180,180
別立ち_並乳裸_通常_8,8_別立_並乳.webp,0,0,180,180
別立ち_並乳裸_笑顔_8,8_別立_並乳.webp,180,0,180,180
別立ち_並乳裸_憤怒_8,8_別立_並乳.webp,360,0,180,180
別立ち_並乳裸_睡眠_8,8_別立_並乳.webp,180,360,180,180
別立ち_並乳服_バニー_通常_8,8_別立_並乳.webp,0,360,180,180
別立ち_並乳服_バニー_笑顔_8,8_別立_並乳.webp,180,360,180,180
別立ち_並乳服_バニー_憤怒_8,8_別立_並乳.webp,360,360,180,180
別立ち_並乳服_セーラー_通常_8,8_別立.webp,0,900,180,180
別立ち_並乳服_セーラー_笑顔_8,8_別立.webp,180,900,180,180
別立ち_並乳服_セーラー_憤怒_8,8_別立.webp,360,900,180,180
別立ち_並乳服_変T_通常_8,8_別立.webp,0,1080,180,180
別立ち_並乳服_変T_笑顔_8,8_別立.webp,180,1080,180,180
別立ち_並乳服_変T_憤怒_8,8_別立.webp,360,1080,180,180
別立ち_並乳服_下着_通常_8,8_別立.webp,0,360,180,180
別立ち_並乳服_下着_笑顔_8,8_別立.webp,180,360,180,180
別立ち_並乳服_下着_憤怒_8,8_別立.webp,360,360,180,180
別立ち_並乳服_ノーブラ下着_通常_8,8_別立_並乳.webp,0,540,180,180
別立ち_並乳服_ノーブラ下着_笑顔_8,8_別立_並乳.webp,180,540,180,180
別立ち_並乳服_ノーブラ下着_憤怒_8,8_別立_並乳.webp,360,540,180,180
別立ち_並乳服_ノーパン下着_通常_8,8_別立.webp,0,1440,180,180
別立ち_並乳服_ノーパン下着_笑顔_8,8_別立.webp,180,1440,180,180
別立ち_並乳服_ノーパン下着_憤怒_8,8_別立.webp,360,1440,180,180

別顔_裸_並乳拆分_8,8_別顔_胸.webp,180,180,180,180
別顔_服_下着_並乳拆分_8,8_別顔_胸.webp,360,180,180,180
別顔_服_バニー_並乳拆分_8,8_別顔_胸.webp,540,180,180,180

;------------------------------------------------------------
;10_萃香
;------------------------------------------------------------
;服
別立ち_服_通常_10,10_別立.webp,0,0,180,180
別立ち_服_笑顔_10,10_別立.webp,180,0,180,180
別立ち_服_憤怒_10,10_別立.webp,360,0,180,180
別立ち_服_睡眠_10,10_別立.webp,0,540,180,180
;裸
別立ち_裸_通常_10,10_別立.webp,0,180,180,180
別立ち_裸_笑顔_10,10_別立.webp,180,180,180,180
別立ち_裸_憤怒_10,10_別立.webp,360,180,180,180
別立ち_裸_睡眠_10,10_別立.webp,180,540,180,180

;服
別顔_服_通常_10,10_別顔.webp,0,0,180,180
別顔_服_笑顔_10,10_別顔.webp,180,0,180,180
別顔_服_憤怒_10,10_別顔.webp,360,0,180,180
別顔_服_睡眠_10,10_別顔.webp,720,0,180,180
別顔_服_発情_10,10_別顔.webp,900,0,180,180
;裸
別顔_裸_通常_10,10_別顔.webp,0,180,180,180
別顔_裸_笑顔_10,10_別顔.webp,180,180,180,180
別顔_裸_憤怒_10,10_別顔.webp,360,180,180,180
別顔_裸_睡眠_10,10_別顔.webp,720,360,180,180
別顔_裸_自慰_10,10_別顔.webp,720,180,180,180
別顔_裸_発情_10,10_別顔.webp,900,180,180,180
別顔_裸_愛撫_10,10_別顔.webp,0,360,180,180
別顔_裸_性交_10,10_別顔.webp,180,360,180,180

;下着
別立ち_服_下着_通常_10,10_別立.webp,0,360,180,180
別立ち_服_下着_笑顔_10,10_別立.webp,180,360,180,180
別立ち_服_下着_憤怒_10,10_別立.webp,360,360,180,180
別立ち_服_ノーブラ下着_通常_10,10_別立.webp,0,1260,180,180
別立ち_服_ノーブラ下着_笑顔_10,10_別立.webp,180,1260,180,180
別立ち_服_ノーブラ下着_憤怒_10,10_別立.webp,360,1260,180,180
別立ち_服_ノーパン下着_通常_10,10_別立.webp,0,1440,180,180
別立ち_服_ノーパン下着_笑顔_10,10_別立.webp,180,1440,180,180
別立ち_服_ノーパン下着_憤怒_10,10_別立.webp,360,1440,180,180
別立ち_服_固有下着_通常_10,10_別立.webp,0,1800,180,180
別立ち_服_固有下着_笑顔_10,10_別立.webp,180,1800,180,180
別立ち_服_固有下着_憤怒_10,10_別立.webp,360,1800,180,180
別顔_服_下着_通常_10,10_別顔_下着.webp,0,0,180,180
別顔_服_下着_笑顔_10,10_別顔_下着.webp,180,0,180,180
別顔_服_下着_憤怒_10,10_別顔_下着.webp,360,0,180,180
別顔_服_下着_自慰_10,10_別顔_下着.webp,720,0,180,180
別顔_服_下着_発情_10,10_別顔_下着.webp,900,0,180,180
別顔_服_下着_愛撫_10,10_別顔_下着.webp,0,180,180,180
別顔_服_下着_性交_10,10_別顔_下着.webp,180,180,180,180

;エフェクト
別顔_照れ_10,10_別顔.webp,540,0,180,180
別顔_吐息_10,10_別顔.webp,360,360,180,180
別顔_汗_10,10_別顔.webp,540,180,180,180
別顔_裸汗_10,10_別顔.webp,540,360,180,180
;******************************
;コスプレ
;******************************
;バニー
別立ち_服_バニー_通常_10,10_別立.webp,0,720,180,180
別立ち_服_バニー_笑顔_10,10_別立.webp,180,720,180,180
別立ち_服_バニー_憤怒_10,10_別立.webp,360,720,180,180
別顔_服_バニー_通常_10,10_別顔_コスプレ.webp,0,0,180,180
別顔_服_バニー_笑顔_10,10_別顔_コスプレ.webp,180,0,180,180
別顔_服_バニー_憤怒_10,10_別顔_コスプレ.webp,360,0,180,180
別顔_服_バニー_発情_10,10_別顔_コスプレ.webp,900,0,180,180

;セーラー
別立ち_服_セーラー_通常_10,10_別立.webp,0,900,180,180
別立ち_服_セーラー_笑顔_10,10_別立.webp,180,900,180,180
別立ち_服_セーラー_憤怒_10,10_別立.webp,360,900,180,180
別顔_服_セーラー_通常_10,10_別顔_コスプレ.webp,0,180,180,180
別顔_服_セーラー_笑顔_10,10_別顔_コスプレ.webp,180,180,180,180
別顔_服_セーラー_憤怒_10,10_別顔_コスプレ.webp,360,180,180,180
別顔_服_セーラー_発情_10,10_別顔_コスプレ.webp,900,180,180,180

;変T
別立ち_服_変T_通常_10,10_別立.webp,0,1080,180,180
別立ち_服_変T_笑顔_10,10_別立.webp,180,1080,180,180
別立ち_服_変T_憤怒_10,10_別立.webp,360,1080,180,180
別顔_服_変T_通常_10,10_別顔_コスプレ.webp,0,360,180,180
別顔_服_変T_笑顔_10,10_別顔_コスプレ.webp,180,360,180,180
別顔_服_変T_憤怒_10,10_別顔_コスプレ.webp,360,360,180,180
別顔_服_変T_発情_10,10_別顔_コスプレ.webp,900,360,180,180
;******************************
;巨乳差分
;******************************
別立ち_巨乳服_通常_10,10_別立_巨乳.webp,0,0,180,180
別立ち_巨乳服_笑顔_10,10_別立_巨乳.webp,180,0,180,180
別立ち_巨乳服_憤怒_10,10_別立_巨乳.webp,360,0,180,180
別立ち_巨乳服_睡眠_10,10_別立_巨乳.webp,0,540,180,180
別立ち_巨乳裸_通常_10,10_別立_巨乳.webp,0,180,180,180
別立ち_巨乳裸_笑顔_10,10_別立_巨乳.webp,180,180,180,180
別立ち_巨乳裸_憤怒_10,10_別立_巨乳.webp,360,180,180,180
別立ち_巨乳裸_睡眠_10,10_別立_巨乳.webp,180,540,180,180
別立ち_巨乳服_バニー_通常_10,10_別立_巨乳.webp,0,720,180,180
別立ち_巨乳服_バニー_笑顔_10,10_別立_巨乳.webp,180,720,180,180
別立ち_巨乳服_バニー_憤怒_10,10_別立_巨乳.webp,360,720,180,180
別立ち_巨乳服_セーラー_通常_10,10_別立_巨乳.webp,0,900,180,180
別立ち_巨乳服_セーラー_笑顔_10,10_別立_巨乳.webp,180,900,180,180
別立ち_巨乳服_セーラー_憤怒_10,10_別立_巨乳.webp,360,900,180,180
別立ち_巨乳服_変T_通常_10,10_別立_巨乳.webp,0,1080,180,180
別立ち_巨乳服_変T_笑顔_10,10_別立_巨乳.webp,180,1080,180,180
別立ち_巨乳服_変T_憤怒_10,10_別立_巨乳.webp,360,1080,180,180
別立ち_巨乳服_下着_通常_10,10_別立_巨乳.webp,0,360,180,180
別立ち_巨乳服_下着_笑顔_10,10_別立_巨乳.webp,180,360,180,180
別立ち_巨乳服_下着_憤怒_10,10_別立_巨乳.webp,360,360,180,180
別立ち_巨乳服_ノーブラ下着_通常_10,10_別立_巨乳.webp,0,1260,180,180
別立ち_巨乳服_ノーブラ下着_笑顔_10,10_別立_巨乳.webp,180,1260,180,180
別立ち_巨乳服_ノーブラ下着_憤怒_10,10_別立_巨乳.webp,360,1260,180,180
別立ち_巨乳服_ノーパン下着_通常_10,10_別立_巨乳.webp,0,1440,180,180
別立ち_巨乳服_ノーパン下着_笑顔_10,10_別立_巨乳.webp,180,1440,180,180
別立ち_巨乳服_ノーパン下着_憤怒_10,10_別立_巨乳.webp,360,1440,180,180
別立ち_巨乳服_固有下着_通常_10,10_別立_巨乳.webp,0,1800,180,180
別立ち_巨乳服_固有下着_笑顔_10,10_別立_巨乳.webp,180,1800,180,180
別立ち_巨乳服_固有下着_憤怒_10,10_別立_巨乳.webp,360,1800,180,180

別顔_服_巨乳拆分_10,10_別顔_胸.webp,0,0,180,180
別顔_服_睡眠_巨乳拆分_10,10_別顔_胸.webp,180,0,180,180
別顔_服_下着_巨乳拆分_10,10_別顔_胸.webp,360,0,180,180
別顔_服_バニー_巨乳拆分_10,10_別顔_胸.webp,540,0,180,180
別顔_服_セーラー_巨乳拆分_10,10_別顔_胸.webp,720,0,180,180
別顔_服_変T_巨乳拆分_10,10_別顔_胸.webp,900,0,180,180
別顔_裸_巨乳拆分_10,10_別顔_胸.webp,0,180,180,180
;******************************
;並乳差分
;******************************
別立ち_並乳服_通常_10,10_別立_並乳.webp,0,0,180,180
別立ち_並乳服_笑顔_10,10_別立_並乳.webp,180,0,180,180
別立ち_並乳服_憤怒_10,10_別立_並乳.webp,360,0,180,180
別立ち_並乳服_睡眠_10,10_別立.webp,0,540,180,180
別立ち_並乳裸_通常_10,10_別立_並乳.webp,0,0,180,180
別立ち_並乳裸_笑顔_10,10_別立_並乳.webp,180,0,180,180
別立ち_並乳裸_憤怒_10,10_別立_並乳.webp,360,0,180,180
別立ち_並乳裸_睡眠_10,10_別立_並乳.webp,180,540,180,180
別立ち_並乳服_バニー_通常_10,10_別立_並乳.webp,0,720,180,180
別立ち_並乳服_バニー_笑顔_10,10_別立_並乳.webp,180,720,180,180
別立ち_並乳服_バニー_憤怒_10,10_別立_並乳.webp,360,720,180,180
別立ち_並乳服_セーラー_通常_10,10_別立.webp,0,900,180,180
別立ち_並乳服_セーラー_笑顔_10,10_別立.webp,180,900,180,180
別立ち_並乳服_セーラー_憤怒_10,10_別立.webp,360,900,180,180
別立ち_並乳服_変T_通常_10,10_別立.webp,0,1080,180,180
別立ち_並乳服_変T_笑顔_10,10_別立.webp,180,1080,180,180
別立ち_並乳服_変T_憤怒_10,10_別立.webp,360,1080,180,180
別立ち_並乳服_下着_通常_10,10_別立_並乳.webp,0,360,180,180
別立ち_並乳服_下着_笑顔_10,10_別立_並乳.webp,180,360,180,180
別立ち_並乳服_下着_憤怒_10,10_別立_並乳.webp,360,360,180,180
別立ち_並乳服_ノーブラ下着_通常_10,10_別立_並乳.webp,0,900,180,180
別立ち_並乳服_ノーブラ下着_笑顔_10,10_別立_並乳.webp,180,900,180,180
別立ち_並乳服_ノーブラ下着_憤怒_10,10_別立_並乳.webp,360,900,180,180
別立ち_並乳服_ノーパン下着_通常_10,10_別立_並乳.webp,0,1080,1080,180
別立ち_並乳服_ノーパン下着_笑顔_10,10_別立_並乳.webp,180,1080,1080,180
別立ち_並乳服_ノーパン下着_憤怒_10,10_別立_並乳.webp,360,1080,1080,180
別立ち_並乳服_固有下着_通常_10,10_別立_並乳.webp,0,1260,1080,180
別立ち_並乳服_固有下着_笑顔_10,10_別立_並乳.webp,180,1260,1080,180
別立ち_並乳服_固有下着_憤怒_10,10_別立_並乳.webp,360,1260,1080,180

別顔_服_並乳拆分_10,10_別顔_胸.webp,900,180,180,180
別顔_服_睡眠_並乳拆分_10,10_別顔_胸.webp,180,0,1,1
別顔_服_下着_並乳拆分_10,10_別顔_胸.webp,360,180,180,180
別顔_服_バニー_並乳拆分_10,10_別顔_胸.webp,540,180,180,180
別顔_裸_並乳拆分_10,10_別顔_胸.webp,180,180,180,180
;******************************
;茨歌仙
;******************************
別立ち_服_茨歌仙_通常_10,10_別立.webp,0,1620,180,180
別立ち_服_茨歌仙_笑顔_10,10_別立.webp,180,1620,180,180
別立ち_服_茨歌仙_憤怒_10,10_別立.webp,360,1620,180,180
別顔_服_茨歌仙_通常_10,10_別顔_茨歌仙.webp,0,0,180,180
別顔_服_茨歌仙_笑顔_10,10_別顔_茨歌仙.webp,180,0,180,180
別顔_服_茨歌仙_憤怒_10,10_別顔_茨歌仙.webp,360,0,180,180
別顔_服_茨歌仙_発情_10,10_別顔_茨歌仙.webp,900,0,180,180
;巨乳
別立ち_巨乳服_茨歌仙_通常_10,10_別立_巨乳.webp,0,1620,180,180
別立ち_巨乳服_茨歌仙_笑顔_10,10_別立_巨乳.webp,180,1620,180,180
別立ち_巨乳服_茨歌仙_憤怒_10,10_別立_巨乳.webp,360,1620,180,180
別顔_服_茨歌仙_巨乳拆分_10,10_別顔_胸.webp,720,180,180,180
;茨歌仙エフェクト
別顔_茨歌仙_照れ_10,10_別顔_茨歌仙.webp,540,0,180,180
別顔_茨歌仙_吐息_10,10_別顔_茨歌仙.webp,360,180,180,180
別顔_茨歌仙_汗_10,10_別顔_茨歌仙.webp,540,180,180,180
別顔_茨歌仙_裸汗_10,10_別顔_茨歌仙.webp,720,180,180,180

;------------------------------------------------------------
;11_魔理沙
;------------------------------------------------------------
;服
別立ち_服_通常_11,11_別立.webp,0,0,180,180
別立ち_服_笑顔_11,11_別立.webp,180,0,180,180
別立ち_服_憤怒_11,11_別立.webp,360,0,180,180
別立ち_服_睡眠_11,11_別立.webp,0,540,180,180
;裸
別立ち_裸_通常_11,11_別立.webp,0,180,180,180
別立ち_裸_笑顔_11,11_別立.webp,180,180,180,180
別立ち_裸_憤怒_11,11_別立.webp,360,180,180,180
別立ち_裸_睡眠_11,11_別立.webp,180,540,180,180

;服
別顔_服_通常_11,11_別顔.webp,0,0,180,180
別顔_服_笑顔_11,11_別顔.webp,180,0,180,180
別顔_服_憤怒_11,11_別顔.webp,360,0,180,180
別顔_服_睡眠_11,11_別顔_睡眠.webp,0,0,180,180
別顔_服_発情_11,11_別顔.webp,900,0,180,180
;裸
別顔_裸_通常_11,11_別顔.webp,0,180,180,180
別顔_裸_笑顔_11,11_別顔.webp,180,180,180,180
別顔_裸_憤怒_11,11_別顔.webp,360,180,180,180
別顔_裸_睡眠_11,11_別顔_睡眠.webp,0,180,180,180
別顔_裸_自慰_11,11_別顔.webp,720,180,180,180
別顔_裸_発情_11,11_別顔.webp,900,180,180,180
別顔_裸_愛撫_11,11_別顔.webp,0,360,180,180
別顔_裸_性交_11,11_別顔.webp,180,360,180,180

;下着
別立ち_服_下着_通常_11,11_別立.webp,0,360,180,180
別立ち_服_下着_笑顔_11,11_別立.webp,180,360,180,180
別立ち_服_下着_憤怒_11,11_別立.webp,360,360,180,180
別立ち_服_ノーブラ下着_通常_11,11_別立.webp,0,1260,180,180
別立ち_服_ノーブラ下着_笑顔_11,11_別立.webp,180,1260,180,180
別立ち_服_ノーブラ下着_憤怒_11,11_別立.webp,360,1260,180,180
別立ち_服_ノーパン下着_通常_11,11_別立.webp,0,1440,180,180
別立ち_服_ノーパン下着_笑顔_11,11_別立.webp,180,1440,180,180
別立ち_服_ノーパン下着_憤怒_11,11_別立.webp,360,1440,180,180
別顔_服_下着_通常_11,11_別顔_下着.webp,0,0,180,180
別顔_服_下着_笑顔_11,11_別顔_下着.webp,180,0,180,180
別顔_服_下着_憤怒_11,11_別顔_下着.webp,360,0,180,180
別顔_服_下着_自慰_11,11_別顔_下着.webp,720,0,180,180
別顔_服_下着_発情_11,11_別顔_下着.webp,900,0,180,180
別顔_服_下着_愛撫_11,11_別顔_下着.webp,0,180,180,180
別顔_服_下着_性交_11,11_別顔_下着.webp,180,180,180,180

;エフェクト
別顔_照れ_11,11_別顔.webp,540,0,180,180
別顔_吐息_11,11_別顔.webp,360,360,180,180
別顔_汗_11,11_別顔.webp,540,180,180,180
別顔_裸汗_11,11_別顔.webp,540,360,180,180
別顔_下着照れ_11,11_別顔.webp,540,0,180,180
別顔_下着吐息_11,11_別顔.webp,360,360,180,180
別顔_下着汗_11,11_別顔.webp,540,180,180,180
別顔_下着裸汗_11,11_別顔.webp,540,360,180,180
別顔_睡眠照れ_11,11_別顔_睡眠.webp,540,0,180,180
別顔_睡眠吐息_11,11_別顔_睡眠.webp,900,180,180,180
別顔_睡眠汗_11,11_別顔_睡眠.webp,540,180,180,180
別顔_睡眠裸汗_11,11_別顔_睡眠.webp,720,180,180,180
;******************************
;コスプレ
;******************************
;バニー
別立ち_服_バニー_通常_11,11_別立.webp,0,720,180,180
別立ち_服_バニー_笑顔_11,11_別立.webp,180,720,180,180
別立ち_服_バニー_憤怒_11,11_別立.webp,360,720,180,180
別顔_服_バニー_通常_11,11_別顔_コスプレ.webp,0,0,180,180
別顔_服_バニー_笑顔_11,11_別顔_コスプレ.webp,180,0,180,180
別顔_服_バニー_憤怒_11,11_別顔_コスプレ.webp,360,0,180,180
別顔_服_バニー_発情_11,11_別顔_コスプレ.webp,900,0,180,180
;セーラー
別立ち_服_セーラー_通常_11,11_別立.webp,0,900,180,180
別立ち_服_セーラー_笑顔_11,11_別立.webp,180,900,180,180
別立ち_服_セーラー_憤怒_11,11_別立.webp,360,900,180,180
別顔_服_セーラー_通常_11,11_別顔_コスプレ.webp,0,180,180,180
別顔_服_セーラー_笑顔_11,11_別顔_コスプレ.webp,180,180,180,180
別顔_服_セーラー_憤怒_11,11_別顔_コスプレ.webp,360,180,180,180
別顔_服_セーラー_発情_11,11_別顔_コスプレ.webp,900,180,180,180
;変T
別立ち_服_変T_通常_11,11_別立.webp,0,1080,180,180
別立ち_服_変T_笑顔_11,11_別立.webp,180,1080,180,180
別立ち_服_変T_憤怒_11,11_別立.webp,360,1080,180,180
別顔_服_変T_通常_11,11_別顔_コスプレ.webp,0,360,180,180
別顔_服_変T_笑顔_11,11_別顔_コスプレ.webp,180,360,180,180
別顔_服_変T_憤怒_11,11_別顔_コスプレ.webp,360,360,180,180
別顔_服_変T_発情_11,11_別顔_コスプレ.webp,900,360,180,180

;エフェクト
別顔_バニー照れ_11,11_別顔.webp,540,0,180,180
別顔_バニー吐息_11,11_別顔.webp,360,360,180,180
別顔_バニー汗_11,11_別顔.webp,540,180,180,180
別顔_セーラー照れ_11,11_別顔_冬服.webp,540,0,180,180
別顔_セーラー吐息_11,11_別顔_冬服.webp,360,360,180,180
別顔_セーラー汗_11,11_別顔_冬服.webp,540,180,180,180
別顔_変T照れ_11,11_別顔.webp,540,0,180,180
別顔_変T吐息_11,11_別顔.webp,360,360,180,180
別顔_変T汗_11,11_別顔.webp,540,180,180,180
;******************************
;巨乳差分
;******************************
別立ち_巨乳服_通常_11,11_別立_巨乳.webp,0,0,180,180
別立ち_巨乳服_笑顔_11,11_別立_巨乳.webp,180,0,180,180
別立ち_巨乳服_憤怒_11,11_別立_巨乳.webp,360,0,180,180
別立ち_巨乳服_睡眠_11,11_別立_巨乳.webp,0,540,180,180
別立ち_巨乳裸_通常_11,11_別立_巨乳.webp,0,180,180,180
別立ち_巨乳裸_笑顔_11,11_別立_巨乳.webp,180,180,180,180
別立ち_巨乳裸_憤怒_11,11_別立_巨乳.webp,360,180,180,180
別立ち_巨乳裸_睡眠_11,11_別立_巨乳.webp,180,540,180,180

別立ち_巨乳服_バニー_通常_11,11_別立_巨乳.webp,0,720,180,180
別立ち_巨乳服_バニー_笑顔_11,11_別立_巨乳.webp,180,720,180,180
別立ち_巨乳服_バニー_憤怒_11,11_別立_巨乳.webp,360,720,180,180
別立ち_巨乳服_セーラー_通常_11,11_別立_巨乳.webp,0,900,180,180
別立ち_巨乳服_セーラー_笑顔_11,11_別立_巨乳.webp,180,900,180,180
別立ち_巨乳服_セーラー_憤怒_11,11_別立_巨乳.webp,360,900,180,180
別立ち_巨乳服_変T_通常_11,11_別立_巨乳.webp,0,1080,180,180
別立ち_巨乳服_変T_笑顔_11,11_別立_巨乳.webp,180,1080,180,180
別立ち_巨乳服_変T_憤怒_11,11_別立_巨乳.webp,360,1080,180,180
別立ち_巨乳服_下着_通常_11,11_別立_巨乳.webp,0,360,180,180
別立ち_巨乳服_下着_笑顔_11,11_別立_巨乳.webp,180,360,180,180
別立ち_巨乳服_下着_憤怒_11,11_別立_巨乳.webp,360,360,180,180
別立ち_巨乳服_ノーブラ下着_通常_11,11_別立_巨乳.webp,0,1260,180,180
別立ち_巨乳服_ノーブラ下着_笑顔_11,11_別立_巨乳.webp,180,1260,180,180
別立ち_巨乳服_ノーブラ下着_憤怒_11,11_別立_巨乳.webp,360,1260,180,180
別立ち_巨乳服_ノーパン下着_通常_11,11_別立_巨乳.webp,0,1440,180,180
別立ち_巨乳服_ノーパン下着_笑顔_11,11_別立_巨乳.webp,180,1440,180,180
別立ち_巨乳服_ノーパン下着_憤怒_11,11_別立_巨乳.webp,360,1440,180,180

別顔_巨乳服_睡眠_11,11_別顔_睡眠.webp,360,0,180,180
別顔_巨乳裸_睡眠_11,11_別顔_睡眠.webp,360,180,180,180

別顔_服_巨乳拆分_11,11_別顔_胸.webp,0,0,180,180
別顔_服_下着_巨乳拆分_11,11_別顔_胸.webp,360,0,180,180
別顔_服_バニー_巨乳拆分_11,11_別顔_胸.webp,540,0,180,180
別顔_服_セーラー_巨乳拆分_11,11_別顔_胸.webp,720,0,180,180
別顔_服_変T_巨乳拆分_11,11_別顔_胸.webp,900,0,180,180
別顔_裸_巨乳拆分_11,11_別顔_胸.webp,0,180,180,180
;******************************
;並乳差分
;******************************
別立ち_並乳服_通常_11,11_別立.webp,0,0,180,180
別立ち_並乳服_笑顔_11,11_別立.webp,180,0,180,180
別立ち_並乳服_憤怒_11,11_別立.webp,360,0,180,180
別立ち_並乳服_睡眠_11,11_別立_並乳.webp,0,180,180,180
別立ち_並乳裸_通常_11,11_別立_並乳.webp,0,0,180,180
別立ち_並乳裸_笑顔_11,11_別立_並乳.webp,180,0,180,180
別立ち_並乳裸_憤怒_11,11_別立_並乳.webp,360,0,180,180
別立ち_並乳裸_睡眠_11,11_別立_並乳.webp,180,180,180,180
別立ち_並乳服_バニー_通常_11,11_別立_並乳.webp,0,360,180,180
別立ち_並乳服_バニー_笑顔_11,11_別立_並乳.webp,180,360,180,180
別立ち_並乳服_バニー_憤怒_11,11_別立_並乳.webp,360,360,180,180
別立ち_並乳服_セーラー_通常_11,11_別立.webp,0,900,180,180
別立ち_並乳服_セーラー_笑顔_11,11_別立.webp,180,900,180,180
別立ち_並乳服_セーラー_憤怒_11,11_別立.webp,360,900,180,180
別立ち_並乳服_変T_通常_11,11_別立.webp,0,1080,180,180
別立ち_並乳服_変T_笑顔_11,11_別立.webp,180,1080,180,180
別立ち_並乳服_変T_憤怒_11,11_別立.webp,360,1080,180,180
別立ち_並乳服_下着_通常_11,11_別立.webp,0,360,180,180
別立ち_並乳服_下着_笑顔_11,11_別立.webp,180,360,180,180
別立ち_並乳服_下着_憤怒_11,11_別立.webp,360,360,180,180
別立ち_並乳服_ノーブラ下着_通常_11,11_別立_並乳.webp,0,540,180,180
別立ち_並乳服_ノーブラ下着_笑顔_11,11_別立_並乳.webp,180,540,180,180
別立ち_並乳服_ノーブラ下着_憤怒_11,11_別立_並乳.webp,360,540,180,180
別立ち_並乳服_ノーパン下着_通常_11,11_別立.webp,0,1440,180,180
別立ち_並乳服_ノーパン下着_笑顔_11,11_別立.webp,180,1440,180,180
別立ち_並乳服_ノーパン下着_憤怒_11,11_別立.webp,360,1440,180,180

別顔_並乳服_睡眠_11,11_別顔_睡眠.webp,0,0,180,180
別顔_並乳裸_睡眠_11,11_別顔_睡眠.webp,180,180,180,180

別顔_裸_並乳拆分_11,11_別顔_胸.webp,180,180,180,180
別顔_服_バニー_並乳拆分_11,11_別顔_胸.webp,540,180,180,180
;******************************
;冬服
;******************************
;服
別立ち_服_冬服_通常_11,11_別立.webp,0,1620,180,180
別立ち_服_冬服_笑顔_11,11_別立.webp,180,1620,180,180
別立ち_服_冬服_憤怒_11,11_別立.webp,360,1620,180,180
別立ち_服_冬服_睡眠_11,11_別立.webp,0,540,180,180
;裸
別立ち_裸_冬服_通常_11,11_別立.webp,0,1800,180,180
別立ち_裸_冬服_笑顔_11,11_別立.webp,180,1800,180,180
別立ち_裸_冬服_憤怒_11,11_別立.webp,360,1800,180,180
別立ち_裸_冬服_睡眠_11,11_別立.webp,180,540,180,180
;服
別顔_服_冬服_通常_11,11_別顔_冬服.webp,0,0,180,180
別顔_服_冬服_笑顔_11,11_別顔_冬服.webp,180,0,180,180
別顔_服_冬服_憤怒_11,11_別顔_冬服.webp,360,0,180,180
別顔_服_冬服_睡眠_11,11_別顔_睡眠.webp,0,0,180,180
別顔_服_冬服_発情_11,11_別顔_冬服.webp,900,0,180,180
;裸
別顔_裸_冬服_通常_11,11_別顔_冬服.webp,0,180,180,180
別顔_裸_冬服_笑顔_11,11_別顔_冬服.webp,180,180,180,180
別顔_裸_冬服_憤怒_11,11_別顔_冬服.webp,360,180,180,180
別顔_裸_冬服_睡眠_11,11_別顔_睡眠.webp,180,180,180,180
別顔_裸_冬服_発情_11,11_別顔_冬服.webp,900,180,180,180
別顔_裸_冬服_自慰_11,11_別顔_冬服.webp,720,180,180,180
別顔_裸_冬服_愛撫_11,11_別顔_冬服.webp,0,360,180,180
別顔_裸_冬服_性交_11,11_別顔_冬服.webp,180,360,180,180
;巨乳
別立ち_巨乳服_冬服_通常_11,11_別立_巨乳.webp,0,1620,180,180
別立ち_巨乳服_冬服_笑顔_11,11_別立_巨乳.webp,180,1620,180,180
別立ち_巨乳服_冬服_憤怒_11,11_別立_巨乳.webp,360,1620,180,180
別立ち_巨乳服_冬服_睡眠_11,11_別立_巨乳.webp,0,540,180,180
別立ち_巨乳裸_冬服_通常_11,11_別立_巨乳.webp,0,1800,180,180
別立ち_巨乳裸_冬服_笑顔_11,11_別立_巨乳.webp,180,1800,180,180
別立ち_巨乳裸_冬服_憤怒_11,11_別立_巨乳.webp,360,1800,180,180
別立ち_巨乳裸_冬服_睡眠_11,11_別立_巨乳.webp,180,540,180,180

別顔_服_冬服_巨乳拆分_11,11_別顔_胸.webp,720,180,180,180
別顔_裸_冬服_巨乳拆分_11,11_別顔_胸.webp,900,180,180,180
;並乳
別立ち_並乳服_冬服_通常_11,11_別立.webp,0,1620,180,180
別立ち_並乳服_冬服_笑顔_11,11_別立.webp,180,1620,180,180
別立ち_並乳服_冬服_憤怒_11,11_別立.webp,360,1620,180,180
別立ち_並乳服_冬服_睡眠_11,11_別立.webp,0,180,180,180
別立ち_並乳裸_冬服_通常_11,11_別立_並乳.webp,0,720,180,180
別立ち_並乳裸_冬服_笑顔_11,11_別立_並乳.webp,180,720,180,180
別立ち_並乳裸_冬服_憤怒_11,11_別立_並乳.webp,360,720,180,180
別立ち_並乳裸_冬服_睡眠_11,11_別立_並乳.webp,180,180,180,180

別顔_並乳裸_冬服_睡眠_11,11_別顔_睡眠.webp,180,180,180,180

別顔_裸_冬服_並乳拆分_11,11_別顔_胸.webp,360,180,180,180

;エフェクト
別顔_冬服照れ_11,11_別顔_冬服.webp,540,0,180,180
別顔_冬服吐息_11,11_別顔_冬服.webp,360,360,180,180
別顔_冬服汗_11,11_別顔_冬服.webp,540,180,180,180
別顔_冬服裸汗_11,11_別顔_冬服.webp,540,360,180,180
;******************************
;香霖堂
;******************************
;服
別立ち_服_日替わり_通常_11,11_別立_香霖堂.webp,0,0,180,180
別立ち_服_日替わり_笑顔_11,11_別立_香霖堂.webp,180,0,180,180
別立ち_服_日替わり_憤怒_11,11_別立_香霖堂.webp,360,0,180,180
別立ち_服_日替わり_睡眠_11,11_別立.webp,0,540,180,180
;裸
別立ち_裸_日替わり_通常_11,11_別立_香霖堂.webp,0,180,180,180
別立ち_裸_日替わり_笑顔_11,11_別立_香霖堂.webp,180,180,180,180
別立ち_裸_日替わり_憤怒_11,11_別立_香霖堂.webp,360,180,180,180
別立ち_裸_日替わり_睡眠_11,11_別立.webp,180,540,180,180
;服
別顔_服_日替わり_通常_11,11_別顔_香霖堂.webp,0,0,180,180
別顔_服_日替わり_笑顔_11,11_別顔_香霖堂.webp,180,0,180,180
別顔_服_日替わり_憤怒_11,11_別顔_香霖堂.webp,360,0,180,180
別顔_服_日替わり_睡眠_11,11_別顔_睡眠.webp,0,0,180,180
別顔_服_日替わり_発情_11,11_別顔_香霖堂.webp,900,0,180,180
;裸
別顔_裸_日替わり_通常_11,11_別顔_香霖堂.webp,0,180,180,180
別顔_裸_日替わり_笑顔_11,11_別顔_香霖堂.webp,180,180,180,180
別顔_裸_日替わり_憤怒_11,11_別顔_香霖堂.webp,360,180,180,180
別顔_裸_日替わり_睡眠_11,11_別顔_睡眠.webp,0,180,180,180
別顔_裸_日替わり_自慰_11,11_別顔_香霖堂.webp,720,180,180,180
別顔_裸_日替わり_発情_11,11_別顔_香霖堂.webp,900,180,180,180
別顔_裸_日替わり_愛撫_11,11_別顔_香霖堂.webp,0,360,180,180
別顔_裸_日替わり_性交_11,11_別顔_香霖堂.webp,180,360,180,180
;下着
別立ち_服_日替わり下着_通常_11,11_別立_香霖堂.webp,0,360,180,180
別立ち_服_日替わり下着_笑顔_11,11_別立_香霖堂.webp,180,360,180,180
別立ち_服_日替わり下着_憤怒_11,11_別立_香霖堂.webp,360,360,180,180
別立ち_服_日替わりノーブラ下着_通常_11,11_別立_香霖堂.webp,0,540,180,180
別立ち_服_日替わりノーブラ下着_笑顔_11,11_別立_香霖堂.webp,180,540,180,180
別立ち_服_日替わりノーブラ下着_憤怒_11,11_別立_香霖堂.webp,360,540,180,180
別立ち_服_日替わりノーパン下着_通常_11,11_別立_香霖堂.webp,0,720,180,180
別立ち_服_日替わりノーパン下着_笑顔_11,11_別立_香霖堂.webp,180,720,180,180
別立ち_服_日替わりノーパン下着_憤怒_11,11_別立_香霖堂.webp,360,720,180,180
別顔_服_日替わり下着_通常_11,11_別顔_香霖堂下着.webp,0,0,180,180
別顔_服_日替わり下着_笑顔_11,11_別顔_香霖堂下着.webp,180,0,180,180
別顔_服_日替わり下着_憤怒_11,11_別顔_香霖堂下着.webp,360,0,180,180
別顔_服_日替わり下着_自慰_11,11_別顔_香霖堂下着.webp,720,0,180,180
別顔_服_日替わり下着_発情_11,11_別顔_香霖堂下着.webp,900,0,180,180
別顔_服_日替わり下着_愛撫_11,11_別顔_香霖堂下着.webp,0,180,180,180
別顔_服_日替わり下着_性交_11,11_別顔_香霖堂下着.webp,180,180,180,180
;巨乳
別立ち_巨乳服_日替わり_通常_11,11_別立_香霖堂.webp,0,900,180,180
別立ち_巨乳服_日替わり_笑顔_11,11_別立_香霖堂.webp,180,900,180,180
別立ち_巨乳服_日替わり_憤怒_11,11_別立_香霖堂.webp,360,900,180,180
別立ち_巨乳服_日替わり_睡眠_11,11_別立_巨乳.webp,0,540,180,180
別立ち_巨乳裸_日替わり_通常_11,11_別立_香霖堂.webp,0,1080,180,180
別立ち_巨乳裸_日替わり_笑顔_11,11_別立_香霖堂.webp,180,1080,180,180
別立ち_巨乳裸_日替わり_憤怒_11,11_別立_香霖堂.webp,360,1080,180,180
別立ち_巨乳裸_日替わり_睡眠_11,11_別立_巨乳.webp,180,540,180,180
別立ち_巨乳服_日替わり下着_通常_11,11_別立_香霖堂.webp,0,1260,180,180
別立ち_巨乳服_日替わり下着_笑顔_11,11_別立_香霖堂.webp,180,1260,180,180
別立ち_巨乳服_日替わり下着_憤怒_11,11_別立_香霖堂.webp,360,1260,180,180
別立ち_巨乳服_日替わりノーブラ下着_通常_11,11_別立_香霖堂.webp,0,1440,180,180
別立ち_巨乳服_日替わりノーブラ下着_笑顔_11,11_別立_香霖堂.webp,180,1440,180,180
別立ち_巨乳服_日替わりノーブラ下着_憤怒_11,11_別立_香霖堂.webp,360,1440,180,180
別立ち_巨乳服_日替わりノーパン下着_通常_11,11_別立_香霖堂.webp,0,1620,180,180
別立ち_巨乳服_日替わりノーパン下着_笑顔_11,11_別立_香霖堂.webp,180,1620,180,180
別立ち_巨乳服_日替わりノーパン下着_憤怒_11,11_別立_香霖堂.webp,360,1620,180,180

別顔_服_日替わり_巨乳拆分_11,11_別顔_胸.webp,0,360,180,180
別顔_裸_日替わり_巨乳拆分_11,11_別顔_胸.webp,360,360,180,180
別顔_服_日替わり下着_巨乳拆分_11,11_別顔_胸.webp,720,360,180,180
;並乳
別立ち_並乳服_日替わり_通常_11,11_別立_香霖堂.webp,0,1800,180,180
別立ち_並乳服_日替わり_笑顔_11,11_別立_香霖堂.webp,180,1800,180,180
別立ち_並乳服_日替わり_憤怒_11,11_別立_香霖堂.webp,360,1800,180,180
別立ち_並乳服_日替わり_睡眠_11,11_別立.webp,0,180,180,180
別立ち_並乳裸_日替わり_通常_11,11_別立_香霖堂.webp,0,1980,180,180
別立ち_並乳裸_日替わり_笑顔_11,11_別立_香霖堂.webp,180,1980,180,180
別立ち_並乳裸_日替わり_憤怒_11,11_別立_香霖堂.webp,360,1980,180,180
別立ち_並乳裸_日替わり_睡眠_11,11_別立_並乳.webp,180,180,180,180
別立ち_並乳服_日替わり下着_通常_11,11_別立_香霖堂.webp,0,360,180,180
別立ち_並乳服_日替わり下着_笑顔_11,11_別立_香霖堂.webp,180,360,180,180
別立ち_並乳服_日替わり下着_憤怒_11,11_別立_香霖堂.webp,360,360,180,180
別立ち_並乳服_日替わりノーブラ下着_通常_11,11_別立_香霖堂.webp,0,2160,180,180
別立ち_並乳服_日替わりノーブラ下着_笑顔_11,11_別立_香霖堂.webp,180,2160,180,180
別立ち_並乳服_日替わりノーブラ下着_憤怒_11,11_別立_香霖堂.webp,360,2160,180,180
別立ち_並乳服_日替わりノーパン下着_通常_11,11_別立_香霖堂.webp,0,720,180,180
別立ち_並乳服_日替わりノーパン下着_笑顔_11,11_別立_香霖堂.webp,180,720,180,180
別立ち_並乳服_日替わりノーパン下着_憤怒_11,11_別立_香霖堂.webp,360,720,180,180

別顔_並乳裸_日替わり_睡眠_11,11_別顔_睡眠.webp,180,180,180,180

別顔_服_日替わり_並乳拆分_11,11_別顔_胸.webp,180,360,180,180
別顔_裸_日替わり_並乳拆分_11,11_別顔_胸.webp,540,360,180,180

;エフェクト
別顔_日替わり照れ_11,11_別顔_香霖堂.webp,540,0,180,180
別顔_日替わり吐息_11,11_別顔_香霖堂.webp,360,360,180,180
別顔_日替わり汗_11,11_別顔_香霖堂.webp,540,180,180,180
別顔_日替わり裸汗_11,11_別顔_香霖堂.webp,540,360,180,180
別顔_日替わり下着照れ_11,11_別顔_香霖堂.webp,540,0,180,180
別顔_日替わり下着吐息_11,11_別顔_香霖堂.webp,360,360,180,180
別顔_日替わり下着汗_11,11_別顔_香霖堂.webp,540,180,180,180
別顔_日替わり下着裸汗_11,11_別顔_香霖堂.webp,540,360,180,180

;服
別立ち_服_水着_愛撫_11,11_別顔_水着.webp,0,0,300,300
別立ち_服_水着_性交_11,11_別顔_水着.webp,300,0,300,300
別立ち_服_水着_発情_11,11_別顔_水着.webp,600,0,300,300
別立ち_服_水着_笑顔_11,11_別顔_水着.webp,0,300,300,300
別立ち_服_水着_憤怒_11,11_別顔_水着.webp,300,300,300,300
別立ち_服_水着_通常_11,11_別顔_水着.webp,600,300,300,300

別顔_服_水着_愛撫_11,11_別顔_水着.webp,60,0,180,180
別顔_服_水着_性交_11,11_別顔_水着.webp,360,0,180,180
別顔_服_水着_発情_11,11_別顔_水着.webp,660,0,180,180
別顔_服_水着_笑顔_11,11_別顔_水着.webp,60,300,180,180
別顔_服_水着_憤怒_11,11_別顔_水着.webp,360,300,180,180
別顔_服_水着_通常_11,11_別顔_水着.webp,660,300,180,180
別顔_水着吐息_11,11_別顔.webp,360,360,180,180
;------------------------------------------------------------
;12_ルーミア
;------------------------------------------------------------
;服
別立ち_服_通常_12,12_別立.webp,0,0,180,180
別立ち_服_笑顔_12,12_別立.webp,180,0,180,180
別立ち_服_憤怒_12,12_別立.webp,360,0,180,180
別立ち_服_睡眠_12,12_別立.webp,0,540,180,180
;裸
別立ち_裸_通常_12,12_別立.webp,0,180,180,180
別立ち_裸_笑顔_12,12_別立.webp,180,180,180,180
別立ち_裸_憤怒_12,12_別立.webp,360,180,180,180
別立ち_裸_睡眠_12,12_別立.webp,180,540,180,180
;服
別顔_服_通常_12,12_別顔.webp,0,0,180,180
別顔_服_笑顔_12,12_別顔.webp,180,0,180,180
別顔_服_憤怒_12,12_別顔.webp,360,0,180,180
別顔_服_睡眠_12,12_別顔.webp,720,0,180,180
別顔_服_発情_12,12_別顔.webp,900,0,180,180
;裸
別顔_裸_通常_12,12_別顔.webp,0,180,180,180
別顔_裸_笑顔_12,12_別顔.webp,180,180,180,180
別顔_裸_憤怒_12,12_別顔.webp,360,180,180,180
別顔_裸_睡眠_12,12_別顔.webp,720,360,180,180
別顔_裸_自慰_12,12_別顔.webp,720,180,180,180
別顔_裸_発情_12,12_別顔.webp,900,180,180,180
別顔_裸_愛撫_12,12_別顔.webp,0,360,180,180
別顔_裸_性交_12,12_別顔.webp,180,360,180,180
;下着
別立ち_服_下着_通常_12,12_別立.webp,0,360,180,180
別立ち_服_下着_笑顔_12,12_別立.webp,180,360,180,180
別立ち_服_下着_憤怒_12,12_別立.webp,360,360,180,180
別立ち_服_ノーブラ下着_通常_12,12_別立.webp,0,1260,180,180
別立ち_服_ノーブラ下着_笑顔_12,12_別立.webp,180,1260,180,180
別立ち_服_ノーブラ下着_憤怒_12,12_別立.webp,360,1260,180,180
別立ち_服_ノーパン下着_通常_12,12_別立.webp,0,1440,180,180
別立ち_服_ノーパン下着_笑顔_12,12_別立.webp,180,1440,180,180
別立ち_服_ノーパン下着_憤怒_12,12_別立.webp,360,1440,180,180
別顔_服_下着_通常_12,12_別顔_下着.webp,0,0,180,180
別顔_服_下着_笑顔_12,12_別顔_下着.webp,180,0,180,180
別顔_服_下着_憤怒_12,12_別顔_下着.webp,360,0,180,180
別顔_服_下着_自慰_12,12_別顔_下着.webp,720,0,180,180
別顔_服_下着_発情_12,12_別顔_下着.webp,900,0,180,180
別顔_服_下着_愛撫_12,12_別顔_下着.webp,0,180,180,180
別顔_服_下着_性交_12,12_別顔_下着.webp,180,180,180,180

;エフェクト
別顔_照れ_12,12_別顔.webp,540,0,180,180
別顔_吐息_12,12_別顔.webp,360,360,180,180
別顔_汗_12,12_別顔.webp,540,180,180,180
別顔_裸汗_12,12_別顔.webp,540,360,180,180
;******************************
;コスプレ
;******************************
;バニー
別立ち_服_バニー_通常_12,12_別立.webp,0,720,180,180
別立ち_服_バニー_笑顔_12,12_別立.webp,180,720,180,180
別立ち_服_バニー_憤怒_12,12_別立.webp,360,720,180,180
別顔_服_バニー_通常_12,12_別顔_コスプレ.webp,0,0,180,180
別顔_服_バニー_笑顔_12,12_別顔_コスプレ.webp,180,0,180,180
別顔_服_バニー_憤怒_12,12_別顔_コスプレ.webp,360,0,180,180
別顔_服_バニー_発情_12,12_別顔_コスプレ.webp,900,0,180,180
;セーラー
別立ち_服_セーラー_通常_12,12_別立.webp,0,900,180,180
別立ち_服_セーラー_笑顔_12,12_別立.webp,180,900,180,180
別立ち_服_セーラー_憤怒_12,12_別立.webp,360,900,180,180
別顔_服_セーラー_通常_12,12_別顔_コスプレ.webp,0,180,180,180
別顔_服_セーラー_笑顔_12,12_別顔_コスプレ.webp,180,180,180,180
別顔_服_セーラー_憤怒_12,12_別顔_コスプレ.webp,360,180,180,180
別顔_服_セーラー_発情_12,12_別顔_コスプレ.webp,900,180,180,180
;変T
別立ち_服_変T_通常_12,12_別立.webp,0,1080,180,180
別立ち_服_変T_笑顔_12,12_別立.webp,180,1080,180,180
別立ち_服_変T_憤怒_12,12_別立.webp,360,1080,180,180
別顔_服_変T_通常_12,12_別顔_コスプレ.webp,0,360,180,180
別顔_服_変T_笑顔_12,12_別顔_コスプレ.webp,180,360,180,180
別顔_服_変T_憤怒_12,12_別顔_コスプレ.webp,360,360,180,180
別顔_服_変T_発情_12,12_別顔_コスプレ.webp,900,360,180,180
;******************************
;巨乳差分
;******************************
別立ち_巨乳服_通常_12,12_別立_巨乳.webp,0,0,180,180
別立ち_巨乳服_笑顔_12,12_別立_巨乳.webp,180,0,180,180
別立ち_巨乳服_憤怒_12,12_別立_巨乳.webp,360,0,180,180
別立ち_巨乳服_睡眠_12,12_別立_巨乳.webp,0,540,180,180
別立ち_巨乳裸_通常_12,12_別立_巨乳.webp,0,180,180,180
別立ち_巨乳裸_笑顔_12,12_別立_巨乳.webp,180,180,180,180
別立ち_巨乳裸_憤怒_12,12_別立_巨乳.webp,360,180,180,180
別立ち_巨乳裸_睡眠_12,12_別立_巨乳.webp,180,540,180,180
別立ち_巨乳服_バニー_通常_12,12_別立_巨乳.webp,0,720,180,180
別立ち_巨乳服_バニー_笑顔_12,12_別立_巨乳.webp,180,720,180,180
別立ち_巨乳服_バニー_憤怒_12,12_別立_巨乳.webp,360,720,180,180
別立ち_巨乳服_セーラー_通常_12,12_別立_巨乳.webp,0,900,180,180
別立ち_巨乳服_セーラー_笑顔_12,12_別立_巨乳.webp,180,900,180,180
別立ち_巨乳服_セーラー_憤怒_12,12_別立_巨乳.webp,360,900,180,180
別立ち_巨乳服_変T_通常_12,12_別立_巨乳.webp,0,1080,180,180
別立ち_巨乳服_変T_笑顔_12,12_別立_巨乳.webp,180,1080,180,180
別立ち_巨乳服_変T_憤怒_12,12_別立_巨乳.webp,360,1080,180,180
別立ち_巨乳服_下着_通常_12,12_別立_巨乳.webp,0,360,180,180
別立ち_巨乳服_下着_笑顔_12,12_別立_巨乳.webp,180,360,180,180
別立ち_巨乳服_下着_憤怒_12,12_別立_巨乳.webp,360,360,180,180
別立ち_巨乳服_ノーブラ下着_通常_12,12_別立_巨乳.webp,0,1260,180,180
別立ち_巨乳服_ノーブラ下着_笑顔_12,12_別立_巨乳.webp,180,1260,180,180
別立ち_巨乳服_ノーブラ下着_憤怒_12,12_別立_巨乳.webp,360,1260,180,180
別立ち_巨乳服_ノーパン下着_通常_12,12_別立_巨乳.webp,0,1440,180,180
別立ち_巨乳服_ノーパン下着_笑顔_12,12_別立_巨乳.webp,180,1440,180,180
別立ち_巨乳服_ノーパン下着_憤怒_12,12_別立_巨乳.webp,360,1440,180,180

別顔_服_巨乳拆分_12,12_別顔_胸.webp,0,0,180,180
別顔_服_睡眠_巨乳拆分_12,12_別顔_胸.webp,180,0,180,180
別顔_服_下着_巨乳拆分_12,12_別顔_胸.webp,360,0,180,180
別顔_服_バニー_巨乳拆分_12,12_別顔_胸.webp,540,0,180,180
別顔_服_セーラー_巨乳拆分_12,12_別顔_胸.webp,720,0,180,180
別顔_服_変T_巨乳拆分_12,12_別顔_胸.webp,900,0,180,180
別顔_裸_巨乳拆分_12,12_別顔_胸.webp,0,180,180,180
;******************************
;並乳差分
;******************************
別立ち_並乳服_通常_12,12_別立.webp,0,0,180,180
別立ち_並乳服_笑顔_12,12_別立.webp,180,0,180,180
別立ち_並乳服_憤怒_12,12_別立.webp,360,0,180,180
別立ち_並乳服_睡眠_12,12_別立.webp,0,540,180,180
別立ち_並乳裸_通常_12,12_別立_並乳.webp,0,0,180,180
別立ち_並乳裸_笑顔_12,12_別立_並乳.webp,180,0,180,180
別立ち_並乳裸_憤怒_12,12_別立_並乳.webp,360,0,180,180
別立ち_並乳裸_睡眠_12,12_別立_並乳.webp,180,360,180,180
別立ち_並乳服_バニー_通常_12,12_別立_並乳.webp,0,540,180,180
別立ち_並乳服_バニー_笑顔_12,12_別立_並乳.webp,180,540,180,180
別立ち_並乳服_バニー_憤怒_12,12_別立_並乳.webp,360,540,180,180
別立ち_並乳服_セーラー_通常_12,12_別立.webp,0,900,180,180
別立ち_並乳服_セーラー_笑顔_12,12_別立.webp,180,900,180,180
別立ち_並乳服_セーラー_憤怒_12,12_別立.webp,360,900,180,180
別立ち_並乳服_変T_通常_12,12_別立.webp,0,1080,180,180
別立ち_並乳服_変T_笑顔_12,12_別立.webp,180,1080,180,180
別立ち_並乳服_変T_憤怒_12,12_別立.webp,360,1080,180,180
別立ち_並乳服_下着_通常_12,12_別立_並乳.webp,0,180,180,180
別立ち_並乳服_下着_笑顔_12,12_別立_並乳.webp,180,180,180,180
別立ち_並乳服_下着_憤怒_12,12_別立_並乳.webp,360,180,180,180
別立ち_並乳服_ノーブラ下着_通常_12,12_別立_並乳.webp,0,720,180,180
別立ち_並乳服_ノーブラ下着_笑顔_12,12_別立_並乳.webp,180,720,180,180
別立ち_並乳服_ノーブラ下着_憤怒_12,12_別立_並乳.webp,360,720,180,180
別立ち_並乳服_ノーパン下着_通常_12,12_別立_並乳.webp,0,900,180,180
別立ち_並乳服_ノーパン下着_笑顔_12,12_別立_並乳.webp,180,900,180,180
別立ち_並乳服_ノーパン下着_憤怒_12,12_別立_並乳.webp,360,900,180,180

別顔_裸_並乳拆分_12,12_別顔_胸.webp,180,180,180,180
別顔_服_下着_並乳拆分_12,12_別顔_胸.webp,360,180,180,180
別顔_服_バニー_並乳拆分_12,12_別顔_胸.webp,540,180,180,180

;------------------------------------------------------------
;14_チルノ
;------------------------------------------------------------
;服
別立ち_服_通常_14,14_別立.webp,0,0,180,180
別立ち_服_笑顔_14,14_別立.webp,180,0,180,180
別立ち_服_憤怒_14,14_別立.webp,360,0,180,180
別立ち_服_睡眠_14,14_別立.webp,0,540,180,180
;裸
別立ち_裸_通常_14,14_別立.webp,0,180,180,180
別立ち_裸_笑顔_14,14_別立.webp,180,180,180,180
別立ち_裸_憤怒_14,14_別立.webp,360,180,180,180
別立ち_裸_睡眠_14,14_別立.webp,180,540,180,180
;服
別顔_服_通常_14,14_別顔.webp,0,0,180,180
別顔_服_笑顔_14,14_別顔.webp,180,0,180,180
別顔_服_憤怒_14,14_別顔.webp,360,0,180,180
別顔_服_睡眠_14,14_別顔.webp,720,0,180,180
別顔_服_発情_14,14_別顔.webp,900,0,180,180
;裸
別顔_裸_通常_14,14_別顔.webp,0,180,180,180
別顔_裸_笑顔_14,14_別顔.webp,180,180,180,180
別顔_裸_憤怒_14,14_別顔.webp,360,180,180,180
別顔_裸_睡眠_14,14_別顔.webp,720,360,180,180
別顔_裸_自慰_14,14_別顔.webp,720,180,180,180
別顔_裸_発情_14,14_別顔.webp,900,180,180,180
別顔_裸_愛撫_14,14_別顔.webp,0,360,180,180
別顔_裸_性交_14,14_別顔.webp,180,360,180,180
;下着
別立ち_服_下着_通常_14,14_別立.webp,0,360,180,180
別立ち_服_下着_笑顔_14,14_別立.webp,180,360,180,180
別立ち_服_下着_憤怒_14,14_別立.webp,360,360,180,180
別立ち_服_ノーブラ下着_通常_14,14_別立.webp,0,1260,180,180
別立ち_服_ノーブラ下着_笑顔_14,14_別立.webp,180,1260,180,180
別立ち_服_ノーブラ下着_憤怒_14,14_別立.webp,360,1260,180,180
別立ち_服_ノーパン下着_通常_14,14_別立.webp,0,1440,180,180
別立ち_服_ノーパン下着_笑顔_14,14_別立.webp,180,1440,180,180
別立ち_服_ノーパン下着_憤怒_14,14_別立.webp,360,1440,180,180
別顔_服_下着_通常_14,14_別顔_下着.webp,0,0,180,180
別顔_服_下着_笑顔_14,14_別顔_下着.webp,180,0,180,180
別顔_服_下着_憤怒_14,14_別顔_下着.webp,360,0,180,180
別顔_服_下着_発情_14,14_別顔_下着.webp,900,0,180,180
別顔_服_下着_愛撫_14,14_別顔_下着.webp,0,180,180,180
別顔_服_下着_性交_14,14_別顔_下着.webp,180,180,180,180

;エフェクト
別顔_照れ_14,14_別顔.webp,540,0,180,180
別顔_吐息_14,14_別顔.webp,360,360,180,180
別顔_汗_14,14_別顔.webp,540,180,180,180
別顔_裸汗_14,14_別顔.webp,540,360,180,180
;******************************
;コスプレ
;******************************
;バニー
別立ち_服_バニー_通常_14,14_別立.webp,0,720,180,180
別立ち_服_バニー_笑顔_14,14_別立.webp,180,720,180,180
別立ち_服_バニー_憤怒_14,14_別立.webp,360,720,180,180
別顔_服_バニー_通常_14,14_別顔_コスプレ.webp,0,0,180,180
別顔_服_バニー_笑顔_14,14_別顔_コスプレ.webp,180,0,180,180
別顔_服_バニー_憤怒_14,14_別顔_コスプレ.webp,360,0,180,180
別顔_服_バニー_発情_14,14_別顔_コスプレ.webp,900,0,180,180
;セーラー
別立ち_服_セーラー_通常_14,14_別立.webp,0,900,180,180
別立ち_服_セーラー_笑顔_14,14_別立.webp,180,900,180,180
別立ち_服_セーラー_憤怒_14,14_別立.webp,360,900,180,180
別顔_服_セーラー_通常_14,14_別顔_コスプレ.webp,0,180,180,180
別顔_服_セーラー_笑顔_14,14_別顔_コスプレ.webp,180,180,180,180
別顔_服_セーラー_憤怒_14,14_別顔_コスプレ.webp,360,180,180,180
別顔_服_セーラー_発情_14,14_別顔_コスプレ.webp,900,180,180,180
;変T
別立ち_服_変T_通常_14,14_別立.webp,0,1080,180,180
別立ち_服_変T_笑顔_14,14_別立.webp,180,1080,180,180
別立ち_服_変T_憤怒_14,14_別立.webp,360,1080,180,180
別顔_服_変T_通常_14,14_別顔_コスプレ.webp,0,360,180,180
別顔_服_変T_笑顔_14,14_別顔_コスプレ.webp,180,360,180,180
別顔_服_変T_憤怒_14,14_別顔_コスプレ.webp,360,360,180,180
別顔_服_変T_発情_14,14_別顔_コスプレ.webp,900,360,180,180
;******************************
;巨乳差分
;******************************
別立ち_巨乳服_通常_14,14_別立_巨乳.webp,0,0,180,180
別立ち_巨乳服_笑顔_14,14_別立_巨乳.webp,180,0,180,180
別立ち_巨乳服_憤怒_14,14_別立_巨乳.webp,360,0,180,180
別立ち_巨乳服_睡眠_14,14_別立_巨乳.webp,0,540,180,180
別立ち_巨乳裸_通常_14,14_別立_巨乳.webp,0,180,180,180
別立ち_巨乳裸_笑顔_14,14_別立_巨乳.webp,180,180,180,180
別立ち_巨乳裸_憤怒_14,14_別立_巨乳.webp,360,180,180,180
別立ち_巨乳裸_睡眠_14,14_別立_巨乳.webp,180,540,180,180
別立ち_巨乳服_バニー_通常_14,14_別立_巨乳.webp,0,720,180,180
別立ち_巨乳服_バニー_笑顔_14,14_別立_巨乳.webp,180,720,180,180
別立ち_巨乳服_バニー_憤怒_14,14_別立_巨乳.webp,360,720,180,180
別立ち_巨乳服_セーラー_通常_14,14_別立_巨乳.webp,0,900,180,180
別立ち_巨乳服_セーラー_笑顔_14,14_別立_巨乳.webp,180,900,180,180
別立ち_巨乳服_セーラー_憤怒_14,14_別立_巨乳.webp,360,900,180,180
別立ち_巨乳服_変T_通常_14,14_別立_巨乳.webp,0,1080,180,180
別立ち_巨乳服_変T_笑顔_14,14_別立_巨乳.webp,180,1080,180,180
別立ち_巨乳服_変T_憤怒_14,14_別立_巨乳.webp,360,1080,180,180
別立ち_巨乳服_下着_通常_14,14_別立_巨乳.webp,0,360,180,180
別立ち_巨乳服_下着_笑顔_14,14_別立_巨乳.webp,180,360,180,180
別立ち_巨乳服_下着_憤怒_14,14_別立_巨乳.webp,360,360,180,180
別立ち_巨乳服_ノーブラ下着_通常_14,14_別立_巨乳.webp,0,1260,180,180
別立ち_巨乳服_ノーブラ下着_笑顔_14,14_別立_巨乳.webp,180,1260,180,180
別立ち_巨乳服_ノーブラ下着_憤怒_14,14_別立_巨乳.webp,360,1260,180,180
別立ち_巨乳服_ノーパン下着_通常_14,14_別立_巨乳.webp,0,1440,180,180
別立ち_巨乳服_ノーパン下着_笑顔_14,14_別立_巨乳.webp,180,1440,180,180
別立ち_巨乳服_ノーパン下着_憤怒_14,14_別立_巨乳.webp,360,1440,180,180

別顔_服_巨乳拆分_14,14_別顔_胸.webp,0,0,180,180
別顔_服_睡眠_巨乳拆分_14,14_別顔_胸.webp,180,0,180,180
別顔_服_下着_巨乳拆分_14,14_別顔_胸.webp,360,0,180,180
別顔_服_バニー_巨乳拆分_14,14_別顔_胸.webp,540,0,180,180
別顔_服_セーラー_巨乳拆分_14,14_別顔_胸.webp,720,0,180,180
別顔_服_変T_巨乳拆分_14,14_別顔_胸.webp,900,0,180,180
別顔_裸_巨乳拆分_14,14_別顔_胸.webp,0,180,180,180
;******************************
;並乳差分
;******************************
別立ち_並乳服_通常_14,14_別立.webp,0,0,180,180
別立ち_並乳服_笑顔_14,14_別立.webp,180,0,180,180
別立ち_並乳服_憤怒_14,14_別立.webp,360,0,180,180
別立ち_並乳服_睡眠_14,14_別立.webp,0,540,180,180
別立ち_並乳裸_通常_14,14_別立_並乳.webp,0,0,180,180
別立ち_並乳裸_笑顔_14,14_別立_並乳.webp,180,0,180,180
別立ち_並乳裸_憤怒_14,14_別立_並乳.webp,360,0,180,180
別立ち_並乳裸_睡眠_14,14_別立_並乳.webp,180,360,180,180
別立ち_並乳服_バニー_通常_14,14_別立_並乳.webp,0,540,180,180
別立ち_並乳服_バニー_笑顔_14,14_別立_並乳.webp,180,540,180,180
別立ち_並乳服_バニー_憤怒_14,14_別立_並乳.webp,360,540,180,180
別立ち_並乳服_セーラー_通常_14,14_別立.webp,0,900,180,180
別立ち_並乳服_セーラー_笑顔_14,14_別立.webp,180,900,180,180
別立ち_並乳服_セーラー_憤怒_14,14_別立.webp,360,900,180,180
別立ち_並乳服_変T_通常_14,14_別立.webp,0,1080,180,180
別立ち_並乳服_変T_笑顔_14,14_別立.webp,180,1080,180,180
別立ち_並乳服_変T_憤怒_14,14_別立.webp,360,1080,180,180
別立ち_並乳服_下着_通常_14,14_別立_並乳.webp,0,180,180,180
別立ち_並乳服_下着_笑顔_14,14_別立_並乳.webp,180,180,180,180
別立ち_並乳服_下着_憤怒_14,14_別立_並乳.webp,360,180,180,180
別立ち_並乳服_ノーブラ下着_通常_14,14_別立_並乳.webp,0,720,180,180
別立ち_並乳服_ノーブラ下着_笑顔_14,14_別立_並乳.webp,180,720,180,180
別立ち_並乳服_ノーブラ下着_憤怒_14,14_別立_並乳.webp,360,720,180,180
別立ち_並乳服_ノーパン下着_通常_14,14_別立_並乳.webp,0,900,180,180
別立ち_並乳服_ノーパン下着_笑顔_14,14_別立_並乳.webp,180,900,180,180
別立ち_並乳服_ノーパン下着_憤怒_14,14_別立_並乳.webp,360,900,180,180

別顔_裸_並乳拆分_14,14_別顔_胸.webp,180,180,180,180
別顔_服_下着_並乳拆分_14,14_別顔_胸.webp,360,180,180,180
別顔_服_バニー_並乳拆分_14,14_別顔_胸.webp,540,180,180,180
;------------------------------------------------------------
;日焼けチルノ
;------------------------------------------------------------
;服
別立ち_服_通常_14_夏服,14_別立_日焼け.webp,0,0,180,180
別立ち_服_笑顔_14_夏服,14_別立_日焼け.webp,180,0,180,180
別立ち_服_憤怒_14_夏服,14_別立_日焼け.webp,360,0,180,180
別立ち_服_睡眠_14_夏服,14_別立_日焼け.webp,0,540,180,180
;裸
別立ち_裸_通常_14_夏服,14_別立_日焼け.webp,0,180,180,180
別立ち_裸_笑顔_14_夏服,14_別立_日焼け.webp,180,180,180,180
別立ち_裸_憤怒_14_夏服,14_別立_日焼け.webp,360,180,180,180
別立ち_裸_睡眠_14_夏服,14_別立_日焼け.webp,180,540,180,180
;服
別顔_服_通常_14_夏服,14_別顔_日焼け.webp,0,0,180,180
別顔_服_笑顔_14_夏服,14_別顔_日焼け.webp,180,0,180,180
別顔_服_憤怒_14_夏服,14_別顔_日焼け.webp,360,0,180,180
別顔_服_睡眠_14_夏服,14_別顔_日焼け.webp,720,0,180,180
別顔_服_発情_14_夏服,14_別顔_日焼け.webp,900,0,180,180
;裸
別顔_裸_通常_14_夏服,14_別顔_日焼け.webp,0,180,180,180
別顔_裸_笑顔_14_夏服,14_別顔_日焼け.webp,180,180,180,180
別顔_裸_憤怒_14_夏服,14_別顔_日焼け.webp,360,180,180,180
別顔_裸_睡眠_14_夏服,14_別顔_日焼け.webp,720,360,180,180
別顔_裸_自慰_14_夏服,14_別顔_日焼け.webp,720,180,180,180
別顔_裸_発情_14_夏服,14_別顔_日焼け.webp,900,180,180,180
別顔_裸_愛撫_14_夏服,14_別顔_日焼け.webp,0,360,180,180
別顔_裸_性交_14_夏服,14_別顔_日焼け.webp,180,360,180,180
;下着
別立ち_服_下着_通常_14_夏服,14_別立_日焼け.webp,0,360,180,180
別立ち_服_下着_笑顔_14_夏服,14_別立_日焼け.webp,180,360,180,180
別立ち_服_下着_憤怒_14_夏服,14_別立_日焼け.webp,360,360,180,180
別立ち_服_ノーブラ下着_通常_14_夏服,14_別立_日焼け.webp,0,1260,180,180
別立ち_服_ノーブラ下着_笑顔_14_夏服,14_別立_日焼け.webp,180,1260,180,180
別立ち_服_ノーブラ下着_憤怒_14_夏服,14_別立_日焼け.webp,360,1260,180,180
別立ち_服_ノーパン下着_通常_14_夏服,14_別立_日焼け.webp,0,1440,180,180
別立ち_服_ノーパン下着_笑顔_14_夏服,14_別立_日焼け.webp,180,1440,180,180
別立ち_服_ノーパン下着_憤怒_14_夏服,14_別立_日焼け.webp,360,1440,180,180
別顔_服_下着_通常_14_夏服,14_別顔_下着_日焼け.webp,0,0,180,180
別顔_服_下着_笑顔_14_夏服,14_別顔_下着_日焼け.webp,180,0,180,180
別顔_服_下着_憤怒_14_夏服,14_別顔_下着_日焼け.webp,360,0,180,180
別顔_服_下着_発情_14_夏服,14_別顔_下着_日焼け.webp,900,0,180,180
別顔_服_下着_愛撫_14_夏服,14_別顔_下着_日焼け.webp,0,180,180,180
別顔_服_下着_性交_14_夏服,14_別顔_下着_日焼け.webp,180,180,180,180

;エフェクト
別顔_照れ_14_夏服,14_別顔_日焼け.webp,540,0,180,180
別顔_吐息_14_夏服,14_別顔_日焼け.webp,360,360,180,180
別顔_汗_14_夏服,14_別顔_日焼け.webp,540,180,180,180
別顔_裸汗_14_夏服,14_別顔_日焼け.webp,540,360,180,180
;******************************
;コスプレ
;******************************
;バニー
別立ち_服_バニー_通常_14_夏服,14_別立_日焼け.webp,0,720,180,180
別立ち_服_バニー_笑顔_14_夏服,14_別立_日焼け.webp,180,720,180,180
別立ち_服_バニー_憤怒_14_夏服,14_別立_日焼け.webp,360,720,180,180
別顔_服_バニー_通常_14_夏服,14_別顔_コスプレ_日焼け.webp,0,0,180,180
別顔_服_バニー_笑顔_14_夏服,14_別顔_コスプレ_日焼け.webp,180,0,180,180
別顔_服_バニー_憤怒_14_夏服,14_別顔_コスプレ_日焼け.webp,360,0,180,180
別顔_服_バニー_発情_14_夏服,14_別顔_コスプレ_日焼け.webp,900,0,180,180
;セーラー
別立ち_服_セーラー_通常_14_夏服,14_別立_日焼け.webp,0,900,180,180
別立ち_服_セーラー_笑顔_14_夏服,14_別立_日焼け.webp,180,900,180,180
別立ち_服_セーラー_憤怒_14_夏服,14_別立_日焼け.webp,360,900,180,180
別顔_服_セーラー_通常_14_夏服,14_別顔_コスプレ_日焼け.webp,0,180,180,180
別顔_服_セーラー_笑顔_14_夏服,14_別顔_コスプレ_日焼け.webp,180,180,180,180
別顔_服_セーラー_憤怒_14_夏服,14_別顔_コスプレ_日焼け.webp,360,180,180,180
別顔_服_セーラー_発情_14_夏服,14_別顔_コスプレ_日焼け.webp,900,180,180,180
;変T
別立ち_服_変T_通常_14_夏服,14_別立_日焼け.webp,0,1080,180,180
別立ち_服_変T_笑顔_14_夏服,14_別立_日焼け.webp,180,1080,180,180
別立ち_服_変T_憤怒_14_夏服,14_別立_日焼け.webp,360,1080,180,180
別顔_服_変T_通常_14_夏服,14_別顔_コスプレ_日焼け.webp,0,360,180,180
別顔_服_変T_笑顔_14_夏服,14_別顔_コスプレ_日焼け.webp,180,360,180,180
別顔_服_変T_憤怒_14_夏服,14_別顔_コスプレ_日焼け.webp,360,360,180,180
別顔_服_変T_発情_14_夏服,14_別顔_コスプレ_日焼け.webp,900,360,180,180
;******************************
;巨乳差分
;******************************
別立ち_巨乳服_通常_14_夏服,14_別立_巨乳_日焼け.webp,0,0,180,180
別立ち_巨乳服_笑顔_14_夏服,14_別立_巨乳_日焼け.webp,180,0,180,180
別立ち_巨乳服_憤怒_14_夏服,14_別立_巨乳_日焼け.webp,360,0,180,180
別立ち_巨乳服_睡眠_14_夏服,14_別立_巨乳_日焼け.webp,0,540,180,180
別立ち_巨乳裸_通常_14_夏服,14_別立_巨乳_日焼け.webp,0,180,180,180
別立ち_巨乳裸_笑顔_14_夏服,14_別立_巨乳_日焼け.webp,180,180,180,180
別立ち_巨乳裸_憤怒_14_夏服,14_別立_巨乳_日焼け.webp,360,180,180,180
別立ち_巨乳裸_睡眠_14_夏服,14_別立_巨乳_日焼け.webp,180,540,180,180
別立ち_巨乳服_バニー_通常_14_夏服,14_別立_巨乳_日焼け.webp,0,720,180,180
別立ち_巨乳服_バニー_笑顔_14_夏服,14_別立_巨乳_日焼け.webp,180,720,180,180
別立ち_巨乳服_バニー_憤怒_14_夏服,14_別立_巨乳_日焼け.webp,360,720,180,180
別立ち_巨乳服_セーラー_通常_14_夏服,14_別立_巨乳_日焼け.webp,0,900,180,180
別立ち_巨乳服_セーラー_笑顔_14_夏服,14_別立_巨乳_日焼け.webp,180,900,180,180
別立ち_巨乳服_セーラー_憤怒_14_夏服,14_別立_巨乳_日焼け.webp,360,900,180,180
別立ち_巨乳服_変T_通常_14_夏服,14_別立_巨乳_日焼け.webp,0,1080,180,180
別立ち_巨乳服_変T_笑顔_14_夏服,14_別立_巨乳_日焼け.webp,180,1080,180,180
別立ち_巨乳服_変T_憤怒_14_夏服,14_別立_巨乳_日焼け.webp,360,1080,180,180
別立ち_巨乳服_下着_通常_14_夏服,14_別立_巨乳_日焼け.webp,0,360,180,180
別立ち_巨乳服_下着_笑顔_14_夏服,14_別立_巨乳_日焼け.webp,180,360,180,180
別立ち_巨乳服_下着_憤怒_14_夏服,14_別立_巨乳_日焼け.webp,360,360,180,180
別立ち_巨乳服_ノーブラ下着_通常_14_夏服,14_別立_巨乳_日焼け.webp,0,1260,180,180
別立ち_巨乳服_ノーブラ下着_笑顔_14_夏服,14_別立_巨乳_日焼け.webp,180,1260,180,180
別立ち_巨乳服_ノーブラ下着_憤怒_14_夏服,14_別立_巨乳_日焼け.webp,360,1260,180,180
別立ち_巨乳服_ノーパン下着_通常_14_夏服,14_別立_巨乳_日焼け.webp,0,1440,180,180
別立ち_巨乳服_ノーパン下着_笑顔_14_夏服,14_別立_巨乳_日焼け.webp,180,1440,180,180
別立ち_巨乳服_ノーパン下着_憤怒_14_夏服,14_別立_巨乳_日焼け.webp,360,1440,180,180

別顔_服_巨乳拆分_14_夏服,14_別顔_胸_日焼け.webp,0,0,180,180
別顔_服_睡眠_巨乳拆分_14_夏服,14_別顔_胸_日焼け.webp,180,0,180,180
別顔_服_下着_巨乳拆分_14_夏服,14_別顔_胸_日焼け.webp,360,0,180,180
別顔_服_バニー_巨乳拆分_14_夏服,14_別顔_胸_日焼け.webp,540,0,180,180
別顔_服_セーラー_巨乳拆分_14_夏服,14_別顔_胸_日焼け.webp,720,0,180,180
別顔_服_変T_巨乳拆分_14_夏服,14_別顔_胸_日焼け.webp,900,0,180,180
別顔_裸_巨乳拆分_14_夏服,14_別顔_胸_日焼け.webp,0,180,180,180
;******************************
;並乳差分
;******************************
別立ち_並乳服_通常_14_夏服,14_別立_日焼け.webp,0,0,180,180
別立ち_並乳服_笑顔_14_夏服,14_別立_日焼け.webp,180,0,180,180
別立ち_並乳服_憤怒_14_夏服,14_別立_日焼け.webp,360,0,180,180
別立ち_並乳服_睡眠_14_夏服,14_別立_日焼け.webp,0,540,180,180
別立ち_並乳裸_通常_14_夏服,14_別立_並乳_日焼け.webp,0,0,180,180
別立ち_並乳裸_笑顔_14_夏服,14_別立_並乳_日焼け.webp,180,0,180,180
別立ち_並乳裸_憤怒_14_夏服,14_別立_並乳_日焼け.webp,360,0,180,180
別立ち_並乳裸_睡眠_14_夏服,14_別立_並乳_日焼け.webp,180,360,180,180
別立ち_並乳服_バニー_通常_14_夏服,14_別立_並乳_日焼け.webp,0,540,180,180
別立ち_並乳服_バニー_笑顔_14_夏服,14_別立_並乳_日焼け.webp,180,540,180,180
別立ち_並乳服_バニー_憤怒_14_夏服,14_別立_並乳_日焼け.webp,360,540,180,180
別立ち_並乳服_セーラー_通常_14_夏服,14_別立_日焼け.webp,0,900,180,180
別立ち_並乳服_セーラー_笑顔_14_夏服,14_別立_日焼け.webp,180,900,180,180
別立ち_並乳服_セーラー_憤怒_14_夏服,14_別立_日焼け.webp,360,900,180,180
別立ち_並乳服_変T_通常_14_夏服,14_別立_日焼け.webp,0,1080,180,180
別立ち_並乳服_変T_笑顔_14_夏服,14_別立_日焼け.webp,180,1080,180,180
別立ち_並乳服_変T_憤怒_14_夏服,14_別立_日焼け.webp,360,1080,180,180
別立ち_並乳服_下着_通常_14_夏服,14_別立_並乳_日焼け.webp,0,180,180,180
別立ち_並乳服_下着_笑顔_14_夏服,14_別立_並乳_日焼け.webp,180,180,180,180
別立ち_並乳服_下着_憤怒_14_夏服,14_別立_並乳_日焼け.webp,360,180,180,180
別立ち_並乳服_ノーブラ下着_通常_14_夏服,14_別立_並乳_日焼け.webp,0,720,180,180
別立ち_並乳服_ノーブラ下着_笑顔_14_夏服,14_別立_並乳_日焼け.webp,180,720,180,180
別立ち_並乳服_ノーブラ下着_憤怒_14_夏服,14_別立_並乳_日焼け.webp,360,720,180,180
別立ち_並乳服_ノーパン下着_通常_14_夏服,14_別立_並乳_日焼け.webp,0,900,180,180
別立ち_並乳服_ノーパン下着_笑顔_14_夏服,14_別立_並乳_日焼け.webp,180,900,180,180
別立ち_並乳服_ノーパン下着_憤怒_14_夏服,14_別立_並乳_日焼け.webp,360,900,180,180

別顔_裸_並乳拆分_14_夏服,14_別顔_胸_日焼け.webp,180,180,180,180
別顔_服_下着_並乳拆分_14_夏服,14_別顔_胸_日焼け.webp,360,180,180,180
別顔_服_バニー_並乳拆分_14_夏服,14_別顔_胸_日焼け.webp,540,180,180,180

;------------------------------------------------------------
;15_咲夜
;------------------------------------------------------------
;服
別立ち3_服_通常_15,15_別立.webp,0,0,180,180
別立ち3_服_笑顔_15,15_別立.webp,180,0,180,180
別立ち3_服_憤怒_15,15_別立.webp,360,0,180,180
別立ち3_服_睡眠_15,15_別立.webp,0,540,180,180
;裸
別立ち3_裸_通常_15,15_別立.webp,0,180,180,180
別立ち3_裸_笑顔_15,15_別立.webp,180,180,180,180
別立ち3_裸_憤怒_15,15_別立.webp,360,180,180,180
別立ち3_裸_睡眠_15,15_別立.webp,180,540,180,180
;服
別顔3_服_通常_15,15_別顔.webp,0,0,180,180
別顔3_服_笑顔_15,15_別顔.webp,180,0,180,180
別顔3_服_憤怒_15,15_別顔.webp,360,0,180,180
別顔3_服_睡眠_15,15_別顔.webp,720,0,180,180
別顔3_服_発情_15,15_別顔.webp,900,0,180,180
;裸
別顔3_裸_通常_15,15_別顔.webp,0,180,180,180
別顔3_裸_笑顔_15,15_別顔.webp,180,180,180,180
別顔3_裸_憤怒_15,15_別顔.webp,360,180,180,180
別顔3_裸_睡眠_15,15_別顔.webp,720,360,180,180
別顔3_裸_発情_15,15_別顔.webp,900,180,180,180
別顔3_裸_自慰_15,15_別顔.webp,720,180,180,180
別顔3_裸_愛撫_15,15_別顔.webp,0,360,180,180
別顔3_裸_性交_15,15_別顔.webp,180,360,180,180
;下着
別立ち3_服_下着_通常_15,15_別立.webp,0,360,180,180
別立ち3_服_下着_笑顔_15,15_別立.webp,180,360,180,180
別立ち3_服_下着_憤怒_15,15_別立.webp,360,360,180,180
別立ち3_服_ノーブラ下着_通常_15,15_別立.webp,0,1260,180,180
別立ち3_服_ノーブラ下着_笑顔_15,15_別立.webp,180,1260,180,180
別立ち3_服_ノーブラ下着_憤怒_15,15_別立.webp,360,1260,180,180
別立ち3_服_ノーパン下着_通常_15,15_別立.webp,0,1440,180,180
別立ち3_服_ノーパン下着_笑顔_15,15_別立.webp,180,1440,180,180
別立ち3_服_ノーパン下着_憤怒_15,15_別立.webp,360,1440,180,180
別顔3_服_下着_通常_15,15_別顔_下着.webp,0,0,180,180
別顔3_服_下着_笑顔_15,15_別顔_下着.webp,180,0,180,180
別顔3_服_下着_憤怒_15,15_別顔_下着.webp,360,0,180,180
別顔3_服_下着_自慰_15,15_別顔_下着.webp,720,0,180,180
別顔3_服_下着_発情_15,15_別顔_下着.webp,900,0,180,180
別顔3_服_下着_愛撫_15,15_別顔_下着.webp,0,180,180,180
別顔3_服_下着_性交_15,15_別顔_下着.webp,180,180,180,180

;エフェクト
別顔3_照れ_15,15_別顔.webp,540,0,180,180
別顔3_吐息_15,15_別顔.webp,360,360,180,180
別顔3_汗_15,15_別顔.webp,540,180,180,180
別顔3_裸汗_15,15_別顔.webp,540,360,180,180
;******************************
;コスプレ
;******************************
;バニー
別立ち3_服_バニー_通常_15,15_別立.webp,0,720,180,180
別立ち3_服_バニー_笑顔_15,15_別立.webp,180,720,180,180
別立ち3_服_バニー_憤怒_15,15_別立.webp,360,720,180,180
別顔3_服_バニー_通常_15,15_別顔_コスプレ.webp,0,0,180,180
別顔3_服_バニー_笑顔_15,15_別顔_コスプレ.webp,180,0,180,180
別顔3_服_バニー_憤怒_15,15_別顔_コスプレ.webp,360,0,180,180
別顔3_服_バニー_発情_15,15_別顔_コスプレ.webp,900,0,180,180
;セーラー
別立ち3_服_セーラー_通常_15,15_別立.webp,0,900,180,180
別立ち3_服_セーラー_笑顔_15,15_別立.webp,180,900,180,180
別立ち3_服_セーラー_憤怒_15,15_別立.webp,360,900,180,180
別顔3_服_セーラー_通常_15,15_別顔_コスプレ.webp,0,180,180,180
別顔3_服_セーラー_笑顔_15,15_別顔_コスプレ.webp,180,180,180,180
別顔3_服_セーラー_憤怒_15,15_別顔_コスプレ.webp,360,180,180,180
別顔3_服_セーラー_発情_15,15_別顔_コスプレ.webp,900,180,180,180
;変T
別立ち3_服_変T_通常_15,15_別立.webp,0,1080,180,180
別立ち3_服_変T_笑顔_15,15_別立.webp,180,1080,180,180
別立ち3_服_変T_憤怒_15,15_別立.webp,360,1080,180,180
別顔3_服_変T_通常_15,15_別顔_コスプレ.webp,0,360,180,180
別顔3_服_変T_笑顔_15,15_別顔_コスプレ.webp,180,360,180,180
別顔3_服_変T_憤怒_15,15_別顔_コスプレ.webp,360,360,180,180
別顔3_服_変T_発情_15,15_別顔_コスプレ.webp,900,360,180,180

;エフェクト
別顔3_バニー照れ_15,15_別顔.webp,540,0,180,180
別顔3_バニー吐息_15,15_別顔.webp,360,360,180,180
別顔3_バニー汗_15,15_別顔.webp,540,180,180,180
別顔3_セーラー照れ_15,15_別顔.webp,540,0,180,180
別顔3_セーラー吐息_15,15_別顔.webp,360,360,180,180
別顔3_セーラー汗_15,15_別顔.webp,540,180,180,180
別顔3_変T照れ_15,15_別顔.webp,540,0,180,180
別顔3_変T吐息_15,15_別顔.webp,360,360,180,180
別顔3_変T汗_15,15_別顔.webp,540,180,180,180
;******************************
;巨乳差分
;******************************
別立ち3_巨乳服_通常_15,15_別立_巨乳.webp,0,0,180,180
別立ち3_巨乳服_笑顔_15,15_別立_巨乳.webp,180,0,180,180
別立ち3_巨乳服_憤怒_15,15_別立_巨乳.webp,360,0,180,180
別立ち3_巨乳服_睡眠_15,15_別立_巨乳.webp,0,540,180,180
別立ち3_巨乳裸_通常_15,15_別立_巨乳.webp,0,180,180,180
別立ち3_巨乳裸_笑顔_15,15_別立_巨乳.webp,180,180,180,180
別立ち3_巨乳裸_憤怒_15,15_別立_巨乳.webp,360,180,180,180
別立ち3_巨乳裸_睡眠_15,15_別立_巨乳.webp,180,540,180,180
別立ち3_巨乳服_バニー_通常_15,15_別立_巨乳.webp,0,720,180,180
別立ち3_巨乳服_バニー_笑顔_15,15_別立_巨乳.webp,180,720,180,180
別立ち3_巨乳服_バニー_憤怒_15,15_別立_巨乳.webp,360,720,180,180
別立ち3_巨乳服_セーラー_通常_15,15_別立_巨乳.webp,0,900,180,180
別立ち3_巨乳服_セーラー_笑顔_15,15_別立_巨乳.webp,180,900,180,180
別立ち3_巨乳服_セーラー_憤怒_15,15_別立_巨乳.webp,360,900,180,180
別立ち3_巨乳服_変T_通常_15,15_別立_巨乳.webp,0,1080,180,180
別立ち3_巨乳服_変T_笑顔_15,15_別立_巨乳.webp,180,1080,180,180
別立ち3_巨乳服_変T_憤怒_15,15_別立_巨乳.webp,360,1080,180,180
別立ち3_巨乳服_下着_通常_15,15_別立_巨乳.webp,0,360,180,180
別立ち3_巨乳服_下着_笑顔_15,15_別立_巨乳.webp,180,360,180,180
別立ち3_巨乳服_下着_憤怒_15,15_別立_巨乳.webp,360,360,180,180
別立ち3_巨乳服_ノーブラ下着_通常_15,15_別立_巨乳.webp,0,1260,180,180
別立ち3_巨乳服_ノーブラ下着_笑顔_15,15_別立_巨乳.webp,180,1260,180,180
別立ち3_巨乳服_ノーブラ下着_憤怒_15,15_別立_巨乳.webp,360,1260,180,180
別立ち3_巨乳服_ノーパン下着_通常_15,15_別立_巨乳.webp,0,1440,180,180
別立ち3_巨乳服_ノーパン下着_笑顔_15,15_別立_巨乳.webp,180,1440,180,180
別立ち3_巨乳服_ノーパン下着_憤怒_15,15_別立_巨乳.webp,360,1440,180,180

別顔3_服_巨乳拆分_15,15_別顔_胸.webp,0,0,180,180
別顔3_服_睡眠_巨乳拆分_15,15_別顔_胸.webp,180,0,180,180
別顔3_服_下着_巨乳拆分_15,15_別顔_胸.webp,360,0,180,180
別顔3_服_バニー_巨乳拆分_15,15_別顔_胸.webp,540,0,180,180
別顔3_服_セーラー_巨乳拆分_15,15_別顔_胸.webp,720,0,180,180
別顔3_服_変T_巨乳拆分_15,15_別顔_胸.webp,900,0,180,180
別顔3_裸_巨乳拆分_15,15_別顔_胸.webp,0,180,180,180
;******************************
;貧乳差分
;******************************
別立ち3_貧乳服_通常_15,15_別立.webp,0,0,180,180
別立ち3_貧乳服_笑顔_15,15_別立.webp,180,0,180,180
別立ち3_貧乳服_憤怒_15,15_別立.webp,360,0,180,180
別立ち3_貧乳服_睡眠_15,15_別立.webp,0,540,180,180
別立ち3_貧乳裸_通常_15,15_別立_貧乳.webp,0,0,180,180
別立ち3_貧乳裸_笑顔_15,15_別立_貧乳.webp,180,0,180,180
別立ち3_貧乳裸_憤怒_15,15_別立_貧乳.webp,360,0,180,180
別立ち3_貧乳裸_睡眠_15,15_別立_貧乳.webp,180,360,180,180
別立ち3_貧乳服_バニー_通常_15,15_別立_貧乳.webp,0,540,180,180
別立ち3_貧乳服_バニー_笑顔_15,15_別立_貧乳.webp,180,540,180,180
別立ち3_貧乳服_バニー_憤怒_15,15_別立_貧乳.webp,360,540,180,180
別立ち3_貧乳服_セーラー_通常_15,15_別立.webp,0,900,180,180
別立ち3_貧乳服_セーラー_笑顔_15,15_別立.webp,180,900,180,180
別立ち3_貧乳服_セーラー_憤怒_15,15_別立.webp,360,900,180,180
別立ち3_貧乳服_変T_通常_15,15_別立.webp,0,1080,180,180
別立ち3_貧乳服_変T_笑顔_15,15_別立.webp,180,1080,180,180
別立ち3_貧乳服_変T_憤怒_15,15_別立.webp,360,1080,180,180
別立ち3_貧乳服_下着_通常_15,15_別立_貧乳.webp,0,180,180,180
別立ち3_貧乳服_下着_笑顔_15,15_別立_貧乳.webp,180,180,180,180
別立ち3_貧乳服_下着_憤怒_15,15_別立_貧乳.webp,360,180,180,180
別立ち3_貧乳服_ノーブラ下着_通常_15,15_別立_貧乳.webp,0,720,180,180
別立ち3_貧乳服_ノーブラ下着_笑顔_15,15_別立_貧乳.webp,180,720,180,180
別立ち3_貧乳服_ノーブラ下着_憤怒_15,15_別立_貧乳.webp,360,720,180,180
別立ち3_貧乳服_ノーパン下着_通常_15,15_別立_貧乳.webp,0,900,180,180
別立ち3_貧乳服_ノーパン下着_笑顔_15,15_別立_貧乳.webp,180,900,180,180
別立ち3_貧乳服_ノーパン下着_憤怒_15,15_別立_貧乳.webp,360,900,180,180

別顔3_裸_貧乳拆分_15,15_別顔_胸.webp,180,180,180,180
別顔3_服_バニー_貧乳拆分_15,15_別顔_胸.webp,540,180,180,180
;******************************
;香霖堂
;******************************
;服
別立ち3_服_人里_通常_15,15_別立.webp,0,1620,180,180
別立ち3_服_人里_笑顔_15,15_別立.webp,180,1620,180,180
別立ち3_服_人里_憤怒_15,15_別立.webp,360,1620,180,180
別立ち3_服_人里_睡眠_15,15_別立.webp,0,540,180,180
;裸
別立ち3_裸_人里_通常_15,15_別立.webp,0,1800,180,180
別立ち3_裸_人里_笑顔_15,15_別立.webp,180,1800,180,180
別立ち3_裸_人里_憤怒_15,15_別立.webp,360,1800,180,180
別立ち3_裸_人里_睡眠_15,15_別立.webp,180,540,180,180
;服
別顔3_服_人里_通常_15,15_別顔_香霖堂.webp,0,0,180,180
別顔3_服_人里_笑顔_15,15_別顔_香霖堂.webp,180,0,180,180
別顔3_服_人里_憤怒_15,15_別顔_香霖堂.webp,360,0,180,180
別顔3_服_人里_発情_15,15_別顔_香霖堂.webp,900,0,180,180
;裸
別顔3_裸_人里_通常_15,15_別顔_香霖堂.webp,0,180,180,180
別顔3_裸_人里_笑顔_15,15_別顔_香霖堂.webp,180,180,180,180
別顔3_裸_人里_憤怒_15,15_別顔_香霖堂.webp,360,180,180,180
別顔3_裸_人里_発情_15,15_別顔_香霖堂.webp,900,180,180,180
別顔3_裸_人里_自慰_15,15_別顔_香霖堂.webp,720,180,180,180
別顔3_裸_人里_愛撫_15,15_別顔_香霖堂.webp,0,360,180,180
別顔3_裸_人里_性交_15,15_別顔_香霖堂.webp,180,360,180,180
;巨乳
別立ち3_巨乳服_人里_通常_15,15_別立_巨乳.webp,0,1620,180,180
別立ち3_巨乳服_人里_笑顔_15,15_別立_巨乳.webp,180,1620,180,180
別立ち3_巨乳服_人里_憤怒_15,15_別立_巨乳.webp,360,1620,180,180
別立ち3_巨乳服_人里_睡眠_15,15_別立_巨乳.webp,0,540,180,180
別立ち3_巨乳裸_人里_通常_15,15_別立_巨乳.webp,0,1800,180,180
別立ち3_巨乳裸_人里_笑顔_15,15_別立_巨乳.webp,180,1800,180,180
別立ち3_巨乳裸_人里_憤怒_15,15_別立_巨乳.webp,360,1800,180,180
別立ち3_巨乳裸_人里_睡眠_15,15_別立_巨乳.webp,180,540,180,180

別顔3_服_人里_巨乳拆分_15,15_別顔_胸.webp,720,180,180,180
別顔3_裸_人里_巨乳拆分_15,15_別顔_胸.webp,900,180,180,180
;貧乳
別立ち3_貧乳服_人里_通常_15,15_別立.webp,0,1620,180,180
別立ち3_貧乳服_人里_笑顔_15,15_別立.webp,180,1620,180,180
別立ち3_貧乳服_人里_憤怒_15,15_別立.webp,360,1620,180,180
別立ち3_貧乳服_人里_睡眠_15,15_別立.webp,0,540,180,180
別立ち3_貧乳裸_人里_通常_15,15_別立_貧乳.webp,0,1080,180,180
別立ち3_貧乳裸_人里_笑顔_15,15_別立_貧乳.webp,180,1080,180,180
別立ち3_貧乳裸_人里_憤怒_15,15_別立_貧乳.webp,360,1080,180,180
別立ち3_貧乳裸_人里_睡眠_15,15_別立_貧乳.webp,180,360,180,180

別顔3_貧乳服_人里_睡眠_15,15_別顔.webp,720,0,180,180
別顔3_貧乳裸_人里_通常_15,15_別顔_香霖堂.webp,0,180,180,180
別顔3_貧乳裸_人里_笑顔_15,15_別顔_香霖堂.webp,180,180,180,180
別顔3_貧乳裸_人里_憤怒_15,15_別顔_香霖堂.webp,360,180,180,180
別顔3_貧乳裸_人里_睡眠_15,15_別顔.webp,720,360,180,180
別顔3_貧乳裸_人里_発情_15,15_別顔.webp,900,180,180,180
別顔3_貧乳裸_人里_自慰_15,15_別顔_香霖堂.webp,720,180,180,180
別顔3_貧乳裸_人里_愛撫_15,15_別顔_香霖堂.webp,0,360,180,180
別顔3_貧乳裸_人里_性交_15,15_別顔_香霖堂.webp,180,360,180,180

別顔3_裸_人里_並乳拆分_15,15_別顔_胸.webp,360,180,180,180

;エフェクト
別顔3_人里照れ_15,15_別顔_香霖堂.webp,540,0,180,180
別顔3_人里吐息_15,15_別顔_香霖堂.webp,360,360,180,180
別顔3_人里汗_15,15_別顔_香霖堂.webp,540,180,180,180
別顔3_人里裸汗_15,15_別顔_香霖堂.webp,540,360,180,180

;------------------------------------------------------------
;16_レミリア
;------------------------------------------------------------
;服
別立ち2_服_通常_16,16_別立.webp,0,0,180,180
別立ち2_服_笑顔_16,16_別立.webp,180,0,180,180
別立ち2_服_憤怒_16,16_別立.webp,360,0,180,180
別立ち2_服_睡眠_16,16_別立.webp,0,540,180,180
;裸
別立ち2_裸_通常_16,16_別立.webp,0,180,180,180
別立ち2_裸_笑顔_16,16_別立.webp,180,180,180,180
別立ち2_裸_憤怒_16,16_別立.webp,360,180,180,180
別立ち2_裸_睡眠_16,16_別立.webp,180,540,180,180

;服
別顔2_服_通常_16,16_別顔.webp,0,0,180,180
別顔2_服_笑顔_16,16_別顔.webp,180,0,180,180
別顔2_服_憤怒_16,16_別顔.webp,360,0,180,180
別顔2_服_睡眠_16,16_別顔.webp,720,0,180,180
別顔2_服_発情_16,16_別顔.webp,900,0,180,180
;裸
別顔2_裸_通常_16,16_別顔.webp,0,180,180,180
別顔2_裸_笑顔_16,16_別顔.webp,180,180,180,180
別顔2_裸_憤怒_16,16_別顔.webp,360,180,180,180
別顔2_裸_睡眠_16,16_別顔.webp,720,360,180,180
別顔2_裸_自慰_16,16_別顔.webp,720,180,180,180
別顔2_裸_発情_16,16_別顔.webp,900,180,180,180
別顔2_裸_愛撫_16,16_別顔.webp,0,360,180,180
別顔2_裸_性交_16,16_別顔.webp,180,360,180,180

;下着
別立ち2_服_下着_通常_16,16_別立.webp,0,360,180,180
別立ち2_服_下着_笑顔_16,16_別立.webp,180,360,180,180
別立ち2_服_下着_憤怒_16,16_別立.webp,360,360,180,180
別立ち2_服_ノーブラ下着_通常_16,16_別立.webp,0,1260,180,180
別立ち2_服_ノーブラ下着_笑顔_16,16_別立.webp,180,1260,180,180
別立ち2_服_ノーブラ下着_憤怒_16,16_別立.webp,360,1260,180,180
別立ち2_服_ノーパン下着_通常_16,16_別立.webp,0,1440,180,180
別立ち2_服_ノーパン下着_笑顔_16,16_別立.webp,180,1440,180,180
別立ち2_服_ノーパン下着_憤怒_16,16_別立.webp,360,1440,180,180
別顔2_服_下着_通常_16,16_別顔_下着.webp,0,0,180,180
別顔2_服_下着_笑顔_16,16_別顔_下着.webp,180,0,180,180
別顔2_服_下着_憤怒_16,16_別顔_下着.webp,360,0,180,180
別顔2_服_下着_自慰_16,16_別顔_下着.webp,720,0,180,180
別顔2_服_下着_発情_16,16_別顔_下着.webp,900,0,180,180
別顔2_服_下着_愛撫_16,16_別顔_下着.webp,0,180,180,180
別顔2_服_下着_性交_16,16_別顔_下着.webp,180,180,180,180

;エフェクト
別顔2_照れ_16,16_別顔.webp,540,0,180,180
別顔2_吐息_16,16_別顔.webp,360,360,180,180
別顔2_汗_16,16_別顔.webp,540,180,180,180
別顔2_裸汗_16,16_別顔.webp,540,360,180,180

;******************************
;コスプレ
;******************************
;バニー
別立ち2_服_バニー_通常_16,16_別立.webp,0,720,180,180
別立ち2_服_バニー_笑顔_16,16_別立.webp,180,720,180,180
別立ち2_服_バニー_憤怒_16,16_別立.webp,360,720,180,180
別顔2_服_バニー_通常_16,16_別顔_コスプレ.webp,0,0,180,180
別顔2_服_バニー_笑顔_16,16_別顔_コスプレ.webp,180,0,180,180
別顔2_服_バニー_憤怒_16,16_別顔_コスプレ.webp,360,0,180,180
別顔2_服_バニー_発情_16,16_別顔_コスプレ.webp,900,0,180,180

;セーラー
別立ち2_服_セーラー_通常_16,16_別立.webp,0,900,180,180
別立ち2_服_セーラー_笑顔_16,16_別立.webp,180,900,180,180
別立ち2_服_セーラー_憤怒_16,16_別立.webp,360,900,180,180
別顔2_服_セーラー_通常_16,16_別顔_コスプレ.webp,0,180,180,180
別顔2_服_セーラー_笑顔_16,16_別顔_コスプレ.webp,180,180,180,180
別顔2_服_セーラー_憤怒_16,16_別顔_コスプレ.webp,360,180,180,180
別顔2_服_セーラー_発情_16,16_別顔_コスプレ.webp,900,180,180,180

;変T
別立ち2_服_変T_通常_16,16_別立.webp,0,1080,180,180
別立ち2_服_変T_笑顔_16,16_別立.webp,180,1080,180,180
別立ち2_服_変T_憤怒_16,16_別立.webp,360,1080,180,180
別顔2_服_変T_通常_16,16_別顔_コスプレ.webp,0,360,180,180
別顔2_服_変T_笑顔_16,16_別顔_コスプレ.webp,180,360,180,180
別顔2_服_変T_憤怒_16,16_別顔_コスプレ.webp,360,360,180,180
別顔2_服_変T_発情_16,16_別顔_コスプレ.webp,900,360,180,180
;******************************
;巨乳差分
;******************************
別立ち2_巨乳服_通常_16,16_別立_巨乳.webp,0,0,180,180
別立ち2_巨乳服_笑顔_16,16_別立_巨乳.webp,180,0,180,180
別立ち2_巨乳服_憤怒_16,16_別立_巨乳.webp,360,0,180,180
別立ち2_巨乳服_睡眠_16,16_別立_巨乳.webp,0,540,180,180
別立ち2_巨乳裸_通常_16,16_別立_巨乳.webp,0,180,180,180
別立ち2_巨乳裸_笑顔_16,16_別立_巨乳.webp,180,180,180,180
別立ち2_巨乳裸_憤怒_16,16_別立_巨乳.webp,360,180,180,180
別立ち2_巨乳裸_睡眠_16,16_別立_巨乳.webp,180,540,180,180
別立ち2_巨乳服_バニー_通常_16,16_別立_巨乳.webp,0,720,180,180
別立ち2_巨乳服_バニー_笑顔_16,16_別立_巨乳.webp,180,720,180,180
別立ち2_巨乳服_バニー_憤怒_16,16_別立_巨乳.webp,360,720,180,180
別立ち2_巨乳服_セーラー_通常_16,16_別立_巨乳.webp,0,900,180,180
別立ち2_巨乳服_セーラー_笑顔_16,16_別立_巨乳.webp,180,900,180,180
別立ち2_巨乳服_セーラー_憤怒_16,16_別立_巨乳.webp,360,900,180,180
別立ち2_巨乳服_変T_通常_16,16_別立_巨乳.webp,0,1080,180,180
別立ち2_巨乳服_変T_笑顔_16,16_別立_巨乳.webp,180,1080,180,180
別立ち2_巨乳服_変T_憤怒_16,16_別立_巨乳.webp,360,1080,180,180
別立ち2_巨乳服_下着_通常_16,16_別立_巨乳.webp,0,360,180,180
別立ち2_巨乳服_下着_笑顔_16,16_別立_巨乳.webp,180,360,180,180
別立ち2_巨乳服_下着_憤怒_16,16_別立_巨乳.webp,360,360,180,180
別立ち2_巨乳服_ノーブラ下着_通常_16,16_別立_巨乳.webp,0,1260,180,180
別立ち2_巨乳服_ノーブラ下着_笑顔_16,16_別立_巨乳.webp,180,1260,180,180
別立ち2_巨乳服_ノーブラ下着_憤怒_16,16_別立_巨乳.webp,360,1260,180,180
別立ち2_巨乳服_ノーパン下着_通常_16,16_別立_巨乳.webp,0,1440,180,180
別立ち2_巨乳服_ノーパン下着_笑顔_16,16_別立_巨乳.webp,180,1440,180,180
別立ち2_巨乳服_ノーパン下着_憤怒_16,16_別立_巨乳.webp,360,1440,180,180

別顔2_服_巨乳拆分_16,16_別顔_胸.webp,0,0,180,180
別顔2_服_睡眠_巨乳拆分_16,16_別顔_胸.webp,180,0,180,180
別顔2_服_下着_巨乳拆分_16,16_別顔_胸.webp,360,0,180,180
別顔2_服_バニー_巨乳拆分_16,16_別顔_胸.webp,540,0,180,180
別顔2_服_セーラー_巨乳拆分_16,16_別顔_胸.webp,720,0,180,180
別顔2_服_変T_巨乳拆分_16,16_別顔_胸.webp,900,0,180,180
別顔2_裸_巨乳拆分_16,16_別顔_胸.webp,0,180,180,180
;******************************
;並乳差分
;******************************
別立ち2_並乳服_通常_16,16_別立.webp,0,0,180,180
別立ち2_並乳服_笑顔_16,16_別立.webp,180,0,180,180
別立ち2_並乳服_憤怒_16,16_別立.webp,360,0,180,180
別立ち2_並乳服_睡眠_16,16_別立.webp,0,540,180,180
別立ち2_並乳裸_通常_16,16_別立_並乳.webp,0,0,180,180
別立ち2_並乳裸_笑顔_16,16_別立_並乳.webp,180,0,180,180
別立ち2_並乳裸_憤怒_16,16_別立_並乳.webp,360,0,180,180
別立ち2_並乳裸_睡眠_16,16_別立_並乳.webp,180,360,180,180
別立ち2_並乳服_バニー_通常_16,16_別立_並乳.webp,0,360,180,180
別立ち2_並乳服_バニー_笑顔_16,16_別立_並乳.webp,180,360,180,180
別立ち2_並乳服_バニー_憤怒_16,16_別立_並乳.webp,360,360,180,180
別立ち2_並乳服_セーラー_通常_16,16_別立.webp,0,900,180,180
別立ち2_並乳服_セーラー_笑顔_16,16_別立.webp,180,900,180,180
別立ち2_並乳服_セーラー_憤怒_16,16_別立.webp,360,900,180,180
別立ち2_並乳服_変T_通常_16,16_別立.webp,0,1080,180,180
別立ち2_並乳服_変T_笑顔_16,16_別立.webp,180,1080,180,180
別立ち2_並乳服_変T_憤怒_16,16_別立.webp,360,1080,180,180
別立ち2_並乳服_下着_通常_16,16_別立.webp,0,360,180,180
別立ち2_並乳服_下着_笑顔_16,16_別立.webp,180,360,180,180
別立ち2_並乳服_下着_憤怒_16,16_別立.webp,360,360,180,180
別立ち2_並乳服_ノーブラ下着_通常_16,16_別立_並乳.webp,0,540,180,180
別立ち2_並乳服_ノーブラ下着_笑顔_16,16_別立_並乳.webp,180,540,180,180
別立ち2_並乳服_ノーブラ下着_憤怒_16,16_別立_並乳.webp,360,540,180,180
別立ち2_並乳服_ノーパン下着_通常_16,16_別立.webp,0,1440,180,180
別立ち2_並乳服_ノーパン下着_笑顔_16,16_別立.webp,180,1440,180,180
別立ち2_並乳服_ノーパン下着_憤怒_16,16_別立.webp,360,1440,180,180

別顔2_裸_並乳拆分_16,16_別顔_胸.webp,180,180,180,180
別顔2_服_下着_並乳拆分_16,16_別顔_胸.webp,360,180,180,180
別顔2_服_バニー_並乳拆分_16,16_別顔_胸.webp,540,180,180,180
;------------------------------------------------------------
;カリスマブレイク
;------------------------------------------------------------
;服
別立ち2_服_通常_16_ブレイク,16_別立_ブレイク.webp,0,0,180,180
別立ち2_服_笑顔_16_ブレイク,16_別立_ブレイク.webp,180,0,180,180
別立ち2_服_憤怒_16_ブレイク,16_別立_ブレイク.webp,360,0,180,180
別立ち2_服_睡眠_16_ブレイク,16_別立_ブレイク.webp,0,540,180,180
;裸
別立ち2_裸_通常_16_ブレイク,16_別立_ブレイク.webp,0,180,180,180
別立ち2_裸_笑顔_16_ブレイク,16_別立_ブレイク.webp,180,180,180,180
別立ち2_裸_憤怒_16_ブレイク,16_別立_ブレイク.webp,360,180,180,180
別立ち2_裸_睡眠_16_ブレイク,16_別立_ブレイク.webp,180,540,180,180

;服
別顔2_服_通常_16_ブレイク,16_別顔_ブレイク.webp,0,0,180,180
別顔2_服_笑顔_16_ブレイク,16_別顔_ブレイク.webp,180,0,180,180
別顔2_服_憤怒_16_ブレイク,16_別顔_ブレイク.webp,360,0,180,180
別顔2_服_睡眠_16_ブレイク,16_別顔_ブレイク.webp,720,0,180,180
別顔2_服_発情_16_ブレイク,16_別顔_ブレイク.webp,900,0,180,180
;裸
別顔2_裸_通常_16_ブレイク,16_別顔_ブレイク.webp,0,180,180,180
別顔2_裸_笑顔_16_ブレイク,16_別顔_ブレイク.webp,180,180,180,180
別顔2_裸_憤怒_16_ブレイク,16_別顔_ブレイク.webp,360,180,180,180
別顔2_裸_睡眠_16_ブレイク,16_別顔_ブレイク.webp,720,360,180,180
別顔2_裸_自慰_16_ブレイク,16_別顔_ブレイク.webp,720,180,180,180
別顔2_裸_発情_16_ブレイク,16_別顔_ブレイク.webp,900,180,180,180
別顔2_裸_愛撫_16_ブレイク,16_別顔_ブレイク.webp,0,360,180,180
別顔2_裸_性交_16_ブレイク,16_別顔_ブレイク.webp,180,360,180,180

;下着
別立ち2_服_下着_通常_16_ブレイク,16_別立_ブレイク.webp,0,360,180,180
別立ち2_服_下着_笑顔_16_ブレイク,16_別立_ブレイク.webp,180,360,180,180
別立ち2_服_下着_憤怒_16_ブレイク,16_別立_ブレイク.webp,360,360,180,180
別立ち2_服_ノーブラ下着_通常_16_ブレイク,16_別立_ブレイク.webp,0,1260,180,180
別立ち2_服_ノーブラ下着_笑顔_16_ブレイク,16_別立_ブレイク.webp,180,1260,180,180
別立ち2_服_ノーブラ下着_憤怒_16_ブレイク,16_別立_ブレイク.webp,360,1260,180,180
別立ち2_服_ノーパン下着_通常_16_ブレイク,16_別立_ブレイク.webp,0,1440,180,180
別立ち2_服_ノーパン下着_笑顔_16_ブレイク,16_別立_ブレイク.webp,180,1440,180,180
別立ち2_服_ノーパン下着_憤怒_16_ブレイク,16_別立_ブレイク.webp,360,1440,180,180
別顔2_服_下着_通常_16_ブレイク,16_別顔_ブレイク_下着.webp,0,0,180,180
別顔2_服_下着_笑顔_16_ブレイク,16_別顔_ブレイク_下着.webp,180,0,180,180
別顔2_服_下着_憤怒_16_ブレイク,16_別顔_ブレイク_下着.webp,360,0,180,180
別顔2_服_下着_自慰_16_ブレイク,16_別顔_ブレイク_下着.webp,720,0,180,180
別顔2_服_下着_発情_16_ブレイク,16_別顔_ブレイク_下着.webp,900,0,180,180
別顔2_服_下着_愛撫_16_ブレイク,16_別顔_ブレイク_下着.webp,0,180,180,180
別顔2_服_下着_性交_16_ブレイク,16_別顔_ブレイク_下着.webp,180,180,180,180

;エフェクト
別顔2_照れ_16_ブレイク,16_別顔_ブレイク.webp,540,0,180,180
別顔2_吐息_16_ブレイク,16_別顔_ブレイク.webp,360,360,180,180
別顔2_汗_16_ブレイク,16_別顔_ブレイク.webp,540,180,180,180
別顔2_裸汗_16_ブレイク,16_別顔_ブレイク.webp,540,360,180,180

;******************************
;コスプレ
;******************************
;バニー
別立ち2_服_バニー_通常_16_ブレイク,16_別立_ブレイク.webp,0,720,180,180
別立ち2_服_バニー_笑顔_16_ブレイク,16_別立_ブレイク.webp,180,720,180,180
別立ち2_服_バニー_憤怒_16_ブレイク,16_別立_ブレイク.webp,360,720,180,180
別顔2_服_バニー_通常_16_ブレイク,16_別顔_ブレイク_コスプレ.webp,0,0,180,180
別顔2_服_バニー_笑顔_16_ブレイク,16_別顔_ブレイク_コスプレ.webp,180,0,180,180
別顔2_服_バニー_憤怒_16_ブレイク,16_別顔_ブレイク_コスプレ.webp,360,0,180,180
別顔2_服_バニー_発情_16_ブレイク,16_別顔_ブレイク_コスプレ.webp,900,0,180,180

;セーラー
別立ち2_服_セーラー_通常_16_ブレイク,16_別立_ブレイク.webp,0,900,180,180
別立ち2_服_セーラー_笑顔_16_ブレイク,16_別立_ブレイク.webp,180,900,180,180
別立ち2_服_セーラー_憤怒_16_ブレイク,16_別立_ブレイク.webp,360,900,180,180
別顔2_服_セーラー_通常_16_ブレイク,16_別顔_ブレイク_コスプレ.webp,0,180,180,180
別顔2_服_セーラー_笑顔_16_ブレイク,16_別顔_ブレイク_コスプレ.webp,180,180,180,180
別顔2_服_セーラー_憤怒_16_ブレイク,16_別顔_ブレイク_コスプレ.webp,360,180,180,180
別顔2_服_セーラー_発情_16_ブレイク,16_別顔_ブレイク_コスプレ.webp,900,180,180,180

;変T
別立ち2_服_変T_通常_16_ブレイク,16_別立_ブレイク.webp,0,1080,180,180
別立ち2_服_変T_笑顔_16_ブレイク,16_別立_ブレイク.webp,180,1080,180,180
別立ち2_服_変T_憤怒_16_ブレイク,16_別立_ブレイク.webp,360,1080,180,180
別顔2_服_変T_通常_16_ブレイク,16_別顔_ブレイク_コスプレ.webp,0,360,180,180
別顔2_服_変T_笑顔_16_ブレイク,16_別顔_ブレイク_コスプレ.webp,180,360,180,180
別顔2_服_変T_憤怒_16_ブレイク,16_別顔_ブレイク_コスプレ.webp,360,360,180,180
別顔2_服_変T_発情_16_ブレイク,16_別顔_ブレイク_コスプレ.webp,900,360,180,180
;******************************
;巨乳差分
;******************************
別立ち2_巨乳服_通常_16_ブレイク,16_別立_ブレイク_巨乳.webp,0,0,180,180
別立ち2_巨乳服_笑顔_16_ブレイク,16_別立_ブレイク_巨乳.webp,180,0,180,180
別立ち2_巨乳服_憤怒_16_ブレイク,16_別立_ブレイク_巨乳.webp,360,0,180,180
別立ち2_巨乳服_睡眠_16_ブレイク,16_別立_ブレイク_巨乳.webp,0,540,180,180
別立ち2_巨乳裸_通常_16_ブレイク,16_別立_ブレイク_巨乳.webp,0,180,180,180
別立ち2_巨乳裸_笑顔_16_ブレイク,16_別立_ブレイク_巨乳.webp,180,180,180,180
別立ち2_巨乳裸_憤怒_16_ブレイク,16_別立_ブレイク_巨乳.webp,360,180,180,180
別立ち2_巨乳裸_睡眠_16_ブレイク,16_別立_ブレイク_巨乳.webp,180,540,180,180
別立ち2_巨乳服_バニー_通常_16_ブレイク,16_別立_ブレイク_巨乳.webp,0,720,180,180
別立ち2_巨乳服_バニー_笑顔_16_ブレイク,16_別立_ブレイク_巨乳.webp,180,720,180,180
別立ち2_巨乳服_バニー_憤怒_16_ブレイク,16_別立_ブレイク_巨乳.webp,360,720,180,180
別立ち2_巨乳服_セーラー_通常_16_ブレイク,16_別立_ブレイク_巨乳.webp,0,900,180,180
別立ち2_巨乳服_セーラー_笑顔_16_ブレイク,16_別立_ブレイク_巨乳.webp,180,900,180,180
別立ち2_巨乳服_セーラー_憤怒_16_ブレイク,16_別立_ブレイク_巨乳.webp,360,900,180,180
別立ち2_巨乳服_変T_通常_16_ブレイク,16_別立_ブレイク_巨乳.webp,0,1080,180,180
別立ち2_巨乳服_変T_笑顔_16_ブレイク,16_別立_ブレイク_巨乳.webp,180,1080,180,180
別立ち2_巨乳服_変T_憤怒_16_ブレイク,16_別立_ブレイク_巨乳.webp,360,1080,180,180
別立ち2_巨乳服_下着_通常_16_ブレイク,16_別立_ブレイク_巨乳.webp,0,360,180,180
別立ち2_巨乳服_下着_笑顔_16_ブレイク,16_別立_ブレイク_巨乳.webp,180,360,180,180
別立ち2_巨乳服_下着_憤怒_16_ブレイク,16_別立_ブレイク_巨乳.webp,360,360,180,180
別立ち2_巨乳服_ノーブラ下着_通常_16_ブレイク,16_別立_ブレイク_巨乳.webp,0,1260,180,180
別立ち2_巨乳服_ノーブラ下着_笑顔_16_ブレイク,16_別立_ブレイク_巨乳.webp,180,1260,180,180
別立ち2_巨乳服_ノーブラ下着_憤怒_16_ブレイク,16_別立_ブレイク_巨乳.webp,360,1260,180,180
別立ち2_巨乳服_ノーパン下着_通常_16_ブレイク,16_別立_ブレイク_巨乳.webp,0,1440,180,180
別立ち2_巨乳服_ノーパン下着_笑顔_16_ブレイク,16_別立_ブレイク_巨乳.webp,180,1440,180,180
別立ち2_巨乳服_ノーパン下着_憤怒_16_ブレイク,16_別立_ブレイク_巨乳.webp,360,1440,180,180

別顔2_服_巨乳拆分_16_ブレイク,16_別顔_ブレイク_胸.webp,0,0,180,180
別顔2_服_睡眠_巨乳拆分_16_ブレイク,16_別顔_ブレイク_胸.webp,180,0,180,180
別顔2_服_下着_巨乳拆分_16_ブレイク,16_別顔_ブレイク_胸.webp,360,0,180,180
別顔2_服_バニー_巨乳拆分_16_ブレイク,16_別顔_ブレイク_胸.webp,540,0,180,180
別顔2_服_セーラー_巨乳拆分_16_ブレイク,16_別顔_ブレイク_胸.webp,720,0,180,180
別顔2_服_変T_巨乳拆分_16_ブレイク,16_別顔_ブレイク_胸.webp,900,0,180,180
別顔2_裸_巨乳拆分_16_ブレイク,16_別顔_ブレイク_胸.webp,0,180,180,180
;******************************
;並乳差分
;******************************
別立ち2_並乳服_通常_16_ブレイク,16_別立_ブレイク.webp,0,0,180,180
別立ち2_並乳服_笑顔_16_ブレイク,16_別立_ブレイク.webp,180,0,180,180
別立ち2_並乳服_憤怒_16_ブレイク,16_別立_ブレイク.webp,360,0,180,180
別立ち2_並乳服_睡眠_16_ブレイク,16_別立_ブレイク.webp,0,540,180,180
別立ち2_並乳裸_通常_16_ブレイク,16_別立_ブレイク_並乳.webp,0,0,180,180
別立ち2_並乳裸_笑顔_16_ブレイク,16_別立_ブレイク_並乳.webp,180,0,180,180
別立ち2_並乳裸_憤怒_16_ブレイク,16_別立_ブレイク_並乳.webp,360,0,180,180
別立ち2_並乳裸_睡眠_16_ブレイク,16_別立_ブレイク_並乳.webp,180,360,180,180
別立ち2_並乳服_バニー_通常_16_ブレイク,16_別立_ブレイク_並乳.webp,0,360,180,180
別立ち2_並乳服_バニー_笑顔_16_ブレイク,16_別立_ブレイク_並乳.webp,180,360,180,180
別立ち2_並乳服_バニー_憤怒_16_ブレイク,16_別立_ブレイク_並乳.webp,360,360,180,180
別立ち2_並乳服_セーラー_通常_16_ブレイク,16_別立_ブレイク.webp,0,900,180,180
別立ち2_並乳服_セーラー_笑顔_16_ブレイク,16_別立_ブレイク.webp,180,900,180,180
別立ち2_並乳服_セーラー_憤怒_16_ブレイク,16_別立_ブレイク.webp,360,900,180,180
別立ち2_並乳服_変T_通常_16_ブレイク,16_別立_ブレイク.webp,0,1080,180,180
別立ち2_並乳服_変T_笑顔_16_ブレイク,16_別立_ブレイク.webp,180,1080,180,180
別立ち2_並乳服_変T_憤怒_16_ブレイク,16_別立_ブレイク.webp,360,1080,180,180
別立ち2_並乳服_下着_通常_16_ブレイク,16_別立_ブレイク.webp,0,360,180,180
別立ち2_並乳服_下着_笑顔_16_ブレイク,16_別立_ブレイク.webp,180,360,180,180
別立ち2_並乳服_下着_憤怒_16_ブレイク,16_別立_ブレイク.webp,360,360,180,180
別立ち2_並乳服_ノーブラ下着_通常_16_ブレイク,16_別立_ブレイク_並乳.webp,0,540,180,180
別立ち2_並乳服_ノーブラ下着_笑顔_16_ブレイク,16_別立_ブレイク_並乳.webp,180,540,180,180
別立ち2_並乳服_ノーブラ下着_憤怒_16_ブレイク,16_別立_ブレイク_並乳.webp,360,540,180,180
別立ち2_並乳服_ノーパン下着_通常_16_ブレイク,16_別立_ブレイク.webp,0,1440,180,180
別立ち2_並乳服_ノーパン下着_笑顔_16_ブレイク,16_別立_ブレイク.webp,180,1440,180,180
別立ち2_並乳服_ノーパン下着_憤怒_16_ブレイク,16_別立_ブレイク.webp,360,1440,180,180

別顔2_裸_並乳拆分_16_ブレイク,16_別顔_ブレイク_胸.webp,180,180,180,180
別顔2_服_下着_並乳拆分_16_ブレイク,16_別顔_ブレイク_胸.webp,360,180,180,180
別顔2_服_バニー_並乳拆分_16_ブレイク,16_別顔_ブレイク_胸.webp,540,180,180,180

;------------------------------------------------------------
;17_アリス
;------------------------------------------------------------
;服
別立ち_服_通常_17,17_別立.webp,0,0,180,180
別立ち_服_笑顔_17,17_別立.webp,180,0,180,180
別立ち_服_憤怒_17,17_別立.webp,360,0,180,180
別立ち_服_睡眠_17,17_別立.webp,0,540,180,180
別立ち_服_襦袢_睡眠_17,17_別立.webp,360,540,180,180
別立ち_服_ベビードール_睡眠_17,17_別立_ex.webp,0,0,180,180
別立ち_服_ノーパンベビー_睡眠_17,17_別立_ex.webp,180,0,180,180
;裸
別立ち_裸_通常_17,17_別立.webp,0,180,180,180
別立ち_裸_笑顔_17,17_別立.webp,180,180,180,180
別立ち_裸_憤怒_17,17_別立.webp,360,180,180,180
別立ち_裸_睡眠_17,17_別立.webp,180,540,180,180

;服
別顔_服_通常_17,17_別顔.webp,0,0,180,180
別顔_服_笑顔_17,17_別顔.webp,180,0,180,180
別顔_服_憤怒_17,17_別顔.webp,360,0,180,180
別顔_服_睡眠_17,17_別顔.webp,720,0,180,180
別顔_服_発情_17,17_別顔.webp,900,0,180,180
別顔_服_襦袢_睡眠_17,17_別顔_下着.webp,720,180,180,180
別顔_服_ベビードール_睡眠_17,17_別顔_下着.webp,720,540,180,180
;裸
別顔_裸_通常_17,17_別顔.webp,0,180,180,180
別顔_裸_笑顔_17,17_別顔.webp,180,180,180,180
別顔_裸_憤怒_17,17_別顔.webp,360,180,180,180
別顔_裸_睡眠_17,17_別顔.webp,720,360,180,180
別顔_裸_自慰_17,17_別顔.webp,720,180,180,180
別顔_裸_発情_17,17_別顔.webp,900,180,180,180
別顔_裸_愛撫_17,17_別顔.webp,0,360,180,180
別顔_裸_性交_17,17_別顔.webp,180,360,180,180

;特殊服装
別立ち_服_下着_通常_17,17_別立.webp,0,360,180,180
別立ち_服_下着_笑顔_17,17_別立.webp,180,360,180,180
別立ち_服_下着_憤怒_17,17_別立.webp,360,360,180,180
別立ち_服_ノーブラ下着_通常_17,17_別立.webp,0,1260,180,180
別立ち_服_ノーブラ下着_笑顔_17,17_別立.webp,180,1260,180,180
別立ち_服_ノーブラ下着_憤怒_17,17_別立.webp,360,1260,180,180
別立ち_服_ノーパン下着_通常_17,17_別立.webp,0,1440,180,180
別立ち_服_ノーパン下着_笑顔_17,17_別立.webp,180,1440,180,180
別立ち_服_ノーパン下着_憤怒_17,17_別立.webp,360,1440,180,180
別立ち_服_固有下着_通常_17,17_別立.webp,0,1720,180,180
別立ち_服_固有下着_笑顔_17,17_別立.webp,180,1720,180,180
別立ち_服_固有下着_憤怒_17,17_別立.webp,360,1720,180,180
別顔_服_下着_通常_17,17_別顔_下着.webp,0,0,180,180
別顔_服_下着_笑顔_17,17_別顔_下着.webp,180,0,180,180
別顔_服_下着_憤怒_17,17_別顔_下着.webp,360,0,180,180
別顔_服_下着_自慰_17,17_別顔_下着.webp,720,0,180,180
別顔_服_下着_発情_17,17_別顔_下着.webp,900,0,180,180
別顔_服_下着_愛撫_17,17_別顔_下着.webp,0,180,180,180
別顔_服_下着_性交_17,17_別顔_下着.webp,720,0,180,180
別顔_服_固有下着_通常_17,17_別顔_下着.webp,0,360,180,180
別顔_服_固有下着_笑顔_17,17_別顔_下着.webp,180,360,180,180
別顔_服_固有下着_憤怒_17,17_別顔_下着.webp,360,360,180,180
別顔_服_固有下着_自慰_17,17_別顔_下着.webp,720,360,180,180
別顔_服_固有下着_発情_17,17_別顔_下着.webp,900,360,180,180
別顔_服_固有下着_愛撫_17,17_別顔_下着.webp,0,540,180,180
別顔_服_固有下着_性交_17,17_別顔_下着.webp,720,360,180,180

;エフェクト
別顔_照れ_17,17_別顔.webp,540,0,180,180
別顔_吐息_17,17_別顔.webp,360,360,180,180
別顔_汗_17,17_別顔.webp,540,180,180,180
別顔_裸汗_17,17_別顔.webp,540,360,180,180
;******************************
;コスプレ
;******************************
;バニー
別立ち_服_バニー_通常_17,17_別立.webp,0,720,180,180
別立ち_服_バニー_笑顔_17,17_別立.webp,180,720,180,180
別立ち_服_バニー_憤怒_17,17_別立.webp,360,720,180,180
別顔_服_バニー_通常_17,17_別顔_コスプレ.webp,0,0,180,180
別顔_服_バニー_笑顔_17,17_別顔_コスプレ.webp,180,0,180,180
別顔_服_バニー_憤怒_17,17_別顔_コスプレ.webp,360,0,180,180
別顔_服_バニー_発情_17,17_別顔_コスプレ.webp,900,0,180,180

;セーラー
別立ち_服_セーラー_通常_17,17_別立.webp,0,900,180,180
別立ち_服_セーラー_笑顔_17,17_別立.webp,180,900,180,180
別立ち_服_セーラー_憤怒_17,17_別立.webp,360,900,180,180
別顔_服_セーラー_通常_17,17_別顔_コスプレ.webp,0,180,180,180
別顔_服_セーラー_笑顔_17,17_別顔_コスプレ.webp,180,180,180,180
別顔_服_セーラー_憤怒_17,17_別顔_コスプレ.webp,360,180,180,180
別顔_服_セーラー_発情_17,17_別顔_コスプレ.webp,900,180,180,180

;変T
別立ち_服_変T_通常_17,17_別立.webp,0,1080,180,180
別立ち_服_変T_笑顔_17,17_別立.webp,180,1080,180,180
別立ち_服_変T_憤怒_17,17_別立.webp,360,1080,180,180
別顔_服_変T_通常_17,17_別顔_コスプレ.webp,0,360,180,180
別顔_服_変T_笑顔_17,17_別顔_コスプレ.webp,180,360,180,180
別顔_服_変T_憤怒_17,17_別顔_コスプレ.webp,360,360,180,180
別顔_服_変T_発情_17,17_別顔_コスプレ.webp,900,360,180,180

;年越し
別立ち_服_年越し_通常_17,17_別立_ex.webp,0,360,180,180
別立ち_服_年越し_笑顔_17,17_別立_ex.webp,180,360,180,180
別立ち_服_年越し_憤怒_17,17_別立_ex.webp,360,360,180,180
別顔_服_年越し_通常_17,17_別顔_コスプレ.webp,0,540,180,180
別顔_服_年越し_笑顔_17,17_別顔_コスプレ.webp,180,540,180,180
別顔_服_年越し_憤怒_17,17_別顔_コスプレ.webp,360,540,180,180
別顔_服_年越し_発情_17,17_別顔_コスプレ.webp,900,540,180,180
;******************************
;巨乳差分
;******************************
別立ち_巨乳服_通常_17,17_別立_巨乳.webp,0,0,180,180
別立ち_巨乳服_笑顔_17,17_別立_巨乳.webp,180,0,180,180
別立ち_巨乳服_憤怒_17,17_別立_巨乳.webp,360,0,180,180
別立ち_巨乳服_睡眠_17,17_別立_巨乳.webp,0,540,180,180
別立ち_巨乳裸_通常_17,17_別立_巨乳.webp,0,180,180,180
別立ち_巨乳裸_笑顔_17,17_別立_巨乳.webp,180,180,180,180
別立ち_巨乳裸_憤怒_17,17_別立_巨乳.webp,360,180,180,180
別立ち_巨乳裸_睡眠_17,17_別立_巨乳.webp,180,540,180,180
別立ち_巨乳服_バニー_通常_17,17_別立_巨乳.webp,0,720,180,180
別立ち_巨乳服_バニー_笑顔_17,17_別立_巨乳.webp,180,720,180,180
別立ち_巨乳服_バニー_憤怒_17,17_別立_巨乳.webp,360,720,180,180
別立ち_巨乳服_セーラー_通常_17,17_別立_巨乳.webp,0,900,180,180
別立ち_巨乳服_セーラー_笑顔_17,17_別立_巨乳.webp,180,900,180,180
別立ち_巨乳服_セーラー_憤怒_17,17_別立_巨乳.webp,360,900,180,180
別立ち_巨乳服_変T_通常_17,17_別立_巨乳.webp,0,1080,180,180
別立ち_巨乳服_変T_笑顔_17,17_別立_巨乳.webp,180,1080,180,180
別立ち_巨乳服_変T_憤怒_17,17_別立_巨乳.webp,360,1080,180,180
別立ち_巨乳服_下着_通常_17,17_別立_巨乳.webp,0,360,180,180
別立ち_巨乳服_下着_笑顔_17,17_別立_巨乳.webp,180,360,180,180
別立ち_巨乳服_下着_憤怒_17,17_別立_巨乳.webp,360,360,180,180
別立ち_巨乳服_ノーブラ下着_通常_17,17_別立_巨乳.webp,0,1260,180,180
別立ち_巨乳服_ノーブラ下着_笑顔_17,17_別立_巨乳.webp,180,1260,180,180
別立ち_巨乳服_ノーブラ下着_憤怒_17,17_別立_巨乳.webp,360,1260,180,180
別立ち_巨乳服_ノーパン下着_通常_17,17_別立_巨乳.webp,0,1440,180,180
別立ち_巨乳服_ノーパン下着_笑顔_17,17_別立_巨乳.webp,180,1440,180,180
別立ち_巨乳服_ノーパン下着_憤怒_17,17_別立_巨乳.webp,360,1440,180,180
別立ち_巨乳服_固有下着_通常_17,17_別立_巨乳.webp,0,1720,180,180
別立ち_巨乳服_固有下着_笑顔_17,17_別立_巨乳.webp,180,1720,180,180
別立ち_巨乳服_固有下着_憤怒_17,17_別立_巨乳.webp,360,1720,180,180
別立ち_巨乳服_襦袢_睡眠_17,17_別立_巨乳.webp,360,540,180,180
別立ち_巨乳服_ベビードール_睡眠_17,17_別立_ex.webp,0,180,180,180
別立ち_巨乳服_ノーパンベビー_睡眠_17,17_別立_ex.webp,180,180,180,180

別顔_巨乳服_襦袢_睡眠_17,17_別顔_下着.webp,900,180,180,180
別顔_巨乳服_ベビードール_睡眠_17,17_別顔_下着.webp,900,540,180,180

別顔_服_巨乳拆分_17,17_別顔_胸.webp,0,0,180,180
別顔_服_睡眠_巨乳拆分_17,17_別顔_胸.webp,180,0,180,180
別顔_服_下着_巨乳拆分_17,17_別顔_胸.webp,360,0,180,180
別顔_服_バニー_巨乳拆分_17,17_別顔_胸.webp,540,0,180,180
別顔_服_セーラー_巨乳拆分_17,17_別顔_胸.webp,720,0,180,180
別顔_服_変T_巨乳拆分_17,17_別顔_胸.webp,900,0,180,180
別顔_裸_巨乳拆分_17,17_別顔_胸.webp,0,180,180,180
別顔_服_固有下着_巨乳拆分_17,17_別顔_胸.webp,360,180,180,180
;******************************
;貧乳差分
;******************************
別立ち_貧乳服_通常_17,17_別立.webp,0,0,180,180
別立ち_貧乳服_笑顔_17,17_別立.webp,180,0,180,180
別立ち_貧乳服_憤怒_17,17_別立.webp,360,0,180,180
別立ち_貧乳服_睡眠_17,17_別立.webp,0,540,180,180
別立ち_貧乳裸_通常_17,17_別立_貧乳.webp,0,0,180,180
別立ち_貧乳裸_笑顔_17,17_別立_貧乳.webp,180,0,180,180
別立ち_貧乳裸_憤怒_17,17_別立_貧乳.webp,360,0,180,180
別立ち_貧乳裸_睡眠_17,17_別立_貧乳.webp,180,180,180,180
別立ち_貧乳服_バニー_通常_17,17_別立_貧乳.webp,0,360,180,180
別立ち_貧乳服_バニー_笑顔_17,17_別立_貧乳.webp,180,360,180,180
別立ち_貧乳服_バニー_憤怒_17,17_別立_貧乳.webp,360,360,180,180
別立ち_貧乳服_セーラー_通常_17,17_別立.webp,0,900,180,180
別立ち_貧乳服_セーラー_笑顔_17,17_別立.webp,180,900,180,180
別立ち_貧乳服_セーラー_憤怒_17,17_別立.webp,360,900,180,180
別立ち_貧乳服_変T_通常_17,17_別立.webp,0,1080,180,180
別立ち_貧乳服_変T_笑顔_17,17_別立.webp,180,1080,180,180
別立ち_貧乳服_変T_憤怒_17,17_別立.webp,360,1080,180,180
別立ち_貧乳服_下着_通常_17,17_別立.webp,0,360,180,180
別立ち_貧乳服_下着_笑顔_17,17_別立.webp,180,360,180,180
別立ち_貧乳服_下着_憤怒_17,17_別立.webp,360,360,180,180
別立ち_貧乳服_ノーブラ下着_通常_17,17_別立_貧乳.webp,0,540,180,180
別立ち_貧乳服_ノーブラ下着_笑顔_17,17_別立_貧乳.webp,180,540,180,180
別立ち_貧乳服_ノーブラ下着_憤怒_17,17_別立_貧乳.webp,360,540,180,180
別立ち_貧乳服_ノーパン下着_通常_17,17_別立.webp,0,1440,180,180
別立ち_貧乳服_ノーパン下着_笑顔_17,17_別立.webp,180,1440,180,180
別立ち_貧乳服_ノーパン下着_憤怒_17,17_別立.webp,360,1440,180,180
別立ち_貧乳服_固有下着_通常_17,17_別立.webp,0,1720,180,180
別立ち_貧乳服_固有下着_笑顔_17,17_別立.webp,180,1720,180,180
別立ち_貧乳服_固有下着_憤怒_17,17_別立.webp,360,1720,180,180
別立ち_貧乳服_襦袢_睡眠_17,17_別立.webp,360,540,180,180
別立ち_貧乳服_ベビードール_睡眠_17,17_別立_ex.webp,0,0,180,180
別立ち_貧乳服_ノーパンベビー_睡眠_17,17_別立_ex.webp,180,0,180,180

別顔_貧乳服_襦袢_睡眠_17,17_別顔_下着.webp,720,180,180,180
別顔_貧乳服_ベビードール_睡眠_17,17_別顔_下着.webp,720,540,180,180

別顔_裸_貧乳拆分_17,17_別顔_胸.webp,180,180,180,180
別顔_服_バニー_貧乳拆分_17,17_別顔_胸.webp,540,180,180,180

;------------------------------------------------------------
;18_リリーＷ
;------------------------------------------------------------
;服
別立ち_服_通常_18,18_別立.webp,0,0,180,180
別立ち_服_笑顔_18,18_別立.webp,180,0,180,180
別立ち_服_憤怒_18,18_別立.webp,360,0,180,180
別立ち_服_睡眠_18,18_別立.webp,0,540,180,180
;裸
別立ち_裸_通常_18,18_別立.webp,0,180,180,180
別立ち_裸_笑顔_18,18_別立.webp,180,180,180,180
別立ち_裸_憤怒_18,18_別立.webp,360,180,180,180
別立ち_裸_睡眠_18,18_別立.webp,180,540,180,180

;服
別顔_服_通常_18,18_別顔.webp,0,0,180,180
別顔_服_笑顔_18,18_別顔.webp,180,0,180,180
別顔_服_憤怒_18,18_別顔.webp,360,0,180,180
別顔_服_睡眠_18,18_別顔.webp,720,0,180,180
別顔_服_発情_18,18_別顔.webp,900,0,180,180
;裸
別顔_裸_通常_18,18_別顔.webp,0,180,180,180
別顔_裸_笑顔_18,18_別顔.webp,180,180,180,180
別顔_裸_憤怒_18,18_別顔.webp,360,180,180,180
別顔_裸_睡眠_18,18_別顔.webp,720,360,180,180
別顔_裸_自慰_18,18_別顔.webp,720,180,180,180
別顔_裸_発情_18,18_別顔.webp,900,180,180,180
別顔_裸_愛撫_18,18_別顔.webp,0,360,180,180
別顔_裸_性交_18,18_別顔.webp,180,360,180,180

;特殊服装
別立ち_服_下着_通常_18,18_別立.webp,0,360,180,180
別立ち_服_下着_笑顔_18,18_別立.webp,180,360,180,180
別立ち_服_下着_憤怒_18,18_別立.webp,360,360,180,180
別立ち_服_ノーブラ下着_通常_18,18_別立.webp,0,1260,180,180
別立ち_服_ノーブラ下着_笑顔_18,18_別立.webp,180,1260,180,180
別立ち_服_ノーブラ下着_憤怒_18,18_別立.webp,360,1260,180,180
別立ち_服_ノーパン下着_通常_18,18_別立.webp,0,1440,180,180
別立ち_服_ノーパン下着_笑顔_18,18_別立.webp,180,1440,180,180
別立ち_服_ノーパン下着_憤怒_18,18_別立.webp,360,1440,180,180
別顔_服_下着_通常_18,18_別顔_下着.webp,0,0,180,180
別顔_服_下着_笑顔_18,18_別顔_下着.webp,180,0,180,180
別顔_服_下着_憤怒_18,18_別顔_下着.webp,360,0,180,180
別顔_服_下着_自慰_18,18_別顔_下着.webp,720,0,180,180
別顔_服_下着_発情_18,18_別顔_下着.webp,900,0,180,180
別顔_服_下着_愛撫_18,18_別顔_下着.webp,0,180,180,180
別顔_服_下着_性交_18,18_別顔_下着.webp,180,180,180,180

;エフェクト
別顔_照れ_18,18_別顔.webp,540,0,180,180
別顔_吐息_18,18_別顔.webp,360,360,180,180
別顔_汗_18,18_別顔.webp,540,180,180,180
別顔_裸汗_18,18_別顔.webp,540,360,180,180
;******************************
;コスプレ
;******************************
;バニー
別立ち_服_バニー_通常_18,18_別立.webp,0,720,180,180
別立ち_服_バニー_笑顔_18,18_別立.webp,180,720,180,180
別立ち_服_バニー_憤怒_18,18_別立.webp,360,720,180,180
別顔_服_バニー_通常_18,18_別顔_コスプレ.webp,0,0,180,180
別顔_服_バニー_笑顔_18,18_別顔_コスプレ.webp,180,0,180,180
別顔_服_バニー_憤怒_18,18_別顔_コスプレ.webp,360,0,180,180
別顔_服_バニー_発情_18,18_別顔_コスプレ.webp,900,0,180,180

;セーラー
別立ち_服_セーラー_通常_18,18_別立.webp,0,900,180,180
別立ち_服_セーラー_笑顔_18,18_別立.webp,180,900,180,180
別立ち_服_セーラー_憤怒_18,18_別立.webp,360,900,180,180
別顔_服_セーラー_通常_18,18_別顔_コスプレ.webp,0,180,180,180
別顔_服_セーラー_笑顔_18,18_別顔_コスプレ.webp,180,180,180,180
別顔_服_セーラー_憤怒_18,18_別顔_コスプレ.webp,360,180,180,180
別顔_服_セーラー_発情_18,18_別顔_コスプレ.webp,900,180,180,180

;変T
別立ち_服_変T_通常_18,18_別立.webp,0,1080,180,180
別立ち_服_変T_笑顔_18,18_別立.webp,180,1080,180,180
別立ち_服_変T_憤怒_18,18_別立.webp,360,1080,180,180
別顔_服_変T_通常_18,18_別顔_コスプレ.webp,0,360,180,180
別顔_服_変T_笑顔_18,18_別顔_コスプレ.webp,180,360,180,180
別顔_服_変T_憤怒_18,18_別顔_コスプレ.webp,360,360,180,180
別顔_服_変T_発情_18,18_別顔_コスプレ.webp,900,360,180,180
;******************************
;巨乳差分
;******************************
別立ち_巨乳服_通常_18,18_別立_巨乳.webp,0,0,180,180
別立ち_巨乳服_笑顔_18,18_別立_巨乳.webp,180,0,180,180
別立ち_巨乳服_憤怒_18,18_別立_巨乳.webp,360,0,180,180
別立ち_巨乳服_睡眠_18,18_別立_巨乳.webp,0,540,180,180
別立ち_巨乳裸_通常_18,18_別立_巨乳.webp,0,180,180,180
別立ち_巨乳裸_笑顔_18,18_別立_巨乳.webp,180,180,180,180
別立ち_巨乳裸_憤怒_18,18_別立_巨乳.webp,360,180,180,180
別立ち_巨乳裸_睡眠_18,18_別立_巨乳.webp,180,540,180,180
別立ち_巨乳服_バニー_通常_18,18_別立_巨乳.webp,0,720,180,180
別立ち_巨乳服_バニー_笑顔_18,18_別立_巨乳.webp,180,720,180,180
別立ち_巨乳服_バニー_憤怒_18,18_別立_巨乳.webp,360,720,180,180
別立ち_巨乳服_セーラー_通常_18,18_別立_巨乳.webp,0,900,180,180
別立ち_巨乳服_セーラー_笑顔_18,18_別立_巨乳.webp,180,900,180,180
別立ち_巨乳服_セーラー_憤怒_18,18_別立_巨乳.webp,360,900,180,180
別立ち_巨乳服_変T_通常_18,18_別立_巨乳.webp,0,1080,180,180
別立ち_巨乳服_変T_笑顔_18,18_別立_巨乳.webp,180,1080,180,180
別立ち_巨乳服_変T_憤怒_18,18_別立_巨乳.webp,360,1080,180,180
別立ち_巨乳服_下着_通常_18,18_別立_巨乳.webp,0,360,180,180
別立ち_巨乳服_下着_笑顔_18,18_別立_巨乳.webp,180,360,180,180
別立ち_巨乳服_下着_憤怒_18,18_別立_巨乳.webp,360,360,180,180
別立ち_巨乳服_ノーブラ下着_通常_18,18_別立_巨乳.webp,0,1260,180,180
別立ち_巨乳服_ノーブラ下着_笑顔_18,18_別立_巨乳.webp,180,1260,180,180
別立ち_巨乳服_ノーブラ下着_憤怒_18,18_別立_巨乳.webp,360,1260,180,180
別立ち_巨乳服_ノーパン下着_通常_18,18_別立_巨乳.webp,0,1440,180,180
別立ち_巨乳服_ノーパン下着_笑顔_18,18_別立_巨乳.webp,180,1440,180,180
別立ち_巨乳服_ノーパン下着_憤怒_18,18_別立_巨乳.webp,360,1440,180,180

別顔_服_巨乳拆分_18,18_別顔_胸.webp,0,0,180,180
別顔_服_睡眠_巨乳拆分_18,18_別顔_胸.webp,180,0,180,180
別顔_服_下着_巨乳拆分_18,18_別顔_胸.webp,360,0,180,180
別顔_服_バニー_巨乳拆分_18,18_別顔_胸.webp,540,0,180,180
別顔_服_セーラー_巨乳拆分_18,18_別顔_胸.webp,720,0,180,180
別顔_服_変T_巨乳拆分_18,18_別顔_胸.webp,900,0,180,180
別顔_裸_巨乳拆分_18,18_別顔_胸.webp,0,180,180,180
;******************************
;貧乳差分
;******************************
別立ち_貧乳服_通常_18,18_別立.webp,0,0,180,180
別立ち_貧乳服_笑顔_18,18_別立.webp,180,0,180,180
別立ち_貧乳服_憤怒_18,18_別立.webp,360,0,180,180
別立ち_貧乳服_睡眠_18,18_別立.webp,0,540,180,180
別立ち_貧乳裸_通常_18,18_別立_貧乳.webp,0,0,180,180
別立ち_貧乳裸_笑顔_18,18_別立_貧乳.webp,180,0,180,180
別立ち_貧乳裸_憤怒_18,18_別立_貧乳.webp,360,0,180,180
別立ち_貧乳裸_睡眠_18,18_別立_貧乳.webp,180,180,180,180
別立ち_貧乳服_バニー_通常_18,18_別立_貧乳.webp,0,360,180,180
別立ち_貧乳服_バニー_笑顔_18,18_別立_貧乳.webp,180,360,180,180
別立ち_貧乳服_バニー_憤怒_18,18_別立_貧乳.webp,360,360,180,180
別立ち_貧乳服_セーラー_通常_18,18_別立.webp,0,900,180,180
別立ち_貧乳服_セーラー_笑顔_18,18_別立.webp,180,900,180,180
別立ち_貧乳服_セーラー_憤怒_18,18_別立.webp,360,900,180,180
別立ち_貧乳服_変T_通常_18,18_別立.webp,0,1080,180,180
別立ち_貧乳服_変T_笑顔_18,18_別立.webp,180,1080,180,180
別立ち_貧乳服_変T_憤怒_18,18_別立.webp,360,1080,180,180
別立ち_貧乳服_下着_通常_18,18_別立.webp,0,360,180,180
別立ち_貧乳服_下着_笑顔_18,18_別立.webp,180,360,180,180
別立ち_貧乳服_下着_憤怒_18,18_別立.webp,360,360,180,180
別立ち_貧乳服_ノーブラ下着_通常_18,18_別立_貧乳.webp,0,540,180,180
別立ち_貧乳服_ノーブラ下着_笑顔_18,18_別立_貧乳.webp,180,540,180,180
別立ち_貧乳服_ノーブラ下着_憤怒_18,18_別立_貧乳.webp,360,540,180,180
別立ち_貧乳服_ノーパン下着_通常_18,18_別立.webp,0,1440,180,180
別立ち_貧乳服_ノーパン下着_笑顔_18,18_別立.webp,180,1440,180,180
別立ち_貧乳服_ノーパン下着_憤怒_18,18_別立.webp,360,1440,180,180

別顔_貧乳裸_通常_18,18_別顔.webp,0,180,180,180
別顔_貧乳裸_笑顔_18,18_別顔.webp,180,180,180,180
別顔_貧乳裸_憤怒_18,18_別顔.webp,360,180,180,180
別顔_貧乳裸_睡眠_18,18_別顔.webp,720,360,180,180
別顔_貧乳裸_発情_18,18_別顔.webp,900,180,180,180
別顔_貧乳裸_自慰_18,18_別顔.webp,720,180,180,180
別顔_貧乳裸_愛撫_18,18_別顔.webp,0,360,180,180
別顔_貧乳裸_性交_18,18_別顔.webp,180,360,180,180

別顔_貧乳服_バニー_通常_18,18_別顔_コスプレ.webp,0,0,180,180
別顔_貧乳服_バニー_笑顔_18,18_別顔_コスプレ.webp,180,0,180,180
別顔_貧乳服_バニー_憤怒_18,18_別顔_コスプレ.webp,360,0,180,180
別顔_貧乳服_バニー_発情_18,18_別顔_コスプレ.webp,900,0,180,180

別顔_裸_並乳拆分_18,18_別顔_胸.webp,180,180,180,180
別顔_服_バニー_並乳拆分_18,18_別顔_胸.webp,540,180,180,180

;------------------------------------------------------------
;19_リリーＢ
;------------------------------------------------------------
;服
別立ち_服_通常_19,19_別立.webp,0,0,180,180
別立ち_服_笑顔_19,19_別立.webp,180,0,180,180
別立ち_服_憤怒_19,19_別立.webp,360,0,180,180
別立ち_服_睡眠_19,19_別立.webp,0,540,180,180
;裸
別立ち_裸_通常_19,19_別立.webp,0,180,180,180
別立ち_裸_笑顔_19,19_別立.webp,180,180,180,180
別立ち_裸_憤怒_19,19_別立.webp,360,180,180,180
別立ち_裸_睡眠_19,19_別立.webp,180,540,180,180

;服
別顔_服_通常_19,19_別顔.webp,0,0,180,180
別顔_服_笑顔_19,19_別顔.webp,180,0,180,180
別顔_服_憤怒_19,19_別顔.webp,360,0,180,180
別顔_服_睡眠_19,19_別顔.webp,720,0,180,180
別顔_服_発情_19,19_別顔.webp,900,0,180,180
;裸
別顔_裸_通常_19,19_別顔.webp,0,180,180,180
別顔_裸_笑顔_19,19_別顔.webp,180,180,180,180
別顔_裸_憤怒_19,19_別顔.webp,360,180,180,180
別顔_裸_睡眠_19,19_別顔.webp,720,360,180,180
別顔_裸_自慰_19,19_別顔.webp,720,180,180,180
別顔_裸_発情_19,19_別顔.webp,900,180,180,180
別顔_裸_愛撫_19,19_別顔.webp,0,360,180,180
別顔_裸_性交_19,19_別顔.webp,180,360,180,180

;特殊服装
別立ち_服_下着_通常_19,19_別立.webp,0,360,180,180
別立ち_服_下着_笑顔_19,19_別立.webp,180,360,180,180
別立ち_服_下着_憤怒_19,19_別立.webp,360,360,180,180
別立ち_服_ノーブラ下着_通常_19,19_別立.webp,0,1260,180,180
別立ち_服_ノーブラ下着_笑顔_19,19_別立.webp,180,1260,180,180
別立ち_服_ノーブラ下着_憤怒_19,19_別立.webp,360,1260,180,180
別立ち_服_ノーパン下着_通常_19,19_別立.webp,0,1440,180,180
別立ち_服_ノーパン下着_笑顔_19,19_別立.webp,180,1440,180,180
別立ち_服_ノーパン下着_憤怒_19,19_別立.webp,360,1440,180,180
別顔_服_下着_通常_19,19_別顔_下着.webp,0,0,180,180
別顔_服_下着_笑顔_19,19_別顔_下着.webp,180,0,180,180
別顔_服_下着_憤怒_19,19_別顔_下着.webp,360,0,180,180
別顔_服_下着_自慰_19,19_別顔_下着.webp,720,0,180,180
別顔_服_下着_発情_19,19_別顔_下着.webp,900,0,180,180
別顔_服_下着_愛撫_19,19_別顔_下着.webp,0,180,180,180
別顔_服_下着_性交_19,19_別顔_下着.webp,180,180,180,180

;エフェクト
別顔_照れ_19,19_別顔.webp,540,0,180,180
別顔_吐息_19,19_別顔.webp,360,360,180,180
別顔_汗_19,19_別顔.webp,540,180,180,180
別顔_裸汗_19,19_別顔.webp,540,360,180,180
;******************************
;コスプレ
;******************************
;バニー
別立ち_服_バニー_通常_19,19_別立.webp,0,720,180,180
別立ち_服_バニー_笑顔_19,19_別立.webp,180,720,180,180
別立ち_服_バニー_憤怒_19,19_別立.webp,360,720,180,180
別顔_服_バニー_通常_19,19_別顔_コスプレ.webp,0,0,180,180
別顔_服_バニー_笑顔_19,19_別顔_コスプレ.webp,180,0,180,180
別顔_服_バニー_憤怒_19,19_別顔_コスプレ.webp,360,0,180,180
別顔_服_バニー_発情_19,19_別顔_コスプレ.webp,900,0,180,180

;セーラー
別立ち_服_セーラー_通常_19,19_別立.webp,0,900,180,180
別立ち_服_セーラー_笑顔_19,19_別立.webp,180,900,180,180
別立ち_服_セーラー_憤怒_19,19_別立.webp,360,900,180,180
別顔_服_セーラー_通常_19,19_別顔_コスプレ.webp,0,180,180,180
別顔_服_セーラー_笑顔_19,19_別顔_コスプレ.webp,180,180,180,180
別顔_服_セーラー_憤怒_19,19_別顔_コスプレ.webp,360,180,180,180
別顔_服_セーラー_発情_19,19_別顔_コスプレ.webp,900,180,180,180

;変T
別立ち_服_変T_通常_19,19_別立.webp,0,1080,180,180
別立ち_服_変T_笑顔_19,19_別立.webp,180,1080,180,180
別立ち_服_変T_憤怒_19,19_別立.webp,360,1080,180,180
別顔_服_変T_通常_19,19_別顔_コスプレ.webp,0,360,180,180
別顔_服_変T_笑顔_19,19_別顔_コスプレ.webp,180,360,180,180
別顔_服_変T_憤怒_19,19_別顔_コスプレ.webp,360,360,180,180
別顔_服_変T_発情_19,19_別顔_コスプレ.webp,900,360,180,180
;******************************
;巨乳差分
;******************************
別立ち_巨乳服_通常_19,19_別立_巨乳.webp,0,0,180,180
別立ち_巨乳服_笑顔_19,19_別立_巨乳.webp,180,0,180,180
別立ち_巨乳服_憤怒_19,19_別立_巨乳.webp,360,0,180,180
別立ち_巨乳服_睡眠_19,19_別立_巨乳.webp,0,540,180,180
別立ち_巨乳裸_通常_19,19_別立_巨乳.webp,0,180,180,180
別立ち_巨乳裸_笑顔_19,19_別立_巨乳.webp,180,180,180,180
別立ち_巨乳裸_憤怒_19,19_別立_巨乳.webp,360,180,180,180
別立ち_巨乳裸_睡眠_19,19_別立_巨乳.webp,180,540,180,180
別立ち_巨乳服_バニー_通常_19,19_別立_巨乳.webp,0,720,180,180
別立ち_巨乳服_バニー_笑顔_19,19_別立_巨乳.webp,180,720,180,180
別立ち_巨乳服_バニー_憤怒_19,19_別立_巨乳.webp,360,720,180,180
別立ち_巨乳服_セーラー_通常_19,19_別立_巨乳.webp,0,900,180,180
別立ち_巨乳服_セーラー_笑顔_19,19_別立_巨乳.webp,180,900,180,180
別立ち_巨乳服_セーラー_憤怒_19,19_別立_巨乳.webp,360,900,180,180
別立ち_巨乳服_変T_通常_19,19_別立_巨乳.webp,0,1080,180,180
別立ち_巨乳服_変T_笑顔_19,19_別立_巨乳.webp,180,1080,180,180
別立ち_巨乳服_変T_憤怒_19,19_別立_巨乳.webp,360,1080,180,180
別立ち_巨乳服_下着_通常_19,19_別立_巨乳.webp,0,360,180,180
別立ち_巨乳服_下着_笑顔_19,19_別立_巨乳.webp,180,360,180,180
別立ち_巨乳服_下着_憤怒_19,19_別立_巨乳.webp,360,360,180,180
別立ち_巨乳服_ノーブラ下着_通常_19,19_別立_巨乳.webp,0,1260,180,180
別立ち_巨乳服_ノーブラ下着_笑顔_19,19_別立_巨乳.webp,180,1260,180,180
別立ち_巨乳服_ノーブラ下着_憤怒_19,19_別立_巨乳.webp,360,1260,180,180
別立ち_巨乳服_ノーパン下着_通常_19,19_別立_巨乳.webp,0,1440,180,180
別立ち_巨乳服_ノーパン下着_笑顔_19,19_別立_巨乳.webp,180,1440,180,180
別立ち_巨乳服_ノーパン下着_憤怒_19,19_別立_巨乳.webp,360,1440,180,180

別顔_服_巨乳拆分_19,19_別顔_胸.webp,0,0,180,180
別顔_服_睡眠_巨乳拆分_19,19_別顔_胸.webp,180,0,180,180
別顔_服_下着_巨乳拆分_19,19_別顔_胸.webp,360,0,180,180
別顔_服_バニー_巨乳拆分_19,19_別顔_胸.webp,540,0,180,180
別顔_服_セーラー_巨乳拆分_19,19_別顔_胸.webp,720,0,180,180
別顔_服_変T_巨乳拆分_19,19_別顔_胸.webp,900,0,180,180
別顔_裸_巨乳拆分_19,19_別顔_胸.webp,0,180,180,180
;******************************
;貧乳差分
;******************************
別立ち_貧乳服_通常_19,19_別立.webp,0,0,180,180
別立ち_貧乳服_笑顔_19,19_別立.webp,180,0,180,180
別立ち_貧乳服_憤怒_19,19_別立.webp,360,0,180,180
別立ち_貧乳服_睡眠_19,19_別立.webp,0,540,180,180
別立ち_貧乳裸_通常_19,19_別立_貧乳.webp,0,0,180,180
別立ち_貧乳裸_笑顔_19,19_別立_貧乳.webp,180,0,180,180
別立ち_貧乳裸_憤怒_19,19_別立_貧乳.webp,360,0,180,180
別立ち_貧乳裸_睡眠_19,19_別立_貧乳.webp,180,180,180,180
別立ち_貧乳服_バニー_通常_19,19_別立_貧乳.webp,0,360,180,180
別立ち_貧乳服_バニー_笑顔_19,19_別立_貧乳.webp,180,360,180,180
別立ち_貧乳服_バニー_憤怒_19,19_別立_貧乳.webp,360,360,180,180
別立ち_貧乳服_セーラー_通常_19,19_別立.webp,0,900,180,180
別立ち_貧乳服_セーラー_笑顔_19,19_別立.webp,180,900,180,180
別立ち_貧乳服_セーラー_憤怒_19,19_別立.webp,360,900,180,180
別立ち_貧乳服_変T_通常_19,19_別立.webp,0,1080,180,180
別立ち_貧乳服_変T_笑顔_19,19_別立.webp,180,1080,180,180
別立ち_貧乳服_変T_憤怒_19,19_別立.webp,360,1080,180,180
別立ち_貧乳服_下着_通常_19,19_別立.webp,0,360,180,180
別立ち_貧乳服_下着_笑顔_19,19_別立.webp,180,360,180,180
別立ち_貧乳服_下着_憤怒_19,19_別立.webp,360,360,180,180
別立ち_貧乳服_ノーブラ下着_通常_19,19_別立_貧乳.webp,0,540,180,180
別立ち_貧乳服_ノーブラ下着_笑顔_19,19_別立_貧乳.webp,180,540,180,180
別立ち_貧乳服_ノーブラ下着_憤怒_19,19_別立_貧乳.webp,360,540,180,180
別立ち_貧乳服_ノーパン下着_通常_19,19_別立.webp,0,1440,180,180
別立ち_貧乳服_ノーパン下着_笑顔_19,19_別立.webp,180,1440,180,180
別立ち_貧乳服_ノーパン下着_憤怒_19,19_別立.webp,360,1440,180,180

別顔_貧乳裸_通常_19,19_別顔.webp,0,180,180,180
別顔_貧乳裸_笑顔_19,19_別顔.webp,180,180,180,180
別顔_貧乳裸_憤怒_19,19_別顔.webp,360,180,180,180
別顔_貧乳裸_睡眠_19,19_別顔.webp,720,360,180,180
別顔_貧乳裸_発情_19,19_別顔.webp,900,180,180,180
別顔_貧乳裸_自慰_19,19_別顔.webp,720,180,180,180
別顔_貧乳裸_愛撫_19,19_別顔.webp,0,360,180,180
別顔_貧乳裸_性交_19,19_別顔.webp,180,360,180,180

別顔_貧乳服_バニー_通常_19,19_別顔_コスプレ.webp,0,0,180,180
別顔_貧乳服_バニー_笑顔_19,19_別顔_コスプレ.webp,180,0,180,180
別顔_貧乳服_バニー_憤怒_19,19_別顔_コスプレ.webp,360,0,180,180
別顔_貧乳服_バニー_発情_19,19_別顔_コスプレ.webp,900,0,180,180

別顔_裸_並乳拆分_19,19_別顔_胸.webp,180,180,180,180
別顔_服_バニー_並乳拆分_19,19_別顔_胸.webp,540,180,180,180

;------------------------------------------------------------
;20_リリカ
;------------------------------------------------------------
;服
別立ち2_服_通常_20,20_別立.webp,0,0,180,180
別立ち2_服_笑顔_20,20_別立.webp,180,0,180,180
別立ち2_服_憤怒_20,20_別立.webp,360,0,180,180
別立ち2_服_睡眠_20,20_別立.webp,0,540,180,180
;裸
別立ち2_裸_通常_20,20_別立.webp,0,180,180,180
別立ち2_裸_笑顔_20,20_別立.webp,180,180,180,180
別立ち2_裸_憤怒_20,20_別立.webp,360,180,180,180
別立ち2_裸_睡眠_20,20_別立.webp,180,540,180,180

;服
別顔2_服_通常_20,20_別顔.webp,0,0,180,180
別顔2_服_笑顔_20,20_別顔.webp,180,0,180,180
別顔2_服_憤怒_20,20_別顔.webp,360,0,180,180
別顔2_服_睡眠_20,20_別顔.webp,720,0,180,180
別顔2_服_発情_20,20_別顔.webp,900,0,180,180
;裸
別顔2_裸_通常_20,20_別顔.webp,0,180,180,180
別顔2_裸_笑顔_20,20_別顔.webp,180,180,180,180
別顔2_裸_憤怒_20,20_別顔.webp,360,180,180,180
別顔2_裸_睡眠_20,20_別顔.webp,720,360,180,180
別顔2_裸_自慰_20,20_別顔.webp,720,180,180,180
別顔2_裸_発情_20,20_別顔.webp,900,180,180,180
別顔2_裸_愛撫_20,20_別顔.webp,0,360,180,180
別顔2_裸_性交_20,20_別顔.webp,180,360,180,180

;下着
別立ち2_服_下着_通常_20,20_別立.webp,0,360,180,180
別立ち2_服_下着_笑顔_20,20_別立.webp,180,360,180,180
別立ち2_服_下着_憤怒_20,20_別立.webp,360,360,180,180
別立ち2_服_ノーブラ下着_通常_20,20_別立.webp,0,1260,180,180
別立ち2_服_ノーブラ下着_笑顔_20,20_別立.webp,180,1260,180,180
別立ち2_服_ノーブラ下着_憤怒_20,20_別立.webp,360,1260,180,180
別立ち2_服_ノーパン下着_通常_20,20_別立.webp,0,1440,180,180
別立ち2_服_ノーパン下着_笑顔_20,20_別立.webp,180,1440,180,180
別立ち2_服_ノーパン下着_憤怒_20,20_別立.webp,360,1440,180,180
別顔2_服_下着_通常_20,20_別顔_下着.webp,0,0,180,180
別顔2_服_下着_笑顔_20,20_別顔_下着.webp,180,0,180,180
別顔2_服_下着_憤怒_20,20_別顔_下着.webp,360,0,180,180
別顔2_服_下着_自慰_20,20_別顔_下着.webp,720,0,180,180
別顔2_服_下着_発情_20,20_別顔_下着.webp,900,0,180,180
別顔2_服_下着_愛撫_20,20_別顔_下着.webp,0,180,180,180
別顔2_服_下着_性交_20,20_別顔_下着.webp,180,180,180,180

;エフェクト
別顔2_照れ_20,20_別顔.webp,540,0,180,180
別顔2_吐息_20,20_別顔.webp,360,360,180,180
別顔2_汗_20,20_別顔.webp,540,180,180,180
別顔2_裸汗_20,20_別顔.webp,540,360,180,180

;******************************
;コスプレ
;******************************
;バニー
別立ち2_服_バニー_通常_20,20_別立.webp,0,720,180,180
別立ち2_服_バニー_笑顔_20,20_別立.webp,180,720,180,180
別立ち2_服_バニー_憤怒_20,20_別立.webp,360,720,180,180
別顔2_服_バニー_通常_20,20_別顔_コスプレ.webp,0,0,180,180
別顔2_服_バニー_笑顔_20,20_別顔_コスプレ.webp,180,0,180,180
別顔2_服_バニー_憤怒_20,20_別顔_コスプレ.webp,360,0,180,180
別顔2_服_バニー_発情_20,20_別顔_コスプレ.webp,900,0,180,180

;セーラー
別立ち2_服_セーラー_通常_20,20_別立.webp,0,900,180,180
別立ち2_服_セーラー_笑顔_20,20_別立.webp,180,900,180,180
別立ち2_服_セーラー_憤怒_20,20_別立.webp,360,900,180,180
別顔2_服_セーラー_通常_20,20_別顔_コスプレ.webp,0,180,180,180
別顔2_服_セーラー_笑顔_20,20_別顔_コスプレ.webp,180,180,180,180
別顔2_服_セーラー_憤怒_20,20_別顔_コスプレ.webp,360,180,180,180
別顔2_服_セーラー_発情_20,20_別顔_コスプレ.webp,900,180,180,180

;変T
別立ち2_服_変T_通常_20,20_別立.webp,0,1080,180,180
別立ち2_服_変T_笑顔_20,20_別立.webp,180,1080,180,180
別立ち2_服_変T_憤怒_20,20_別立.webp,360,1080,180,180
別顔2_服_変T_通常_20,20_別顔_コスプレ.webp,0,360,180,180
別顔2_服_変T_笑顔_20,20_別顔_コスプレ.webp,180,360,180,180
別顔2_服_変T_憤怒_20,20_別顔_コスプレ.webp,360,360,180,180
別顔2_服_変T_発情_20,20_別顔_コスプレ.webp,900,360,180,180
;******************************
;巨乳差分
;******************************
別立ち2_巨乳服_通常_20,20_別立_巨乳.webp,0,0,180,180
別立ち2_巨乳服_笑顔_20,20_別立_巨乳.webp,180,0,180,180
別立ち2_巨乳服_憤怒_20,20_別立_巨乳.webp,360,0,180,180
別立ち2_巨乳服_睡眠_20,20_別立_巨乳.webp,0,540,180,180
別立ち2_巨乳裸_通常_20,20_別立_巨乳.webp,0,180,180,180
別立ち2_巨乳裸_笑顔_20,20_別立_巨乳.webp,180,180,180,180
別立ち2_巨乳裸_憤怒_20,20_別立_巨乳.webp,360,180,180,180
別立ち2_巨乳裸_睡眠_20,20_別立_巨乳.webp,180,540,180,180
別立ち2_巨乳服_バニー_通常_20,20_別立_巨乳.webp,0,720,180,180
別立ち2_巨乳服_バニー_笑顔_20,20_別立_巨乳.webp,180,720,180,180
別立ち2_巨乳服_バニー_憤怒_20,20_別立_巨乳.webp,360,720,180,180
別立ち2_巨乳服_セーラー_通常_20,20_別立_巨乳.webp,0,900,180,180
別立ち2_巨乳服_セーラー_笑顔_20,20_別立_巨乳.webp,180,900,180,180
別立ち2_巨乳服_セーラー_憤怒_20,20_別立_巨乳.webp,360,900,180,180
別立ち2_巨乳服_変T_通常_20,20_別立_巨乳.webp,0,1080,180,180
別立ち2_巨乳服_変T_笑顔_20,20_別立_巨乳.webp,180,1080,180,180
別立ち2_巨乳服_変T_憤怒_20,20_別立_巨乳.webp,360,1080,180,180
別立ち2_巨乳服_下着_通常_20,20_別立_巨乳.webp,0,360,180,180
別立ち2_巨乳服_下着_笑顔_20,20_別立_巨乳.webp,180,360,180,180
別立ち2_巨乳服_下着_憤怒_20,20_別立_巨乳.webp,360,360,180,180
別立ち2_巨乳服_ノーブラ下着_通常_20,20_別立_巨乳.webp,0,1260,180,180
別立ち2_巨乳服_ノーブラ下着_笑顔_20,20_別立_巨乳.webp,180,1260,180,180
別立ち2_巨乳服_ノーブラ下着_憤怒_20,20_別立_巨乳.webp,360,1260,180,180
別立ち2_巨乳服_ノーパン下着_通常_20,20_別立_巨乳.webp,0,1440,180,180
別立ち2_巨乳服_ノーパン下着_笑顔_20,20_別立_巨乳.webp,180,1440,180,180
別立ち2_巨乳服_ノーパン下着_憤怒_20,20_別立_巨乳.webp,360,1440,180,180

別顔2_服_巨乳拆分_20,20_別顔_胸.webp,0,0,180,180
別顔2_服_睡眠_巨乳拆分_20,20_別顔_胸.webp,180,0,180,180
別顔2_服_下着_巨乳拆分_20,20_別顔_胸.webp,360,0,180,180
別顔2_服_バニー_巨乳拆分_20,20_別顔_胸.webp,540,0,180,180
別顔2_服_セーラー_巨乳拆分_20,20_別顔_胸.webp,720,0,180,180
別顔2_服_変T_巨乳拆分_20,20_別顔_胸.webp,900,0,180,180
別顔2_裸_巨乳拆分_20,20_別顔_胸.webp,0,180,180,180
;******************************
;並乳差分
;******************************
別立ち2_並乳服_通常_20,20_別立.webp,0,0,180,180
別立ち2_並乳服_笑顔_20,20_別立.webp,180,0,180,180
別立ち2_並乳服_憤怒_20,20_別立.webp,360,0,180,180
別立ち2_並乳服_睡眠_20,20_別立.webp,0,540,180,180
別立ち2_並乳裸_通常_20,20_別立_並乳.webp,0,0,180,180
別立ち2_並乳裸_笑顔_20,20_別立_並乳.webp,180,0,180,180
別立ち2_並乳裸_憤怒_20,20_別立_並乳.webp,360,0,180,180
別立ち2_並乳裸_睡眠_20,20_別立_並乳.webp,180,360,180,180
別立ち2_並乳服_バニー_通常_20,20_別立_並乳.webp,0,360,180,180
別立ち2_並乳服_バニー_笑顔_20,20_別立_並乳.webp,180,360,180,180
別立ち2_並乳服_バニー_憤怒_20,20_別立_並乳.webp,360,360,180,180
別立ち2_並乳服_セーラー_通常_20,20_別立.webp,0,900,180,180
別立ち2_並乳服_セーラー_笑顔_20,20_別立.webp,180,900,180,180
別立ち2_並乳服_セーラー_憤怒_20,20_別立.webp,360,900,180,180
別立ち2_並乳服_変T_通常_20,20_別立.webp,0,1080,180,180
別立ち2_並乳服_変T_笑顔_20,20_別立.webp,180,1080,180,180
別立ち2_並乳服_変T_憤怒_20,20_別立.webp,360,1080,180,180
別立ち2_並乳服_下着_通常_20,20_別立.webp,0,360,180,180
別立ち2_並乳服_下着_笑顔_20,20_別立.webp,180,360,180,180
別立ち2_並乳服_下着_憤怒_20,20_別立.webp,360,360,180,180
別立ち2_並乳服_ノーブラ下着_通常_20,20_別立_並乳.webp,0,540,180,180
別立ち2_並乳服_ノーブラ下着_笑顔_20,20_別立_並乳.webp,180,540,180,180
別立ち2_並乳服_ノーブラ下着_憤怒_20,20_別立_並乳.webp,360,540,180,180
別立ち2_並乳服_ノーパン下着_通常_20,20_別立.webp,0,1440,180,180
別立ち2_並乳服_ノーパン下着_笑顔_20,20_別立.webp,180,1440,180,180
別立ち2_並乳服_ノーパン下着_憤怒_20,20_別立.webp,360,1440,180,180

別顔2_裸_並乳拆分_20,20_別顔_胸.webp,180,180,180,180
別顔2_服_下着_並乳拆分_20,20_別顔_胸.webp,360,180,180,180
別顔2_服_バニー_並乳拆分_20,20_別顔_胸.webp,540,180,180,180

;------------------------------------------------------------
;21_メルラン
;------------------------------------------------------------
;服
別立ち3_貧乳服_通常_21,21_別立_並乳.webp,0,0,180,180
別立ち3_貧乳服_笑顔_21,21_別立_並乳.webp,180,0,180,180
別立ち3_貧乳服_憤怒_21,21_別立_並乳.webp,360,0,180,180
別立ち3_貧乳服_睡眠_21,21_別立_並乳.webp,0,540,180,180
;裸
別立ち3_貧乳裸_通常_21,21_別立_貧乳.webp,0,0,180,180
別立ち3_貧乳裸_笑顔_21,21_別立_貧乳.webp,180,0,180,180
別立ち3_貧乳裸_憤怒_21,21_別立_貧乳.webp,360,0,180,180
別立ち3_貧乳裸_睡眠_21,21_別立_貧乳.webp,180,360,180,180

;服
別顔3_服_通常_21,21_別顔.webp,0,0,180,180
別顔3_服_笑顔_21,21_別顔.webp,180,0,180,180
別顔3_服_憤怒_21,21_別顔.webp,360,0,180,180
別顔3_服_睡眠_21,21_別顔.webp,720,0,180,180
別顔3_服_発情_21,21_別顔.webp,900,0,180,180
;裸
別顔3_裸_通常_21,21_別顔.webp,0,180,180,180
別顔3_裸_笑顔_21,21_別顔.webp,180,180,180,180
別顔3_裸_憤怒_21,21_別顔.webp,360,180,180,180
別顔3_裸_睡眠_21,21_別顔.webp,720,360,180,180
別顔3_裸_自慰_21,21_別顔.webp,720,180,180,180
別顔3_裸_発情_21,21_別顔.webp,900,180,180,180
別顔3_裸_愛撫_21,21_別顔.webp,0,360,180,180
別顔3_裸_性交_21,21_別顔.webp,180,360,180,180

;下着
別立ち3_貧乳服_下着_通常_21,21_別立_貧乳.webp,0,180,180,180
別立ち3_貧乳服_下着_笑顔_21,21_別立_貧乳.webp,180,180,180,180
別立ち3_貧乳服_下着_憤怒_21,21_別立_貧乳.webp,360,180,180,180
別立ち3_貧乳服_ノーブラ下着_通常_21,21_別立_貧乳.webp,0,720,180,180
別立ち3_貧乳服_ノーブラ下着_笑顔_21,21_別立_貧乳.webp,180,720,180,180
別立ち3_貧乳服_ノーブラ下着_憤怒_21,21_別立_貧乳.webp,360,720,180,180
別立ち3_貧乳服_ノーパン下着_通常_21,21_別立_貧乳.webp,0,900,180,180
別立ち3_貧乳服_ノーパン下着_笑顔_21,21_別立_貧乳.webp,180,900,180,180
別立ち3_貧乳服_ノーパン下着_憤怒_21,21_別立_貧乳.webp,360,900,180,180
別顔3_服_下着_通常_21,21_別顔_下着.webp,0,0,180,180
別顔3_服_下着_笑顔_21,21_別顔_下着.webp,180,0,180,180
別顔3_服_下着_憤怒_21,21_別顔_下着.webp,360,0,180,180
別顔3_服_下着_自慰_21,21_別顔_下着.webp,720,0,180,180
別顔3_服_下着_発情_21,21_別顔_下着.webp,900,0,180,180
別顔3_服_下着_愛撫_21,21_別顔_下着.webp,0,180,180,180
別顔3_服_下着_性交_21,21_別顔_下着.webp,180,180,180,180

;エフェクト
別顔3_照れ_21,21_別顔.webp,540,0,180,180
別顔3_吐息_21,21_別顔.webp,360,360,180,180
別顔3_汗_21,21_別顔.webp,540,180,180,180
別顔3_裸汗_21,21_別顔.webp,540,360,180,180

;******************************
;コスプレ
;******************************
;バニー
別立ち3_貧乳服_バニー_通常_21,21_別立_貧乳.webp,0,540,180,180
別立ち3_貧乳服_バニー_笑顔_21,21_別立_貧乳.webp,180,540,180,180
別立ち3_貧乳服_バニー_憤怒_21,21_別立_貧乳.webp,360,540,180,180
別顔3_服_バニー_通常_21,21_別顔_コスプレ.webp,0,0,180,180
別顔3_服_バニー_笑顔_21,21_別顔_コスプレ.webp,180,0,180,180
別顔3_服_バニー_憤怒_21,21_別顔_コスプレ.webp,360,0,180,180
別顔3_服_バニー_発情_21,21_別顔_コスプレ.webp,900,0,180,180

;セーラー
別立ち3_貧乳服_セーラー_通常_21,21_別立_並乳.webp,0,900,180,180
別立ち3_貧乳服_セーラー_笑顔_21,21_別立_並乳.webp,180,900,180,180
別立ち3_貧乳服_セーラー_憤怒_21,21_別立_並乳.webp,360,900,180,180
別顔3_服_セーラー_通常_21,21_別顔_コスプレ.webp,0,180,180,180
別顔3_服_セーラー_笑顔_21,21_別顔_コスプレ.webp,180,180,180,180
別顔3_服_セーラー_憤怒_21,21_別顔_コスプレ.webp,360,180,180,180
別顔3_服_セーラー_発情_21,21_別顔_コスプレ.webp,900,180,180,180

;変T
別立ち3_貧乳服_変T_通常_21,21_別立_並乳.webp,0,1080,180,180
別立ち3_貧乳服_変T_笑顔_21,21_別立_並乳.webp,180,1080,180,180
別立ち3_貧乳服_変T_憤怒_21,21_別立_並乳.webp,360,1080,180,180
別顔3_服_変T_通常_21,21_別顔_コスプレ.webp,0,360,180,180
別顔3_服_変T_笑顔_21,21_別顔_コスプレ.webp,180,360,180,180
別顔3_服_変T_憤怒_21,21_別顔_コスプレ.webp,360,360,180,180
別顔3_服_変T_発情_21,21_別顔_コスプレ.webp,900,360,180,180
;******************************
;巨乳差分
;******************************
別立ち3_服_通常_21,21_別立.webp,0,0,180,180
別立ち3_服_笑顔_21,21_別立.webp,180,0,180,180
別立ち3_服_憤怒_21,21_別立.webp,360,0,180,180
別立ち3_服_睡眠_21,21_別立.webp,0,540,180,180
別立ち3_裸_通常_21,21_別立.webp,0,180,180,180
別立ち3_裸_笑顔_21,21_別立.webp,180,180,180,180
別立ち3_裸_憤怒_21,21_別立.webp,360,180,180,180
別立ち3_裸_睡眠_21,21_別立.webp,180,540,180,180
別立ち3_服_バニー_通常_21,21_別立.webp,0,720,180,180
別立ち3_服_バニー_笑顔_21,21_別立.webp,180,720,180,180
別立ち3_服_バニー_憤怒_21,21_別立.webp,360,720,180,180
別立ち3_服_セーラー_通常_21,21_別立.webp,0,900,180,180
別立ち3_服_セーラー_笑顔_21,21_別立.webp,180,900,180,180
別立ち3_服_セーラー_憤怒_21,21_別立.webp,360,900,180,180
別立ち3_服_変T_通常_21,21_別立.webp,0,1080,180,180
別立ち3_服_変T_笑顔_21,21_別立.webp,180,1080,180,180
別立ち3_服_変T_憤怒_21,21_別立.webp,360,1080,180,180
別立ち3_服_下着_通常_21,21_別立.webp,0,360,180,180
別立ち3_服_下着_笑顔_21,21_別立.webp,180,360,180,180
別立ち3_服_下着_憤怒_21,21_別立.webp,360,360,180,180
別立ち3_服_ノーブラ下着_通常_21,21_別立.webp,0,1260,180,180
別立ち3_服_ノーブラ下着_笑顔_21,21_別立.webp,180,1260,180,180
別立ち3_服_ノーブラ下着_憤怒_21,21_別立.webp,360,1260,180,180
別立ち3_服_ノーパン下着_通常_21,21_別立.webp,0,1440,180,180
別立ち3_服_ノーパン下着_笑顔_21,21_別立.webp,180,1440,180,180
別立ち3_服_ノーパン下着_憤怒_21,21_別立.webp,360,1440,180,180

別顔3_服_巨乳拆分_21,21_別顔_胸.webp,0,0,180,180
別顔3_服_睡眠_巨乳拆分_21,21_別顔_胸.webp,180,0,180,180
別顔3_服_下着_巨乳拆分_21,21_別顔_胸.webp,360,0,180,180
別顔3_服_バニー_巨乳拆分_21,21_別顔_胸.webp,540,0,180,180
別顔3_服_セーラー_巨乳拆分_21,21_別顔_胸.webp,720,0,180,180
別顔3_服_変T_巨乳拆分_21,21_別顔_胸.webp,900,0,180,180
別顔3_裸_巨乳拆分_21,21_別顔_胸.webp,0,180,180,180
;******************************
;並乳差分
;******************************
別立ち3_並乳服_通常_21,21_別立_並乳.webp,0,0,180,180
別立ち3_並乳服_笑顔_21,21_別立_並乳.webp,180,0,180,180
別立ち3_並乳服_憤怒_21,21_別立_並乳.webp,360,0,180,180
別立ち3_並乳服_睡眠_21,21_別立_並乳.webp,0,540,180,180
別立ち3_並乳裸_通常_21,21_別立_並乳.webp,0,180,180,180
別立ち3_並乳裸_笑顔_21,21_別立_並乳.webp,180,180,180,180
別立ち3_並乳裸_憤怒_21,21_別立_並乳.webp,360,180,180,180
別立ち3_並乳裸_睡眠_21,21_別立_並乳.webp,180,540,180,180
別立ち3_並乳服_バニー_通常_21,21_別立_並乳.webp,0,720,180,180
別立ち3_並乳服_バニー_笑顔_21,21_別立_並乳.webp,180,720,180,180
別立ち3_並乳服_バニー_憤怒_21,21_別立_並乳.webp,360,720,180,180
別立ち3_並乳服_セーラー_通常_21,21_別立_並乳.webp,0,900,180,180
別立ち3_並乳服_セーラー_笑顔_21,21_別立_並乳.webp,180,900,180,180
別立ち3_並乳服_セーラー_憤怒_21,21_別立_並乳.webp,360,900,180,180
別立ち3_並乳服_変T_通常_21,21_別立_並乳.webp,0,1080,180,180
別立ち3_並乳服_変T_笑顔_21,21_別立_並乳.webp,180,1080,180,180
別立ち3_並乳服_変T_憤怒_21,21_別立_並乳.webp,360,1080,180,180
別立ち3_並乳服_下着_通常_21,21_別立_並乳.webp,0,360,180,180
別立ち3_並乳服_下着_笑顔_21,21_別立_並乳.webp,180,360,180,180
別立ち3_並乳服_下着_憤怒_21,21_別立_並乳.webp,360,360,180,180
別立ち3_並乳服_ノーブラ下着_通常_21,21_別立_並乳.webp,0,1260,180,180
別立ち3_並乳服_ノーブラ下着_笑顔_21,21_別立_並乳.webp,180,1260,180,180
別立ち3_並乳服_ノーブラ下着_憤怒_21,21_別立_並乳.webp,360,1260,180,180
別立ち3_並乳服_ノーパン下着_通常_21,21_別立_並乳.webp,0,1440,180,180
別立ち3_並乳服_ノーパン下着_笑顔_21,21_別立_並乳.webp,180,1440,180,180
別立ち3_並乳服_ノーパン下着_憤怒_21,21_別立_並乳.webp,360,1440,180,180

別顔3_裸_並乳拆分_21,21_別顔_胸.webp,180,180,180,180
別顔3_服_下着_並乳拆分_21,21_別顔_胸.webp,360,180,180,180
別顔3_服_バニー_並乳拆分_21,21_別顔_胸.webp,540,180,180,180

;------------------------------------------------------------
;22_ルナサ
;------------------------------------------------------------
;服
別立ち3_服_通常_22,22_別立.webp,0,0,180,180
別立ち3_服_笑顔_22,22_別立.webp,180,0,180,180
別立ち3_服_憤怒_22,22_別立.webp,360,0,180,180
別立ち3_服_睡眠_22,22_別立.webp,0,540,180,180
;裸
別立ち3_裸_通常_22,22_別立.webp,0,180,180,180
別立ち3_裸_笑顔_22,22_別立.webp,180,180,180,180
別立ち3_裸_憤怒_22,22_別立.webp,360,180,180,180
別立ち3_裸_睡眠_22,22_別立.webp,180,540,180,180

;服
別顔3_服_通常_22,22_別顔.webp,0,0,180,180
別顔3_服_笑顔_22,22_別顔.webp,180,0,180,180
別顔3_服_憤怒_22,22_別顔.webp,360,0,180,180
別顔3_服_睡眠_22,22_別顔.webp,720,0,180,180
別顔3_服_発情_22,22_別顔.webp,900,0,180,180
;裸
別顔3_裸_通常_22,22_別顔.webp,0,180,180,180
別顔3_裸_笑顔_22,22_別顔.webp,180,180,180,180
別顔3_裸_憤怒_22,22_別顔.webp,360,180,180,180
別顔3_裸_睡眠_22,22_別顔.webp,720,360,180,180
別顔3_裸_自慰_22,22_別顔.webp,720,180,180,180
別顔3_裸_発情_22,22_別顔.webp,900,180,180,180
別顔3_裸_愛撫_22,22_別顔.webp,0,360,180,180
別顔3_裸_性交_22,22_別顔.webp,180,360,180,180

;特殊服装
別立ち3_服_下着_通常_22,22_別立.webp,0,360,180,180
別立ち3_服_下着_笑顔_22,22_別立.webp,180,360,180,180
別立ち3_服_下着_憤怒_22,22_別立.webp,360,360,180,180
別立ち3_服_ノーブラ下着_通常_22,22_別立.webp,0,1260,180,180
別立ち3_服_ノーブラ下着_笑顔_22,22_別立.webp,180,1260,180,180
別立ち3_服_ノーブラ下着_憤怒_22,22_別立.webp,360,1260,180,180
別立ち3_服_ノーパン下着_通常_22,22_別立.webp,0,1440,180,180
別立ち3_服_ノーパン下着_笑顔_22,22_別立.webp,180,1440,180,180
別立ち3_服_ノーパン下着_憤怒_22,22_別立.webp,360,1440,180,180
別顔3_服_下着_通常_22,22_別顔_下着.webp,0,0,180,180
別顔3_服_下着_笑顔_22,22_別顔_下着.webp,180,0,180,180
別顔3_服_下着_憤怒_22,22_別顔_下着.webp,360,0,180,180
別顔3_服_下着_自慰_22,22_別顔_下着.webp,720,0,180,180
別顔3_服_下着_発情_22,22_別顔_下着.webp,900,0,180,180
別顔3_服_下着_愛撫_22,22_別顔_下着.webp,0,180,180,180
別顔3_服_下着_性交_22,22_別顔_下着.webp,180,180,180,180

;エフェクト
別顔3_照れ_22,22_別顔.webp,540,0,180,180
別顔3_吐息_22,22_別顔.webp,360,360,180,180
別顔3_汗_22,22_別顔.webp,540,180,180,180
別顔3_裸汗_22,22_別顔.webp,540,360,180,180

;******************************
;コスプレ
;******************************
;バニー
別立ち3_服_バニー_通常_22,22_別立.webp,0,720,180,180
別立ち3_服_バニー_笑顔_22,22_別立.webp,180,720,180,180
別立ち3_服_バニー_憤怒_22,22_別立.webp,360,720,180,180
別顔3_服_バニー_通常_22,22_別顔_コスプレ.webp,0,0,180,180
別顔3_服_バニー_笑顔_22,22_別顔_コスプレ.webp,180,0,180,180
別顔3_服_バニー_憤怒_22,22_別顔_コスプレ.webp,360,0,180,180
別顔3_服_バニー_発情_22,22_別顔_コスプレ.webp,900,0,180,180

;セーラー
別立ち3_服_セーラー_通常_22,22_別立.webp,0,900,180,180
別立ち3_服_セーラー_笑顔_22,22_別立.webp,180,900,180,180
別立ち3_服_セーラー_憤怒_22,22_別立.webp,360,900,180,180
別顔3_服_セーラー_通常_22,22_別顔_コスプレ.webp,0,180,180,180
別顔3_服_セーラー_笑顔_22,22_別顔_コスプレ.webp,180,180,180,180
別顔3_服_セーラー_憤怒_22,22_別顔_コスプレ.webp,360,180,180,180
別顔3_服_セーラー_発情_22,22_別顔_コスプレ.webp,900,180,180,180

;変T
別立ち3_服_変T_通常_22,22_別立.webp,0,1080,180,180
別立ち3_服_変T_笑顔_22,22_別立.webp,180,1080,180,180
別立ち3_服_変T_憤怒_22,22_別立.webp,360,1080,180,180
別顔3_服_変T_通常_22,22_別顔_コスプレ.webp,0,360,180,180
別顔3_服_変T_笑顔_22,22_別顔_コスプレ.webp,180,360,180,180
別顔3_服_変T_憤怒_22,22_別顔_コスプレ.webp,360,360,180,180
別顔3_服_変T_発情_22,22_別顔_コスプレ.webp,900,360,180,180
;******************************
;巨乳差分
;******************************
別立ち3_巨乳服_通常_22,22_別立_巨乳.webp,0,0,180,180
別立ち3_巨乳服_笑顔_22,22_別立_巨乳.webp,180,0,180,180
別立ち3_巨乳服_憤怒_22,22_別立_巨乳.webp,360,0,180,180
別立ち3_巨乳服_睡眠_22,22_別立_巨乳.webp,0,540,180,180
別立ち3_巨乳裸_通常_22,22_別立_巨乳.webp,0,180,180,180
別立ち3_巨乳裸_笑顔_22,22_別立_巨乳.webp,180,180,180,180
別立ち3_巨乳裸_憤怒_22,22_別立_巨乳.webp,360,180,180,180
別立ち3_巨乳裸_睡眠_22,22_別立_巨乳.webp,180,540,180,180
別立ち3_巨乳服_バニー_通常_22,22_別立_巨乳.webp,0,720,180,180
別立ち3_巨乳服_バニー_笑顔_22,22_別立_巨乳.webp,180,720,180,180
別立ち3_巨乳服_バニー_憤怒_22,22_別立_巨乳.webp,360,720,180,180
別立ち3_巨乳服_セーラー_通常_22,22_別立_巨乳.webp,0,900,180,180
別立ち3_巨乳服_セーラー_笑顔_22,22_別立_巨乳.webp,180,900,180,180
別立ち3_巨乳服_セーラー_憤怒_22,22_別立_巨乳.webp,360,900,180,180
別立ち3_巨乳服_変T_通常_22,22_別立_巨乳.webp,0,1080,180,180
別立ち3_巨乳服_変T_笑顔_22,22_別立_巨乳.webp,180,1080,180,180
別立ち3_巨乳服_変T_憤怒_22,22_別立_巨乳.webp,360,1080,180,180
別立ち3_巨乳服_下着_通常_22,22_別立_巨乳.webp,0,360,180,180
別立ち3_巨乳服_下着_笑顔_22,22_別立_巨乳.webp,180,360,180,180
別立ち3_巨乳服_下着_憤怒_22,22_別立_巨乳.webp,360,360,180,180
別立ち3_巨乳服_ノーブラ下着_通常_22,22_別立_巨乳.webp,0,1260,180,180
別立ち3_巨乳服_ノーブラ下着_笑顔_22,22_別立_巨乳.webp,180,1260,180,180
別立ち3_巨乳服_ノーブラ下着_憤怒_22,22_別立_巨乳.webp,360,1260,180,180
別立ち3_巨乳服_ノーパン下着_通常_22,22_別立_巨乳.webp,0,1440,180,180
別立ち3_巨乳服_ノーパン下着_笑顔_22,22_別立_巨乳.webp,180,1440,180,180
別立ち3_巨乳服_ノーパン下着_憤怒_22,22_別立_巨乳.webp,360,1440,180,180

別顔3_服_巨乳拆分_22,22_別顔_胸.webp,0,0,180,180
別顔3_服_睡眠_巨乳拆分_22,22_別顔_胸.webp,180,0,180,180
別顔3_服_下着_巨乳拆分_22,22_別顔_胸.webp,360,0,180,180
別顔3_服_バニー_巨乳拆分_22,22_別顔_胸.webp,540,0,180,180
別顔3_服_セーラー_巨乳拆分_22,22_別顔_胸.webp,720,0,180,180
別顔3_服_変T_巨乳拆分_22,22_別顔_胸.webp,900,0,180,180
別顔3_裸_巨乳拆分_22,22_別顔_胸.webp,0,180,180,180
;******************************
;貧乳差分
;******************************
別立ち3_貧乳服_通常_22,22_別立.webp,0,0,180,180
別立ち3_貧乳服_笑顔_22,22_別立.webp,180,0,180,180
別立ち3_貧乳服_憤怒_22,22_別立.webp,360,0,180,180
別立ち3_貧乳服_睡眠_22,22_別立.webp,0,540,180,180
別立ち3_貧乳裸_通常_22,22_別立_貧乳.webp,0,0,180,180
別立ち3_貧乳裸_笑顔_22,22_別立_貧乳.webp,180,0,180,180
別立ち3_貧乳裸_憤怒_22,22_別立_貧乳.webp,360,0,180,180
別立ち3_貧乳裸_睡眠_22,22_別立_貧乳.webp,180,360,180,180
別立ち3_貧乳服_バニー_通常_22,22_別立_貧乳.webp,0,540,180,180
別立ち3_貧乳服_バニー_笑顔_22,22_別立_貧乳.webp,180,540,180,180
別立ち3_貧乳服_バニー_憤怒_22,22_別立_貧乳.webp,360,540,180,180
別立ち3_貧乳服_セーラー_通常_22,22_別立.webp,0,900,180,180
別立ち3_貧乳服_セーラー_笑顔_22,22_別立.webp,180,900,180,180
別立ち3_貧乳服_セーラー_憤怒_22,22_別立.webp,360,900,180,180
別立ち3_貧乳服_変T_通常_22,22_別立.webp,0,1080,180,180
別立ち3_貧乳服_変T_笑顔_22,22_別立.webp,180,1080,180,180
別立ち3_貧乳服_変T_憤怒_22,22_別立.webp,360,1080,180,180
別立ち3_貧乳服_下着_通常_22,22_別立_貧乳.webp,0,180,180,180
別立ち3_貧乳服_下着_笑顔_22,22_別立_貧乳.webp,180,180,180,180
別立ち3_貧乳服_下着_憤怒_22,22_別立_貧乳.webp,360,180,180,180
別立ち3_貧乳服_ノーブラ下着_通常_22,22_別立_貧乳.webp,0,720,180,180
別立ち3_貧乳服_ノーブラ下着_笑顔_22,22_別立_貧乳.webp,180,720,180,180
別立ち3_貧乳服_ノーブラ下着_憤怒_22,22_別立_貧乳.webp,360,720,180,180
別立ち3_貧乳服_ノーパン下着_通常_22,22_別立_貧乳.webp,0,900,180,180
別立ち3_貧乳服_ノーパン下着_笑顔_22,22_別立_貧乳.webp,180,900,180,180
別立ち3_貧乳服_ノーパン下着_憤怒_22,22_別立_貧乳.webp,360,900,180,180

別顔3_裸_並乳拆分_22,22_別顔_胸.webp,180,180,180,180
別顔3_服_下着_並乳拆分_22,22_別顔_胸.webp,360,180,180,180
別顔3_服_バニー_並乳拆分_22,22_別顔_胸.webp,540,180,180,180
別顔3_裸_睡眠_並乳拆分_22,22_別顔_胸.webp,180,180,180,180

;------------------------------------------------------------
;23_妖夢
;------------------------------------------------------------
;服
別立ち6_服_通常_23,23_別立.webp,0,0,180,180
別立ち6_服_笑顔_23,23_別立.webp,180,0,180,180
別立ち6_服_憤怒_23,23_別立.webp,360,0,180,180
別立ち6_服_睡眠_23,23_別立.webp,0,540,180,180
;裸
別立ち6_裸_通常_23,23_別立.webp,0,180,180,180
別立ち6_裸_笑顔_23,23_別立.webp,180,180,180,180
別立ち6_裸_憤怒_23,23_別立.webp,360,180,180,180
別立ち6_裸_睡眠_23,23_別立.webp,180,540,180,180
;服
別顔6_服_通常_23,23_別顔.webp,0,0,180,180
別顔6_服_笑顔_23,23_別顔.webp,180,0,180,180
別顔6_服_憤怒_23,23_別顔.webp,360,0,180,180
別顔6_服_睡眠_23,23_別顔.webp,720,0,180,180
別顔6_服_発情_23,23_別顔.webp,900,0,180,180
;裸
別顔6_裸_通常_23,23_別顔.webp,0,180,180,180
別顔6_裸_笑顔_23,23_別顔.webp,180,180,180,180
別顔6_裸_憤怒_23,23_別顔.webp,360,180,180,180
別顔6_裸_睡眠_23,23_別顔.webp,720,360,180,180
別顔6_裸_自慰_23,23_別顔.webp,720,180,180,180
別顔6_裸_発情_23,23_別顔.webp,900,180,180,180
別顔6_裸_愛撫_23,23_別顔.webp,0,360,180,180
別顔6_裸_性交_23,23_別顔.webp,180,360,180,180
;下着
別立ち6_服_下着_通常_23,23_別立.webp,0,360,180,180
別立ち6_服_下着_笑顔_23,23_別立.webp,180,360,180,180
別立ち6_服_下着_憤怒_23,23_別立.webp,360,360,180,180
別立ち6_服_ノーブラ下着_通常_23,23_別立.webp,0,1260,180,180
別立ち6_服_ノーブラ下着_笑顔_23,23_別立.webp,180,1260,180,180
別立ち6_服_ノーブラ下着_憤怒_23,23_別立.webp,360,1260,180,180
別立ち6_服_ノーパン下着_通常_23,23_別立.webp,0,1440,180,180
別立ち6_服_ノーパン下着_笑顔_23,23_別立.webp,180,1440,180,180
別立ち6_服_ノーパン下着_憤怒_23,23_別立.webp,360,1440,180,180
別顔6_服_下着_通常_23,23_別顔_下着.webp,0,0,180,180
別顔6_服_下着_笑顔_23,23_別顔_下着.webp,180,0,180,180
別顔6_服_下着_憤怒_23,23_別顔_下着.webp,360,0,180,180
別顔6_服_下着_自慰_23,23_別顔_下着.webp,720,0,180,180
別顔6_服_下着_発情_23,23_別顔_下着.webp,900,0,180,180
別顔6_服_下着_愛撫_23,23_別顔_下着.webp,0,180,180,180
別顔6_服_下着_性交_23,23_別顔_下着.webp,180,180,180,180

;エフェクト
別顔6_照れ_23,23_別顔.webp,540,0,180,180
別顔6_吐息_23,23_別顔.webp,360,360,180,180
別顔6_汗_23,23_別顔.webp,540,180,180,180
別顔6_裸汗_23,23_別顔.webp,540,360,180,180
;******************************
;コスプレ
;******************************
;バニー
別立ち6_服_バニー_通常_23,23_別立.webp,0,720,180,180
別立ち6_服_バニー_笑顔_23,23_別立.webp,180,720,180,180
別立ち6_服_バニー_憤怒_23,23_別立.webp,360,720,180,180
別顔6_服_バニー_通常_23,23_別顔_コスプレ.webp,0,0,180,180
別顔6_服_バニー_笑顔_23,23_別顔_コスプレ.webp,180,0,180,180
別顔6_服_バニー_憤怒_23,23_別顔_コスプレ.webp,360,0,180,180
別顔6_服_バニー_発情_23,23_別顔_コスプレ.webp,900,0,180,180
;セーラー
別立ち6_服_セーラー_通常_23,23_別立.webp,0,900,180,180
別立ち6_服_セーラー_笑顔_23,23_別立.webp,180,900,180,180
別立ち6_服_セーラー_憤怒_23,23_別立.webp,360,900,180,180
別顔6_服_セーラー_通常_23,23_別顔_コスプレ.webp,0,180,180,180
別顔6_服_セーラー_笑顔_23,23_別顔_コスプレ.webp,180,180,180,180
別顔6_服_セーラー_憤怒_23,23_別顔_コスプレ.webp,360,180,180,180
別顔6_服_セーラー_発情_23,23_別顔_コスプレ.webp,900,180,180,180
;変T
別立ち6_服_変T_通常_23,23_別立.webp,0,1080,180,180
別立ち6_服_変T_笑顔_23,23_別立.webp,180,1080,180,180
別立ち6_服_変T_憤怒_23,23_別立.webp,360,1080,180,180
別顔6_服_変T_通常_23,23_別顔_コスプレ.webp,0,360,180,180
別顔6_服_変T_笑顔_23,23_別顔_コスプレ.webp,180,360,180,180
別顔6_服_変T_憤怒_23,23_別顔_コスプレ.webp,360,360,180,180
別顔6_服_変T_発情_23,23_別顔_コスプレ.webp,900,360,180,180
;******************************
;巨乳差分
;******************************
別立ち6_巨乳服_通常_23,23_別立_巨乳.webp,0,0,180,180
別立ち6_巨乳服_笑顔_23,23_別立_巨乳.webp,180,0,180,180
別立ち6_巨乳服_憤怒_23,23_別立_巨乳.webp,360,0,180,180
別立ち6_巨乳服_睡眠_23,23_別立_巨乳.webp,0,540,180,180
別立ち6_巨乳裸_通常_23,23_別立_巨乳.webp,0,180,180,180
別立ち6_巨乳裸_笑顔_23,23_別立_巨乳.webp,180,180,180,180
別立ち6_巨乳裸_憤怒_23,23_別立_巨乳.webp,360,180,180,180
別立ち6_巨乳裸_睡眠_23,23_別立_巨乳.webp,180,540,180,180
別立ち6_巨乳服_バニー_通常_23,23_別立_巨乳.webp,0,720,180,180
別立ち6_巨乳服_バニー_笑顔_23,23_別立_巨乳.webp,180,720,180,180
別立ち6_巨乳服_バニー_憤怒_23,23_別立_巨乳.webp,360,720,180,180
別立ち6_巨乳服_セーラー_通常_23,23_別立_巨乳.webp,0,900,180,180
別立ち6_巨乳服_セーラー_笑顔_23,23_別立_巨乳.webp,180,900,180,180
別立ち6_巨乳服_セーラー_憤怒_23,23_別立_巨乳.webp,360,900,180,180
別立ち6_巨乳服_変T_通常_23,23_別立_巨乳.webp,0,1080,180,180
別立ち6_巨乳服_変T_笑顔_23,23_別立_巨乳.webp,180,1080,180,180
別立ち6_巨乳服_変T_憤怒_23,23_別立_巨乳.webp,360,1080,180,180
別立ち6_巨乳服_下着_通常_23,23_別立_巨乳.webp,0,360,180,180
別立ち6_巨乳服_下着_笑顔_23,23_別立_巨乳.webp,180,360,180,180
別立ち6_巨乳服_下着_憤怒_23,23_別立_巨乳.webp,360,360,180,180
別立ち6_巨乳服_ノーブラ下着_通常_23,23_別立_巨乳.webp,0,1260,180,180
別立ち6_巨乳服_ノーブラ下着_笑顔_23,23_別立_巨乳.webp,180,1260,180,180
別立ち6_巨乳服_ノーブラ下着_憤怒_23,23_別立_巨乳.webp,360,1260,180,180
別立ち6_巨乳服_ノーパン下着_通常_23,23_別立_巨乳.webp,0,1440,180,180
別立ち6_巨乳服_ノーパン下着_笑顔_23,23_別立_巨乳.webp,180,1440,180,180
別立ち6_巨乳服_ノーパン下着_憤怒_23,23_別立_巨乳.webp,360,1440,180,180

別顔6_服_巨乳拆分_23,23_別顔_胸.webp,0,0,180,180
別顔6_服_睡眠_巨乳拆分_23,23_別顔_胸.webp,180,0,180,180
別顔6_服_下着_巨乳拆分_23,23_別顔_胸.webp,360,0,180,180
別顔6_服_バニー_巨乳拆分_23,23_別顔_胸.webp,540,0,180,180
別顔6_服_セーラー_巨乳拆分_23,23_別顔_胸.webp,720,0,180,180
別顔6_服_変T_巨乳拆分_23,23_別顔_胸.webp,900,0,180,180
別顔6_裸_巨乳拆分_23,23_別顔_胸.webp,0,180,180,180
;******************************
;並乳差分
;******************************
別立ち6_並乳服_通常_23,23_別立.webp,0,0,180,180
別立ち6_並乳服_笑顔_23,23_別立.webp,180,0,180,180
別立ち6_並乳服_憤怒_23,23_別立.webp,360,0,180,180
別立ち6_並乳服_睡眠_23,23_別立.webp,0,540,180,180
別立ち6_並乳裸_通常_23,23_別立_並乳.webp,0,0,180,180
別立ち6_並乳裸_笑顔_23,23_別立_並乳.webp,180,0,180,180
別立ち6_並乳裸_憤怒_23,23_別立_並乳.webp,360,0,180,180
別立ち6_並乳裸_睡眠_23,23_別立_並乳.webp,180,360,180,180
別立ち6_並乳服_バニー_通常_23,23_別立_並乳.webp,0,540,180,180
別立ち6_並乳服_バニー_笑顔_23,23_別立_並乳.webp,180,540,180,180
別立ち6_並乳服_バニー_憤怒_23,23_別立_並乳.webp,360,540,180,180
別立ち6_並乳服_セーラー_通常_23,23_別立.webp,0,900,180,180
別立ち6_並乳服_セーラー_笑顔_23,23_別立.webp,180,900,180,180
別立ち6_並乳服_セーラー_憤怒_23,23_別立.webp,360,900,180,180
別立ち6_並乳服_変T_通常_23,23_別立.webp,0,1080,180,180
別立ち6_並乳服_変T_笑顔_23,23_別立.webp,180,1080,180,180
別立ち6_並乳服_変T_憤怒_23,23_別立.webp,360,1080,180,180
別立ち6_並乳服_下着_通常_23,23_別立_並乳.webp,0,180,180,180
別立ち6_並乳服_下着_笑顔_23,23_別立_並乳.webp,180,180,180,180
別立ち6_並乳服_下着_憤怒_23,23_別立_並乳.webp,360,180,180,180
別立ち6_並乳服_ノーブラ下着_通常_23,23_別立_並乳.webp,0,720,180,180
別立ち6_並乳服_ノーブラ下着_笑顔_23,23_別立_並乳.webp,180,720,180,180
別立ち6_並乳服_ノーブラ下着_憤怒_23,23_別立_並乳.webp,360,720,180,180
別立ち6_並乳服_ノーパン下着_通常_23,23_別立_並乳.webp,0,900,180,180
別立ち6_並乳服_ノーパン下着_笑顔_23,23_別立_並乳.webp,180,900,180,180
別立ち6_並乳服_ノーパン下着_憤怒_23,23_別立_並乳.webp,360,900,180,180

別顔6_裸_並乳拆分_23,23_別顔_胸.webp,180,180,180,180
別顔6_服_下着_並乳拆分_23,23_別顔_胸.webp,360,180,180,180
別顔6_服_バニー_並乳拆分_23,23_別顔_胸.webp,540,180,180,180

;------------------------------------------------------------
;57_こころ
;------------------------------------------------------------
;服
別立ち_服_通常_57,57_別立.webp,0,0,180,180
別立ち_服_笑顔_57,57_別立.webp,180,0,180,180
別立ち_服_憤怒_57,57_別立.webp,360,0,180,180
別立ち_服_睡眠_57,57_別立.webp,0,540,180,180
;裸
別立ち_裸_通常_57,57_別立.webp,0,180,180,180
別立ち_裸_笑顔_57,57_別立.webp,180,180,180,180
別立ち_裸_憤怒_57,57_別立.webp,360,180,180,180
別立ち_裸_睡眠_57,57_別立.webp,180,540,180,180

;服
別顔_服_通常_57,57_別顔.webp,0,0,180,180
別顔_服_笑顔_57,57_別顔.webp,180,0,180,180
別顔_服_憤怒_57,57_別顔.webp,360,0,180,180
別顔_服_睡眠_57,57_別顔.webp,720,0,180,180
別顔_服_発情_57,57_別顔.webp,900,0,180,180
;裸
別顔_裸_通常_57,57_別顔.webp,0,180,180,180
別顔_裸_笑顔_57,57_別顔.webp,180,180,180,180
別顔_裸_憤怒_57,57_別顔.webp,360,180,180,180
別顔_裸_睡眠_57,57_別顔.webp,720,360,180,180
別顔_裸_自慰_57,57_別顔.webp,720,180,180,180
別顔_裸_発情_57,57_別顔.webp,900,180,180,180
別顔_裸_愛撫_57,57_別顔.webp,0,360,180,180
別顔_裸_性交_57,57_別顔.webp,180,360,180,180

;特殊服装
別立ち_服_下着_通常_57,57_別立.webp,0,360,180,180
別立ち_服_下着_笑顔_57,57_別立.webp,180,360,180,180
別立ち_服_下着_憤怒_57,57_別立.webp,360,360,180,180
別立ち_服_ノーブラ下着_通常_57,57_別立.webp,0,1260,180,180
別立ち_服_ノーブラ下着_笑顔_57,57_別立.webp,180,1260,180,180
別立ち_服_ノーブラ下着_憤怒_57,57_別立.webp,360,1260,180,180
別立ち_服_ノーパン下着_通常_57,57_別立.webp,0,1440,180,180
別立ち_服_ノーパン下着_笑顔_57,57_別立.webp,180,1440,180,180
別立ち_服_ノーパン下着_憤怒_57,57_別立.webp,360,1440,180,180
別顔_服_下着_通常_57,57_別顔_下着.webp,0,0,180,180
別顔_服_下着_笑顔_57,57_別顔_下着.webp,180,0,180,180
別顔_服_下着_憤怒_57,57_別顔_下着.webp,360,0,180,180
別顔_服_下着_自慰_57,57_別顔_下着.webp,720,0,180,180
別顔_服_下着_発情_57,57_別顔_下着.webp,900,0,180,180
別顔_服_下着_愛撫_57,57_別顔_下着.webp,0,180,180,180
別顔_服_下着_性交_57,57_別顔_下着.webp,180,180,180,180

;エフェクト
別顔_照れ_57,57_別顔.webp,540,0,180,180
別顔_吐息_57,57_別顔.webp,360,360,180,180
別顔_汗_57,57_別顔.webp,540,180,180,180
別顔_裸汗_57,57_別顔.webp,540,360,180,180

;******************************
;コスプレ
;******************************
;バニー
別立ち_服_バニー_通常_57,57_別立.webp,0,720,180,180
別立ち_服_バニー_笑顔_57,57_別立.webp,180,720,180,180
別立ち_服_バニー_憤怒_57,57_別立.webp,360,720,180,180
別顔_服_バニー_通常_57,57_別顔_コスプレ.webp,0,0,180,180
別顔_服_バニー_笑顔_57,57_別顔_コスプレ.webp,180,0,180,180
別顔_服_バニー_憤怒_57,57_別顔_コスプレ.webp,360,0,180,180
別顔_服_バニー_発情_57,57_別顔_コスプレ.webp,900,0,180,180

;セーラー
別立ち_服_セーラー_通常_57,57_別立.webp,0,900,180,180
別立ち_服_セーラー_笑顔_57,57_別立.webp,180,900,180,180
別立ち_服_セーラー_憤怒_57,57_別立.webp,360,900,180,180
別顔_服_セーラー_通常_57,57_別顔_コスプレ.webp,0,180,180,180
別顔_服_セーラー_笑顔_57,57_別顔_コスプレ.webp,180,180,180,180
別顔_服_セーラー_憤怒_57,57_別顔_コスプレ.webp,360,180,180,180
別顔_服_セーラー_発情_57,57_別顔_コスプレ.webp,900,180,180,180

;変T
別立ち_服_変T_通常_57,57_別立.webp,0,1080,180,180
別立ち_服_変T_笑顔_57,57_別立.webp,180,1080,180,180
別立ち_服_変T_憤怒_57,57_別立.webp,360,1080,180,180
別顔_服_変T_通常_57,57_別顔_コスプレ.webp,0,360,180,180
別顔_服_変T_笑顔_57,57_別顔_コスプレ.webp,180,360,180,180
別顔_服_変T_憤怒_57,57_別顔_コスプレ.webp,360,360,180,180
別顔_服_変T_発情_57,57_別顔_コスプレ.webp,900,360,180,180
;******************************
;巨乳差分
;******************************
別立ち_巨乳服_通常_57,57_別立_巨乳.webp,0,0,180,180
別立ち_巨乳服_笑顔_57,57_別立_巨乳.webp,180,0,180,180
別立ち_巨乳服_憤怒_57,57_別立_巨乳.webp,360,0,180,180
別立ち_巨乳服_睡眠_57,57_別立_巨乳.webp,0,540,180,180
別立ち_巨乳裸_通常_57,57_別立_巨乳.webp,0,180,180,180
別立ち_巨乳裸_笑顔_57,57_別立_巨乳.webp,180,180,180,180
別立ち_巨乳裸_憤怒_57,57_別立_巨乳.webp,360,180,180,180
別立ち_巨乳裸_睡眠_57,57_別立_巨乳.webp,180,540,180,180
別立ち_巨乳服_バニー_通常_57,57_別立_巨乳.webp,0,720,180,180
別立ち_巨乳服_バニー_笑顔_57,57_別立_巨乳.webp,180,720,180,180
別立ち_巨乳服_バニー_憤怒_57,57_別立_巨乳.webp,360,720,180,180
別立ち_巨乳服_セーラー_通常_57,57_別立_巨乳.webp,0,900,180,180
別立ち_巨乳服_セーラー_笑顔_57,57_別立_巨乳.webp,180,900,180,180
別立ち_巨乳服_セーラー_憤怒_57,57_別立_巨乳.webp,360,900,180,180
別立ち_巨乳服_変T_通常_57,57_別立_巨乳.webp,0,1080,180,180
別立ち_巨乳服_変T_笑顔_57,57_別立_巨乳.webp,180,1080,180,180
別立ち_巨乳服_変T_憤怒_57,57_別立_巨乳.webp,360,1080,180,180
別立ち_巨乳服_下着_通常_57,57_別立_巨乳.webp,0,360,180,180
別立ち_巨乳服_下着_笑顔_57,57_別立_巨乳.webp,180,360,180,180
別立ち_巨乳服_下着_憤怒_57,57_別立_巨乳.webp,360,360,180,180
別立ち_巨乳服_ノーブラ下着_通常_57,57_別立_巨乳.webp,0,1260,180,180
別立ち_巨乳服_ノーブラ下着_笑顔_57,57_別立_巨乳.webp,180,1260,180,180
別立ち_巨乳服_ノーブラ下着_憤怒_57,57_別立_巨乳.webp,360,1260,180,180
別立ち_巨乳服_ノーパン下着_通常_57,57_別立_巨乳.webp,0,1440,180,180
別立ち_巨乳服_ノーパン下着_笑顔_57,57_別立_巨乳.webp,180,1440,180,180
別立ち_巨乳服_ノーパン下着_憤怒_57,57_別立_巨乳.webp,360,1440,180,180

別顔_服_巨乳拆分_57,57_別顔_胸.webp,0,0,180,180
別顔_服_睡眠_巨乳拆分_57,57_別顔_胸.webp,180,0,180,180
別顔_服_下着_巨乳拆分_57,57_別顔_胸.webp,360,0,180,180
別顔_服_バニー_巨乳拆分_57,57_別顔_胸.webp,540,0,180,180
別顔_服_セーラー_巨乳拆分_57,57_別顔_胸.webp,720,0,180,180
別顔_服_変T_巨乳拆分_57,57_別顔_胸.webp,900,0,180,180
別顔_裸_巨乳拆分_57,57_別顔_胸.webp,0,180,180,180
別顔_裸_睡眠_巨乳拆分_57,57_別顔_胸.webp,720,180,180,180
;******************************
;貧乳差分
;******************************
別立ち_貧乳服_通常_57,57_別立.webp,0,0,180,180
別立ち_貧乳服_笑顔_57,57_別立.webp,180,0,180,180
別立ち_貧乳服_憤怒_57,57_別立.webp,360,0,180,180
別立ち_貧乳服_睡眠_57,57_別立.webp,0,540,180,180
別立ち_貧乳裸_通常_57,57_別立_貧乳.webp,0,0,180,180
別立ち_貧乳裸_笑顔_57,57_別立_貧乳.webp,180,0,180,180
別立ち_貧乳裸_憤怒_57,57_別立_貧乳.webp,360,0,180,180
別立ち_貧乳裸_睡眠_57,57_別立_貧乳.webp,180,360,180,180
別立ち_貧乳服_バニー_通常_57,57_別立_貧乳.webp,0,540,180,180
別立ち_貧乳服_バニー_笑顔_57,57_別立_貧乳.webp,180,540,180,180
別立ち_貧乳服_バニー_憤怒_57,57_別立_貧乳.webp,360,540,180,180
別立ち_貧乳服_セーラー_通常_57,57_別立.webp,0,900,180,180
別立ち_貧乳服_セーラー_笑顔_57,57_別立.webp,180,900,180,180
別立ち_貧乳服_セーラー_憤怒_57,57_別立.webp,360,900,180,180
別立ち_貧乳服_変T_通常_57,57_別立.webp,0,1080,180,180
別立ち_貧乳服_変T_笑顔_57,57_別立.webp,180,1080,180,180
別立ち_貧乳服_変T_憤怒_57,57_別立.webp,360,1080,180,180
別立ち_貧乳服_下着_通常_57,57_別立_貧乳.webp,0,180,180,180
別立ち_貧乳服_下着_笑顔_57,57_別立_貧乳.webp,180,180,180,180
別立ち_貧乳服_下着_憤怒_57,57_別立_貧乳.webp,360,180,180,180
別立ち_貧乳服_ノーブラ下着_通常_57,57_別立_貧乳.webp,0,720,180,180
別立ち_貧乳服_ノーブラ下着_笑顔_57,57_別立_貧乳.webp,180,720,180,180
別立ち_貧乳服_ノーブラ下着_憤怒_57,57_別立_貧乳.webp,360,720,180,180
別立ち_貧乳服_ノーパン下着_通常_57,57_別立_貧乳.webp,0,900,180,180
別立ち_貧乳服_ノーパン下着_笑顔_57,57_別立_貧乳.webp,180,900,180,180
別立ち_貧乳服_ノーパン下着_憤怒_57,57_別立_貧乳.webp,360,900,180,180

別顔_裸_貧乳拆分_57,57_別顔_胸.webp,180,180,180,180
別顔_服_下着_貧乳拆分_57,57_別顔_胸.webp,360,180,180,180
別顔_服_バニー_貧乳拆分_57,57_別顔_胸.webp,540,180,180,180
別顔_裸_睡眠_貧乳拆分_57,57_別顔_胸.webp,900,180,180,180

;------------------------------------------------------------
;58_美鈴
;------------------------------------------------------------
;服
別立ち2_服_通常_58,58_別立.webp,0,0,180,180
別立ち2_服_笑顔_58,58_別立.webp,180,0,180,180
別立ち2_服_憤怒_58,58_別立.webp,360,0,180,180
別立ち2_服_睡眠_58,58_別立.webp,0,540,180,180
;裸
別立ち2_裸_通常_58,58_別立.webp,0,180,180,180
別立ち2_裸_笑顔_58,58_別立.webp,180,180,180,180
別立ち2_裸_憤怒_58,58_別立.webp,360,180,180,180
別立ち2_裸_睡眠_58,58_別立.webp,180,540,180,180

;服
別顔2_服_通常_58,58_別顔.webp,0,0,180,180
別顔2_服_笑顔_58,58_別顔.webp,180,0,180,180
別顔2_服_憤怒_58,58_別顔.webp,360,0,180,180
別顔2_服_睡眠_58,58_別顔.webp,720,0,180,180
別顔2_服_発情_58,58_別顔.webp,900,0,180,180
;裸
別顔2_裸_通常_58,58_別顔.webp,0,180,180,180
別顔2_裸_笑顔_58,58_別顔.webp,180,180,180,180
別顔2_裸_憤怒_58,58_別顔.webp,360,180,180,180
別顔2_裸_睡眠_58,58_別顔.webp,720,360,180,180
別顔2_裸_自慰_58,58_別顔.webp,720,180,180,180
別顔2_裸_発情_58,58_別顔.webp,900,180,180,180
別顔2_裸_愛撫_58,58_別顔.webp,0,360,180,180
別顔2_裸_性交_58,58_別顔.webp,180,360,180,180

;特殊服装
別立ち2_服_下着_通常_58,58_別立.webp,0,360,180,180
別立ち2_服_下着_笑顔_58,58_別立.webp,180,360,180,180
別立ち2_服_下着_憤怒_58,58_別立.webp,360,360,180,180
別立ち2_服_ノーブラ下着_通常_58,58_別立.webp,0,1260,180,180
別立ち2_服_ノーブラ下着_笑顔_58,58_別立.webp,180,1260,180,180
別立ち2_服_ノーブラ下着_憤怒_58,58_別立.webp,360,1260,180,180
別立ち2_服_ノーパン下着_通常_58,58_別立.webp,0,1440,180,180
別立ち2_服_ノーパン下着_笑顔_58,58_別立.webp,180,1440,180,180
別立ち2_服_ノーパン下着_憤怒_58,58_別立.webp,360,1440,180,180
別顔2_服_下着_通常_58,58_別顔_下着.webp,0,0,180,180
別顔2_服_下着_笑顔_58,58_別顔_下着.webp,180,0,180,180
別顔2_服_下着_憤怒_58,58_別顔_下着.webp,360,0,180,180
別顔2_服_下着_自慰_58,58_別顔_下着.webp,720,0,180,180
別顔2_服_下着_発情_58,58_別顔_下着.webp,900,0,180,180
別顔2_服_下着_愛撫_58,58_別顔_下着.webp,0,180,180,180
別顔2_服_下着_性交_58,58_別顔_下着.webp,180,180,180,180

;生足
別立ち2_服_生足_通常_58,58_別立_生足.webp,0,180,180,180
別立ち2_服_生足_笑顔_58,58_別立_生足.webp,180,180,180,180
別立ち2_服_生足_憤怒_58,58_別立_生足.webp,360,180,180,180
別立ち2_服_生足ノーパン_憤怒_58,58_別立_生足.webp,540,180,180,180
別立ち2_服_生足_睡眠_58,58_別立.webp,0,540,180,180
別顔2_服_生足_通常_58,58_別顔.webp,0,540,180,180
別顔2_服_生足_笑顔_58,58_別顔.webp,180,540,180,180
別顔2_服_生足_憤怒_58,58_別顔.webp,360,540,180,180
別顔2_服_生足_睡眠_58,58_別顔.webp,720,0,180,180
別顔2_服_生足_発情_58,58_別顔.webp,900,540,180,180

;エフェクト
別顔2_照れ_58,58_別顔.webp,540,0,180,180
別顔2_吐息_58,58_別顔.webp,360,360,180,180
別顔2_汗_58,58_別顔.webp,540,180,180,180
別顔2_裸汗_58,58_別顔.webp,540,360,180,180

;******************************
;コスプレ
;******************************
;バニー
別立ち2_服_バニー_通常_58,58_別立.webp,0,720,180,180
別立ち2_服_バニー_笑顔_58,58_別立.webp,180,720,180,180
別立ち2_服_バニー_憤怒_58,58_別立.webp,360,720,180,180
別顔2_服_バニー_通常_58,58_別顔_コスプレ.webp,0,0,180,180
別顔2_服_バニー_笑顔_58,58_別顔_コスプレ.webp,180,0,180,180
別顔2_服_バニー_憤怒_58,58_別顔_コスプレ.webp,360,0,180,180
別顔2_服_バニー_発情_58,58_別顔_コスプレ.webp,900,0,180,180

;セーラー
別立ち2_服_セーラー_通常_58,58_別立.webp,0,900,180,180
別立ち2_服_セーラー_笑顔_58,58_別立.webp,180,900,180,180
別立ち2_服_セーラー_憤怒_58,58_別立.webp,360,900,180,180
別顔2_服_セーラー_通常_58,58_別顔_コスプレ.webp,0,180,180,180
別顔2_服_セーラー_笑顔_58,58_別顔_コスプレ.webp,180,180,180,180
別顔2_服_セーラー_憤怒_58,58_別顔_コスプレ.webp,360,180,180,180
別顔2_服_セーラー_発情_58,58_別顔_コスプレ.webp,900,180,180,180

;変T
別立ち2_服_変T_通常_58,58_別立.webp,0,1080,180,180
別立ち2_服_変T_笑顔_58,58_別立.webp,180,1080,180,180
別立ち2_服_変T_憤怒_58,58_別立.webp,360,1080,180,180
別顔2_服_変T_通常_58,58_別顔_コスプレ.webp,0,360,180,180
別顔2_服_変T_笑顔_58,58_別顔_コスプレ.webp,180,360,180,180
別顔2_服_変T_憤怒_58,58_別顔_コスプレ.webp,360,360,180,180
別顔2_服_変T_発情_58,58_別顔_コスプレ.webp,900,360,180,180
;******************************
;並乳差分
;******************************
別立ち2_並乳服_通常_58,58_別立_並乳.webp,0,0,180,180
別立ち2_並乳服_笑顔_58,58_別立_並乳.webp,180,0,180,180
別立ち2_並乳服_憤怒_58,58_別立_並乳.webp,360,0,180,180
別立ち2_並乳服_睡眠_58,58_別立_並乳.webp,0,540,180,180
別立ち2_並乳裸_通常_58,58_別立_並乳.webp,0,180,180,180
別立ち2_並乳裸_笑顔_58,58_別立_並乳.webp,180,180,180,180
別立ち2_並乳裸_憤怒_58,58_別立_並乳.webp,360,180,180,180
別立ち2_並乳裸_睡眠_58,58_別立_並乳.webp,180,540,180,180
別立ち2_並乳服_バニー_通常_58,58_別立_並乳.webp,0,720,180,180
別立ち2_並乳服_バニー_笑顔_58,58_別立_並乳.webp,180,720,180,180
別立ち2_並乳服_バニー_憤怒_58,58_別立_並乳.webp,360,720,180,180
別立ち2_並乳服_セーラー_通常_58,58_別立_並乳.webp,0,900,180,180
別立ち2_並乳服_セーラー_笑顔_58,58_別立_並乳.webp,180,900,180,180
別立ち2_並乳服_セーラー_憤怒_58,58_別立_並乳.webp,360,900,180,180
別立ち2_並乳服_変T_通常_58,58_別立_並乳.webp,0,1080,180,180
別立ち2_並乳服_変T_笑顔_58,58_別立_並乳.webp,180,1080,180,180
別立ち2_並乳服_変T_憤怒_58,58_別立_並乳.webp,360,1080,180,180
別立ち2_並乳服_下着_通常_58,58_別立_並乳.webp,0,360,180,180
別立ち2_並乳服_下着_笑顔_58,58_別立_並乳.webp,180,360,180,180
別立ち2_並乳服_下着_憤怒_58,58_別立_並乳.webp,360,360,180,180
別立ち2_並乳服_ノーブラ下着_通常_58,58_別立_並乳.webp,0,1260,180,180
別立ち2_並乳服_ノーブラ下着_笑顔_58,58_別立_並乳.webp,180,1260,180,180
別立ち2_並乳服_ノーブラ下着_憤怒_58,58_別立_並乳.webp,360,1260,180,180
別立ち2_並乳服_ノーパン下着_通常_58,58_別立_並乳.webp,0,1440,180,180
別立ち2_並乳服_ノーパン下着_笑顔_58,58_別立_並乳.webp,180,1440,180,180
別立ち2_並乳服_ノーパン下着_憤怒_58,58_別立_並乳.webp,360,1440,180,180
別立ち2_並乳服_生足_通常_58,58_別立_生足.webp,0,0,180,180
別立ち2_並乳服_生足_笑顔_58,58_別立_生足.webp,180,0,180,180
別立ち2_並乳服_生足_憤怒_58,58_別立_生足.webp,360,0,180,180
別立ち2_並乳服_生足ノーパン_憤怒_58,58_別立_生足.webp,540,0,180,180

別顔2_服_並乳拆分_58,58_別顔_胸.webp,0,0,180,180
別顔2_服_睡眠_並乳拆分_58,58_別顔_胸.webp,180,0,180,180
別顔2_服_下着_並乳拆分_58,58_別顔_胸.webp,360,0,180,180
別顔2_服_バニー_並乳拆分_58,58_別顔_胸.webp,540,0,180,180
別顔2_服_セーラー_並乳拆分_58,58_別顔_胸.webp,720,0,180,180
別顔2_服_変T_並乳拆分_58,58_別顔_胸.webp,900,0,180,180
別顔2_服_生足_並乳拆分_58,58_別顔_胸.webp,720,180,180,180
別顔2_裸_並乳拆分_58,58_別顔_胸.webp,0,180,180,180

;******************************
;貧乳差分
;******************************
別立ち2_貧乳服_通常_58,58_別立_並乳.webp,0,0,180,180
別立ち2_貧乳服_笑顔_58,58_別立_並乳.webp,180,0,180,180
別立ち2_貧乳服_憤怒_58,58_別立_並乳.webp,360,0,180,180
別立ち2_貧乳服_睡眠_58,58_別立_並乳.webp,0,540,180,180
別立ち2_貧乳裸_通常_58,58_別立_貧乳.webp,0,0,180,180
別立ち2_貧乳裸_笑顔_58,58_別立_貧乳.webp,180,0,180,180
別立ち2_貧乳裸_憤怒_58,58_別立_貧乳.webp,360,0,180,180
別立ち2_貧乳裸_睡眠_58,58_別立_貧乳.webp,180,360,180,180
別立ち2_貧乳服_バニー_通常_58,58_別立_貧乳.webp,0,540,180,180
別立ち2_貧乳服_バニー_笑顔_58,58_別立_貧乳.webp,180,540,180,180
別立ち2_貧乳服_バニー_憤怒_58,58_別立_貧乳.webp,360,540,180,180
別立ち2_貧乳服_セーラー_通常_58,58_別立_並乳.webp,0,900,180,180
別立ち2_貧乳服_セーラー_笑顔_58,58_別立_並乳.webp,180,900,180,180
別立ち2_貧乳服_セーラー_憤怒_58,58_別立_並乳.webp,360,900,180,180
別立ち2_貧乳服_変T_通常_58,58_別立_並乳.webp,0,1080,180,180
別立ち2_貧乳服_変T_笑顔_58,58_別立_並乳.webp,180,1080,180,180
別立ち2_貧乳服_変T_憤怒_58,58_別立_並乳.webp,360,1080,180,180
別立ち2_貧乳服_下着_通常_58,58_別立_貧乳.webp,0,180,180,180
別立ち2_貧乳服_下着_笑顔_58,58_別立_貧乳.webp,180,180,180,180
別立ち2_貧乳服_下着_憤怒_58,58_別立_貧乳.webp,360,180,180,180
別立ち2_貧乳服_ノーブラ下着_通常_58,58_別立_貧乳.webp,0,720,180,180
別立ち2_貧乳服_ノーブラ下着_笑顔_58,58_別立_貧乳.webp,180,720,180,180
別立ち2_貧乳服_ノーブラ下着_憤怒_58,58_別立_貧乳.webp,360,720,180,180
別立ち2_貧乳服_ノーパン下着_通常_58,58_別立_貧乳.webp,0,900,180,180
別立ち2_貧乳服_ノーパン下着_笑顔_58,58_別立_貧乳.webp,180,900,180,180
別立ち2_貧乳服_ノーパン下着_憤怒_58,58_別立_貧乳.webp,360,900,180,180
別立ち2_貧乳服_生足_通常_58,58_別立_生足.webp,0,0,180,180
別立ち2_貧乳服_生足_笑顔_58,58_別立_生足.webp,180,0,180,180
別立ち2_貧乳服_生足_憤怒_58,58_別立_生足.webp,360,0,180,180
別立ち2_貧乳服_生足ノーパン_憤怒_58,58_別立_生足.webp,540,0,180,180

別顔2_裸_貧乳拆分_58,58_別顔_胸.webp,180,180,180,180
別顔2_服_下着_貧乳拆分_58,58_別顔_胸.webp,360,180,180,180
別顔2_服_バニー_貧乳拆分_58,58_別顔_胸.webp,540,180,180,180

;------------------------------------------------------------
;71_針妙丸
;------------------------------------------------------------
;服
別立ち_服_通常_71,71_別立.webp,0,0,180,180
別立ち_服_笑顔_71,71_別立.webp,180,0,180,180
別立ち_服_憤怒_71,71_別立.webp,360,0,180,180
別立ち_服_睡眠_71,71_別立.webp,0,540,180,180
;裸
別立ち_裸_通常_71,71_別立.webp,0,180,180,180
別立ち_裸_笑顔_71,71_別立.webp,180,180,180,180
別立ち_裸_憤怒_71,71_別立.webp,360,180,180,180
別立ち_裸_睡眠_71,71_別立.webp,180,540,180,180
;服
別顔_服_通常_71,71_別顔.webp,0,0,180,180
別顔_服_笑顔_71,71_別顔.webp,180,0,180,180
別顔_服_憤怒_71,71_別顔.webp,360,0,180,180
別顔_服_睡眠_71,71_別顔.webp,720,0,180,180
別顔_服_発情_71,71_別顔.webp,900,0,180,180
;裸
別顔_裸_通常_71,71_別顔.webp,0,180,180,180
別顔_裸_笑顔_71,71_別顔.webp,180,180,180,180
別顔_裸_憤怒_71,71_別顔.webp,360,180,180,180
別顔_裸_睡眠_71,71_別顔.webp,720,360,180,180
別顔_裸_自慰_71,71_別顔.webp,720,180,180,180
別顔_裸_発情_71,71_別顔.webp,900,180,180,180
別顔_裸_愛撫_71,71_別顔.webp,0,360,180,180
別顔_裸_性交_71,71_別顔.webp,180,360,180,180
;下着
別立ち_服_下着_通常_71,71_別立.webp,0,360,180,180
別立ち_服_下着_笑顔_71,71_別立.webp,180,360,180,180
別立ち_服_下着_憤怒_71,71_別立.webp,360,360,180,180
別立ち_服_ノーブラ下着_通常_71,71_別立.webp,0,1260,180,180
別立ち_服_ノーブラ下着_笑顔_71,71_別立.webp,180,1260,180,180
別立ち_服_ノーブラ下着_憤怒_71,71_別立.webp,360,1260,180,180
別立ち_服_ノーパン下着_通常_71,71_別立.webp,0,1440,180,180
別立ち_服_ノーパン下着_笑顔_71,71_別立.webp,180,1440,180,180
別立ち_服_ノーパン下着_憤怒_71,71_別立.webp,360,1440,180,180
別顔_服_下着_通常_71,71_別顔_下着.webp,0,0,180,180
別顔_服_下着_笑顔_71,71_別顔_下着.webp,180,0,180,180
別顔_服_下着_憤怒_71,71_別顔_下着.webp,360,0,180,180
別顔_服_下着_自慰_71,71_別顔_下着.webp,720,0,180,180
別顔_服_下着_発情_71,71_別顔_下着.webp,900,0,180,180
別顔_服_下着_愛撫_71,71_別顔_下着.webp,0,180,180,180
別顔_服_下着_性交_71,71_別顔_下着.webp,180,180,180,180

;エフェクト
別顔_照れ_71,71_別顔.webp,540,0,180,180
別顔_吐息_71,71_別顔.webp,360,360,180,180
別顔_汗_71,71_別顔.webp,540,180,180,180
別顔_裸汗_71,71_別顔.webp,540,360,180,180
;******************************
;コスプレ
;******************************
;バニー
別立ち_服_バニー_通常_71,71_別立.webp,0,720,180,180
別立ち_服_バニー_笑顔_71,71_別立.webp,180,720,180,180
別立ち_服_バニー_憤怒_71,71_別立.webp,360,720,180,180
別顔_服_バニー_通常_71,71_別顔_コスプレ.webp,0,0,180,180
別顔_服_バニー_笑顔_71,71_別顔_コスプレ.webp,180,0,180,180
別顔_服_バニー_憤怒_71,71_別顔_コスプレ.webp,360,0,180,180
別顔_服_バニー_発情_71,71_別顔_コスプレ.webp,900,0,180,180
;セーラー
別立ち_服_セーラー_通常_71,71_別立.webp,0,900,180,180
別立ち_服_セーラー_笑顔_71,71_別立.webp,180,900,180,180
別立ち_服_セーラー_憤怒_71,71_別立.webp,360,900,180,180
別顔_服_セーラー_通常_71,71_別顔_コスプレ.webp,0,180,180,180
別顔_服_セーラー_笑顔_71,71_別顔_コスプレ.webp,180,180,180,180
別顔_服_セーラー_憤怒_71,71_別顔_コスプレ.webp,360,180,180,180
別顔_服_セーラー_発情_71,71_別顔_コスプレ.webp,900,180,180,180
;変T
別立ち_服_変T_通常_71,71_別立.webp,0,1080,180,180
別立ち_服_変T_笑顔_71,71_別立.webp,180,1080,180,180
別立ち_服_変T_憤怒_71,71_別立.webp,360,1080,180,180
別顔_服_変T_通常_71,71_別顔_コスプレ.webp,0,360,180,180
別顔_服_変T_笑顔_71,71_別顔_コスプレ.webp,180,360,180,180
別顔_服_変T_憤怒_71,71_別顔_コスプレ.webp,360,360,180,180
別顔_服_変T_発情_71,71_別顔_コスプレ.webp,900,360,180,180
;******************************
;巨乳差分
;******************************
別立ち_巨乳服_通常_71,71_別立_巨乳.webp,0,0,180,180
別立ち_巨乳服_笑顔_71,71_別立_巨乳.webp,180,0,180,180
別立ち_巨乳服_憤怒_71,71_別立_巨乳.webp,360,0,180,180
別立ち_巨乳服_睡眠_71,71_別立_巨乳.webp,0,540,180,180
別立ち_巨乳裸_通常_71,71_別立_巨乳.webp,0,180,180,180
別立ち_巨乳裸_笑顔_71,71_別立_巨乳.webp,180,180,180,180
別立ち_巨乳裸_憤怒_71,71_別立_巨乳.webp,360,180,180,180
別立ち_巨乳裸_睡眠_71,71_別立_巨乳.webp,180,540,180,180
別立ち_巨乳服_バニー_通常_71,71_別立_巨乳.webp,0,720,180,180
別立ち_巨乳服_バニー_笑顔_71,71_別立_巨乳.webp,180,720,180,180
別立ち_巨乳服_バニー_憤怒_71,71_別立_巨乳.webp,360,720,180,180
別立ち_巨乳服_セーラー_通常_71,71_別立_巨乳.webp,0,900,180,180
別立ち_巨乳服_セーラー_笑顔_71,71_別立_巨乳.webp,180,900,180,180
別立ち_巨乳服_セーラー_憤怒_71,71_別立_巨乳.webp,360,900,180,180
別立ち_巨乳服_変T_通常_71,71_別立_巨乳.webp,0,1080,180,180
別立ち_巨乳服_変T_笑顔_71,71_別立_巨乳.webp,180,1080,180,180
別立ち_巨乳服_変T_憤怒_71,71_別立_巨乳.webp,360,1080,180,180
別立ち_巨乳服_下着_通常_71,71_別立_巨乳.webp,0,360,180,180
別立ち_巨乳服_下着_笑顔_71,71_別立_巨乳.webp,180,360,180,180
別立ち_巨乳服_下着_憤怒_71,71_別立_巨乳.webp,360,360,180,180
別立ち_巨乳服_ノーブラ下着_通常_71,71_別立_巨乳.webp,0,1260,180,180
別立ち_巨乳服_ノーブラ下着_笑顔_71,71_別立_巨乳.webp,180,1260,180,180
別立ち_巨乳服_ノーブラ下着_憤怒_71,71_別立_巨乳.webp,360,1260,180,180
別立ち_巨乳服_ノーパン下着_通常_71,71_別立_巨乳.webp,0,1440,180,180
別立ち_巨乳服_ノーパン下着_笑顔_71,71_別立_巨乳.webp,180,1440,180,180
別立ち_巨乳服_ノーパン下着_憤怒_71,71_別立_巨乳.webp,360,1440,180,180

別顔_服_巨乳拆分_71,71_別顔_胸.webp,0,0,180,180
別顔_服_睡眠_巨乳拆分_71,71_別顔_胸.webp,180,0,180,180
別顔_服_下着_巨乳拆分_71,71_別顔_胸.webp,360,0,180,180
別顔_服_バニー_巨乳拆分_71,71_別顔_胸.webp,540,0,180,180
別顔_服_セーラー_巨乳拆分_71,71_別顔_胸.webp,720,0,180,180
別顔_服_変T_巨乳拆分_71,71_別顔_胸.webp,900,0,180,180
別顔_裸_巨乳拆分_71,71_別顔_胸.webp,0,180,180,180
;******************************
;並乳差分
;******************************
別立ち_並乳服_通常_71,71_別立.webp,0,0,180,180
別立ち_並乳服_笑顔_71,71_別立.webp,180,0,180,180
別立ち_並乳服_憤怒_71,71_別立.webp,360,0,180,180
別立ち_並乳服_睡眠_71,71_別立.webp,0,540,180,180
別立ち_並乳裸_通常_71,71_別立_並乳.webp,0,0,180,180
別立ち_並乳裸_笑顔_71,71_別立_並乳.webp,180,0,180,180
別立ち_並乳裸_憤怒_71,71_別立_並乳.webp,360,0,180,180
別立ち_並乳裸_睡眠_71,71_別立_並乳.webp,180,360,180,180
別立ち_並乳服_バニー_通常_71,71_別立_並乳.webp,0,540,180,180
別立ち_並乳服_バニー_笑顔_71,71_別立_並乳.webp,180,540,180,180
別立ち_並乳服_バニー_憤怒_71,71_別立_並乳.webp,360,540,180,180
別立ち_並乳服_セーラー_通常_71,71_別立.webp,0,900,180,180
別立ち_並乳服_セーラー_笑顔_71,71_別立.webp,180,900,180,180
別立ち_並乳服_セーラー_憤怒_71,71_別立.webp,360,900,180,180
別立ち_並乳服_変T_通常_71,71_別立.webp,0,1080,180,180
別立ち_並乳服_変T_笑顔_71,71_別立.webp,180,1080,180,180
別立ち_並乳服_変T_憤怒_71,71_別立.webp,360,1080,180,180
別立ち_並乳服_下着_通常_71,71_別立_並乳.webp,0,180,180,180
別立ち_並乳服_下着_笑顔_71,71_別立_並乳.webp,180,180,180,180
別立ち_並乳服_下着_憤怒_71,71_別立_並乳.webp,360,180,180,180
別立ち_並乳服_ノーブラ下着_通常_71,71_別立_並乳.webp,0,720,180,180
別立ち_並乳服_ノーブラ下着_笑顔_71,71_別立_並乳.webp,180,720,180,180
別立ち_並乳服_ノーブラ下着_憤怒_71,71_別立_並乳.webp,360,720,180,180
別立ち_並乳服_ノーパン下着_通常_71,71_別立_並乳.webp,0,900,180,180
別立ち_並乳服_ノーパン下着_笑顔_71,71_別立_並乳.webp,180,900,180,180
別立ち_並乳服_ノーパン下着_憤怒_71,71_別立_並乳.webp,360,900,180,180

別顔_裸_並乳拆分_71,71_別顔_胸.webp,180,180,180,180
別顔_服_下着_並乳拆分_71,71_別顔_胸.webp,360,180,180,180
別顔_服_バニー_並乳拆分_71,71_別顔_胸.webp,540,180,180,180
;------------------------------------------------------------
;針妙丸（大）
;------------------------------------------------------------
;服
別立ち_服_通常_71_大,71_別立大.webp,0,0,180,180
別立ち_服_笑顔_71_大,71_別立大.webp,180,0,180,180
別立ち_服_憤怒_71_大,71_別立大.webp,360,0,180,180
別立ち_服_睡眠_71_大,71_別立大.webp,0,540,180,180
;裸
別立ち_裸_通常_71_大,71_別立大.webp,0,180,180,180
別立ち_裸_笑顔_71_大,71_別立大.webp,180,180,180,180
別立ち_裸_憤怒_71_大,71_別立大.webp,360,180,180,180
別立ち_裸_睡眠_71_大,71_別立大.webp,180,540,180,180
;服
別顔_服_通常_71_大,71_別顔大.webp,0,0,180,180
別顔_服_笑顔_71_大,71_別顔大.webp,180,0,180,180
別顔_服_憤怒_71_大,71_別顔大.webp,360,0,180,180
別顔_服_睡眠_71_大,71_別顔大.webp,720,0,180,180
別顔_服_発情_71_大,71_別顔大.webp,900,0,180,180
;裸
別顔_裸_通常_71_大,71_別顔大.webp,0,180,180,180
別顔_裸_笑顔_71_大,71_別顔大.webp,180,180,180,180
別顔_裸_憤怒_71_大,71_別顔大.webp,360,180,180,180
別顔_裸_睡眠_71_大,71_別顔大.webp,720,360,180,180
別顔_裸_自慰_71_大,71_別顔大.webp,720,180,180,180
別顔_裸_発情_71_大,71_別顔大.webp,900,180,180,180
別顔_裸_愛撫_71_大,71_別顔大.webp,0,360,180,180
別顔_裸_性交_71_大,71_別顔大.webp,180,360,180,180
;下着
別立ち_服_下着_通常_71_大,71_別立大.webp,0,360,180,180
別立ち_服_下着_笑顔_71_大,71_別立大.webp,180,360,180,180
別立ち_服_下着_憤怒_71_大,71_別立大.webp,360,360,180,180
別立ち_服_ノーブラ下着_通常_71_大,71_別立大.webp,0,1260,180,180
別立ち_服_ノーブラ下着_笑顔_71_大,71_別立大.webp,180,1260,180,180
別立ち_服_ノーブラ下着_憤怒_71_大,71_別立大.webp,360,1260,180,180
別立ち_服_ノーパン下着_通常_71_大,71_別立大.webp,0,1440,180,180
別立ち_服_ノーパン下着_笑顔_71_大,71_別立大.webp,180,1440,180,180
別立ち_服_ノーパン下着_憤怒_71_大,71_別立大.webp,360,1440,180,180
別顔_服_下着_通常_71_大,71_別顔大_下着.webp,0,0,180,180
別顔_服_下着_笑顔_71_大,71_別顔大_下着.webp,180,0,180,180
別顔_服_下着_憤怒_71_大,71_別顔大_下着.webp,360,0,180,180
別顔_服_下着_自慰_71_大,71_別顔大_下着.webp,720,0,180,180
別顔_服_下着_発情_71_大,71_別顔大_下着.webp,900,0,180,180
別顔_服_下着_愛撫_71_大,71_別顔大_下着.webp,0,180,180,180
別顔_服_下着_性交_71_大,71_別顔大_下着.webp,180,180,180,180

;エフェクト
別顔_照れ_71_大,71_別顔大.webp,540,0,180,180
別顔_吐息_71_大,71_別顔大.webp,360,360,180,180
別顔_汗_71_大,71_別顔大.webp,540,180,180,180
別顔_裸汗_71_大,71_別顔大.webp,540,360,180,180
;******************************
;コスプレ
;******************************
;バニー
別立ち_服_バニー_通常_71_大,71_別立大.webp,0,720,180,180
別立ち_服_バニー_笑顔_71_大,71_別立大.webp,180,720,180,180
別立ち_服_バニー_憤怒_71_大,71_別立大.webp,360,720,180,180
別顔_服_バニー_通常_71_大,71_別顔大_コスプレ.webp,0,0,180,180
別顔_服_バニー_笑顔_71_大,71_別顔大_コスプレ.webp,180,0,180,180
別顔_服_バニー_憤怒_71_大,71_別顔大_コスプレ.webp,360,0,180,180
別顔_服_バニー_発情_71_大,71_別顔大_コスプレ.webp,900,0,180,180
;セーラー
別立ち_服_セーラー_通常_71_大,71_別立大.webp,0,900,180,180
別立ち_服_セーラー_笑顔_71_大,71_別立大.webp,180,900,180,180
別立ち_服_セーラー_憤怒_71_大,71_別立大.webp,360,900,180,180
別顔_服_セーラー_通常_71_大,71_別顔大_コスプレ.webp,0,180,180,180
別顔_服_セーラー_笑顔_71_大,71_別顔大_コスプレ.webp,180,180,180,180
別顔_服_セーラー_憤怒_71_大,71_別顔大_コスプレ.webp,360,180,180,180
別顔_服_セーラー_発情_71_大,71_別顔大_コスプレ.webp,900,180,180,180
;変T
別立ち_服_変T_通常_71_大,71_別立大.webp,0,1080,180,180
別立ち_服_変T_笑顔_71_大,71_別立大.webp,180,1080,180,180
別立ち_服_変T_憤怒_71_大,71_別立大.webp,360,1080,180,180
別顔_服_変T_通常_71_大,71_別顔大_コスプレ.webp,0,360,180,180
別顔_服_変T_笑顔_71_大,71_別顔大_コスプレ.webp,180,360,180,180
別顔_服_変T_憤怒_71_大,71_別顔大_コスプレ.webp,360,360,180,180
別顔_服_変T_発情_71_大,71_別顔大_コスプレ.webp,900,360,180,180
;******************************
;巨乳差分
;******************************
別立ち_巨乳服_通常_71_大,71_別立大_巨乳.webp,0,0,180,180
別立ち_巨乳服_笑顔_71_大,71_別立大_巨乳.webp,180,0,180,180
別立ち_巨乳服_憤怒_71_大,71_別立大_巨乳.webp,360,0,180,180
別立ち_巨乳服_睡眠_71_大,71_別立大_巨乳.webp,0,540,180,180
別立ち_巨乳裸_通常_71_大,71_別立大_巨乳.webp,0,180,180,180
別立ち_巨乳裸_笑顔_71_大,71_別立大_巨乳.webp,180,180,180,180
別立ち_巨乳裸_憤怒_71_大,71_別立大_巨乳.webp,360,180,180,180
別立ち_巨乳裸_睡眠_71_大,71_別立大_巨乳.webp,180,540,180,180
別立ち_巨乳服_バニー_通常_71_大,71_別立大_巨乳.webp,0,720,180,180
別立ち_巨乳服_バニー_笑顔_71_大,71_別立大_巨乳.webp,180,720,180,180
別立ち_巨乳服_バニー_憤怒_71_大,71_別立大_巨乳.webp,360,720,180,180
別立ち_巨乳服_セーラー_通常_71_大,71_別立大_巨乳.webp,0,900,180,180
別立ち_巨乳服_セーラー_笑顔_71_大,71_別立大_巨乳.webp,180,900,180,180
別立ち_巨乳服_セーラー_憤怒_71_大,71_別立大_巨乳.webp,360,900,180,180
別立ち_巨乳服_変T_通常_71_大,71_別立大_巨乳.webp,0,1080,180,180
別立ち_巨乳服_変T_笑顔_71_大,71_別立大_巨乳.webp,180,1080,180,180
別立ち_巨乳服_変T_憤怒_71_大,71_別立大_巨乳.webp,360,1080,180,180
別立ち_巨乳服_下着_通常_71_大,71_別立大_巨乳.webp,0,360,180,180
別立ち_巨乳服_下着_笑顔_71_大,71_別立大_巨乳.webp,180,360,180,180
別立ち_巨乳服_下着_憤怒_71_大,71_別立大_巨乳.webp,360,360,180,180
別立ち_巨乳服_ノーブラ下着_通常_71_大,71_別立大_巨乳.webp,0,1260,180,180
別立ち_巨乳服_ノーブラ下着_笑顔_71_大,71_別立大_巨乳.webp,180,1260,180,180
別立ち_巨乳服_ノーブラ下着_憤怒_71_大,71_別立大_巨乳.webp,360,1260,180,180
別立ち_巨乳服_ノーパン下着_通常_71_大,71_別立大_巨乳.webp,0,1440,180,180
別立ち_巨乳服_ノーパン下着_笑顔_71_大,71_別立大_巨乳.webp,180,1440,180,180
別立ち_巨乳服_ノーパン下着_憤怒_71_大,71_別立大_巨乳.webp,360,1440,180,180

別顔_服_巨乳拆分_71_大,71_別顔大_胸.webp,0,0,180,180
別顔_服_睡眠_巨乳拆分_71_大,71_別顔大_胸.webp,180,0,180,180
別顔_服_下着_巨乳拆分_71_大,71_別顔大_胸.webp,360,0,180,180
別顔_服_バニー_巨乳拆分_71_大,71_別顔大_胸.webp,540,0,180,180
別顔_服_セーラー_巨乳拆分_71_大,71_別顔大_胸.webp,720,0,180,180
別顔_服_変T_巨乳拆分_71_大,71_別顔大_胸.webp,900,0,180,180
別顔_裸_巨乳拆分_71_大,71_別顔大_胸.webp,0,180,180,180
;******************************
;並乳差分
;******************************
別立ち_並乳服_通常_71_大,71_別立大.webp,0,0,180,180
別立ち_並乳服_笑顔_71_大,71_別立大.webp,180,0,180,180
別立ち_並乳服_憤怒_71_大,71_別立大.webp,360,0,180,180
別立ち_並乳服_睡眠_71_大,71_別立大.webp,0,540,180,180
別立ち_並乳裸_通常_71_大,71_別立大_並乳.webp,0,0,180,180
別立ち_並乳裸_笑顔_71_大,71_別立大_並乳.webp,180,0,180,180
別立ち_並乳裸_憤怒_71_大,71_別立大_並乳.webp,360,0,180,180
別立ち_並乳裸_睡眠_71_大,71_別立大_並乳.webp,180,360,180,180
別立ち_並乳服_バニー_通常_71_大,71_別立大_並乳.webp,0,540,180,180
別立ち_並乳服_バニー_笑顔_71_大,71_別立大_並乳.webp,180,540,180,180
別立ち_並乳服_バニー_憤怒_71_大,71_別立大_並乳.webp,360,540,180,180
別立ち_並乳服_セーラー_通常_71_大,71_別立大.webp,0,900,180,180
別立ち_並乳服_セーラー_笑顔_71_大,71_別立大.webp,180,900,180,180
別立ち_並乳服_セーラー_憤怒_71_大,71_別立大.webp,360,900,180,180
別立ち_並乳服_変T_通常_71_大,71_別立大.webp,0,1080,180,180
別立ち_並乳服_変T_笑顔_71_大,71_別立大.webp,180,1080,180,180
別立ち_並乳服_変T_憤怒_71_大,71_別立大.webp,360,1080,180,180
別立ち_並乳服_下着_通常_71_大,71_別立大_並乳.webp,0,180,180,180
別立ち_並乳服_下着_笑顔_71_大,71_別立大_並乳.webp,180,180,180,180
別立ち_並乳服_下着_憤怒_71_大,71_別立大_並乳.webp,360,180,180,180
別立ち_並乳服_ノーブラ下着_通常_71_大,71_別立大_並乳.webp,0,720,180,180
別立ち_並乳服_ノーブラ下着_笑顔_71_大,71_別立大_並乳.webp,180,720,180,180
別立ち_並乳服_ノーブラ下着_憤怒_71_大,71_別立大_並乳.webp,360,720,180,180
別立ち_並乳服_ノーパン下着_通常_71_大,71_別立大_並乳.webp,0,900,180,180
別立ち_並乳服_ノーパン下着_笑顔_71_大,71_別立大_並乳.webp,180,900,180,180
別立ち_並乳服_ノーパン下着_憤怒_71_大,71_別立大_並乳.webp,360,900,180,180

別顔_裸_並乳拆分_71_大,71_別顔大_胸.webp,180,180,180,180
別顔_服_下着_並乳拆分_71_大,71_別顔大_胸.webp,360,180,180,180
別顔_服_バニー_並乳拆分_71_大,71_別顔大_胸.webp,540,180,180,180

;------------------------------------------------------------
;120_あうん
;------------------------------------------------------------
;服
別立ち3_服_通常_120,120_別立.webp,0,0,180,180
別立ち3_服_笑顔_120,120_別立.webp,180,0,180,180
別立ち3_服_憤怒_120,120_別立.webp,360,0,180,180
別立ち3_服_睡眠_120,120_別立.webp,0,540,180,180
;裸
別立ち3_裸_通常_120,120_別立.webp,0,180,180,180
別立ち3_裸_笑顔_120,120_別立.webp,180,180,180,180
別立ち3_裸_憤怒_120,120_別立.webp,360,180,180,180
別立ち3_裸_睡眠_120,120_別立.webp,180,540,180,180

;服
別顔3_服_通常_120,120_別顔.webp,0,0,180,180
別顔3_服_笑顔_120,120_別顔.webp,180,0,180,180
別顔3_服_憤怒_120,120_別顔.webp,360,0,180,180
別顔3_服_睡眠_120,120_別顔.webp,720,0,180,180
別顔3_服_発情_120,120_別顔.webp,900,0,180,180
;裸
別顔3_裸_通常_120,120_別顔.webp,0,180,180,180
別顔3_裸_笑顔_120,120_別顔.webp,180,180,180,180
別顔3_裸_憤怒_120,120_別顔.webp,360,180,180,180
別顔3_裸_睡眠_120,120_別顔.webp,720,360,180,180
別顔3_裸_自慰_120,120_別顔.webp,720,180,180,180
別顔3_裸_発情_120,120_別顔.webp,900,180,180,180
別顔3_裸_愛撫_120,120_別顔.webp,0,360,180,180
別顔3_裸_性交_120,120_別顔.webp,180,360,180,180

;特殊服装
別立ち3_服_下着_通常_120,120_別立.webp,0,360,180,180
別立ち3_服_下着_笑顔_120,120_別立.webp,180,360,180,180
別立ち3_服_下着_憤怒_120,120_別立.webp,360,360,180,180
別立ち3_服_ノーブラ下着_通常_120,120_別立.webp,0,1260,180,180
別立ち3_服_ノーブラ下着_笑顔_120,120_別立.webp,180,1260,180,180
別立ち3_服_ノーブラ下着_憤怒_120,120_別立.webp,360,1260,180,180
別立ち3_服_ノーパン下着_通常_120,120_別立.webp,0,1440,180,180
別立ち3_服_ノーパン下着_笑顔_120,120_別立.webp,180,1440,180,180
別立ち3_服_ノーパン下着_憤怒_120,120_別立.webp,360,1440,180,180
別顔3_服_下着_通常_120,120_別顔_下着.webp,0,0,180,180
別顔3_服_下着_笑顔_120,120_別顔_下着.webp,180,0,180,180
別顔3_服_下着_憤怒_120,120_別顔_下着.webp,360,0,180,180
別顔3_服_下着_自慰_120,120_別顔_下着.webp,720,0,180,180
別顔3_服_下着_発情_120,120_別顔_下着.webp,900,0,180,180
別顔3_服_下着_愛撫_120,120_別顔_下着.webp,0,180,180,180
別顔3_服_下着_性交_120,120_別顔_下着.webp,180,180,180,180

;エフェクト
別顔3_照れ_120,120_別顔.webp,540,0,180,180
別顔3_吐息_120,120_別顔.webp,360,360,180,180
別顔3_汗_120,120_別顔.webp,540,180,180,180
別顔3_裸汗_120,120_別顔.webp,540,360,180,180

;******************************
;コスプレ
;******************************
;バニー
別立ち3_服_バニー_通常_120,120_別立.webp,0,720,180,180
別立ち3_服_バニー_笑顔_120,120_別立.webp,180,720,180,180
別立ち3_服_バニー_憤怒_120,120_別立.webp,360,720,180,180
別顔3_服_バニー_通常_120,120_別顔_コスプレ.webp,0,0,180,180
別顔3_服_バニー_笑顔_120,120_別顔_コスプレ.webp,180,0,180,180
別顔3_服_バニー_憤怒_120,120_別顔_コスプレ.webp,360,0,180,180
別顔3_服_バニー_発情_120,120_別顔_コスプレ.webp,900,0,180,180

;セーラー
別立ち3_服_セーラー_通常_120,120_別立.webp,0,900,180,180
別立ち3_服_セーラー_笑顔_120,120_別立.webp,180,900,180,180
別立ち3_服_セーラー_憤怒_120,120_別立.webp,360,900,180,180
別顔3_服_セーラー_通常_120,120_別顔_コスプレ.webp,0,180,180,180
別顔3_服_セーラー_笑顔_120,120_別顔_コスプレ.webp,180,180,180,180
別顔3_服_セーラー_憤怒_120,120_別顔_コスプレ.webp,360,180,180,180
別顔3_服_セーラー_発情_120,120_別顔_コスプレ.webp,900,180,180,180

;変T
別立ち3_服_変T_通常_120,120_別立.webp,0,1080,180,180
別立ち3_服_変T_笑顔_120,120_別立.webp,180,1080,180,180
別立ち3_服_変T_憤怒_120,120_別立.webp,360,1080,180,180
別顔3_服_変T_通常_120,120_別顔_コスプレ.webp,0,360,180,180
別顔3_服_変T_笑顔_120,120_別顔_コスプレ.webp,180,360,180,180
別顔3_服_変T_憤怒_120,120_別顔_コスプレ.webp,360,360,180,180
別顔3_服_変T_発情_120,120_別顔_コスプレ.webp,900,360,180,180
;******************************
;巨乳差分
;******************************
別立ち3_巨乳服_通常_120,120_別立_巨乳.webp,0,0,180,180
別立ち3_巨乳服_笑顔_120,120_別立_巨乳.webp,180,0,180,180
別立ち3_巨乳服_憤怒_120,120_別立_巨乳.webp,360,0,180,180
別立ち3_巨乳服_睡眠_120,120_別立_巨乳.webp,0,540,180,180
別立ち3_巨乳裸_通常_120,120_別立_巨乳.webp,0,180,180,180
別立ち3_巨乳裸_笑顔_120,120_別立_巨乳.webp,180,180,180,180
別立ち3_巨乳裸_憤怒_120,120_別立_巨乳.webp,360,180,180,180
別立ち3_巨乳裸_睡眠_120,120_別立_巨乳.webp,180,540,180,180
別立ち3_巨乳服_バニー_通常_120,120_別立_巨乳.webp,0,720,180,180
別立ち3_巨乳服_バニー_笑顔_120,120_別立_巨乳.webp,180,720,180,180
別立ち3_巨乳服_バニー_憤怒_120,120_別立_巨乳.webp,360,720,180,180
別立ち3_巨乳服_セーラー_通常_120,120_別立_巨乳.webp,0,900,180,180
別立ち3_巨乳服_セーラー_笑顔_120,120_別立_巨乳.webp,180,900,180,180
別立ち3_巨乳服_セーラー_憤怒_120,120_別立_巨乳.webp,360,900,180,180
別立ち3_巨乳服_変T_通常_120,120_別立_巨乳.webp,0,1080,180,180
別立ち3_巨乳服_変T_笑顔_120,120_別立_巨乳.webp,180,1080,180,180
別立ち3_巨乳服_変T_憤怒_120,120_別立_巨乳.webp,360,1080,180,180
別立ち3_巨乳服_下着_通常_120,120_別立_巨乳.webp,0,360,180,180
別立ち3_巨乳服_下着_笑顔_120,120_別立_巨乳.webp,180,360,180,180
別立ち3_巨乳服_下着_憤怒_120,120_別立_巨乳.webp,360,360,180,180
別立ち3_巨乳服_ノーブラ下着_通常_120,120_別立_巨乳.webp,0,1260,180,180
別立ち3_巨乳服_ノーブラ下着_笑顔_120,120_別立_巨乳.webp,180,1260,180,180
別立ち3_巨乳服_ノーブラ下着_憤怒_120,120_別立_巨乳.webp,360,1260,180,180
別立ち3_巨乳服_ノーパン下着_通常_120,120_別立_巨乳.webp,0,1440,180,180
別立ち3_巨乳服_ノーパン下着_笑顔_120,120_別立_巨乳.webp,180,1440,180,180
別立ち3_巨乳服_ノーパン下着_憤怒_120,120_別立_巨乳.webp,360,1440,180,180

別顔3_服_巨乳拆分_120,120_別顔_胸.webp,0,0,180,180
別顔3_服_睡眠_巨乳拆分_120,120_別顔_胸.webp,180,0,180,180
別顔3_服_下着_巨乳拆分_120,120_別顔_胸.webp,360,0,180,180
別顔3_服_バニー_巨乳拆分_120,120_別顔_胸.webp,540,0,180,180
別顔3_服_セーラー_巨乳拆分_120,120_別顔_胸.webp,720,0,180,180
別顔3_服_変T_巨乳拆分_120,120_別顔_胸.webp,900,0,180,180
別顔3_裸_巨乳拆分_120,120_別顔_胸.webp,0,180,180,180
;******************************
;貧乳差分
;******************************
別立ち3_貧乳服_通常_120,120_別立.webp,0,0,180,180
別立ち3_貧乳服_笑顔_120,120_別立.webp,180,0,180,180
別立ち3_貧乳服_憤怒_120,120_別立.webp,360,0,180,180
別立ち3_貧乳服_睡眠_120,120_別立.webp,0,540,180,180
別立ち3_貧乳裸_通常_120,120_別立_貧乳.webp,0,0,180,180
別立ち3_貧乳裸_笑顔_120,120_別立_貧乳.webp,180,0,180,180
別立ち3_貧乳裸_憤怒_120,120_別立_貧乳.webp,360,0,180,180
別立ち3_貧乳裸_睡眠_120,120_別立_貧乳.webp,180,360,180,180
別立ち3_貧乳服_バニー_通常_120,120_別立_貧乳.webp,0,540,180,180
別立ち3_貧乳服_バニー_笑顔_120,120_別立_貧乳.webp,180,540,180,180
別立ち3_貧乳服_バニー_憤怒_120,120_別立_貧乳.webp,360,540,180,180
別立ち3_貧乳服_セーラー_通常_120,120_別立.webp,0,900,180,180
別立ち3_貧乳服_セーラー_笑顔_120,120_別立.webp,180,900,180,180
別立ち3_貧乳服_セーラー_憤怒_120,120_別立.webp,360,900,180,180
別立ち3_貧乳服_変T_通常_120,120_別立.webp,0,1080,180,180
別立ち3_貧乳服_変T_笑顔_120,120_別立.webp,180,1080,180,180
別立ち3_貧乳服_変T_憤怒_120,120_別立.webp,360,1080,180,180
別立ち3_貧乳服_下着_通常_120,120_別立_貧乳.webp,0,180,180,180
別立ち3_貧乳服_下着_笑顔_120,120_別立_貧乳.webp,180,180,180,180
別立ち3_貧乳服_下着_憤怒_120,120_別立_貧乳.webp,360,180,180,180
別立ち3_貧乳服_ノーブラ下着_通常_120,120_別立_貧乳.webp,0,720,180,180
別立ち3_貧乳服_ノーブラ下着_笑顔_120,120_別立_貧乳.webp,180,720,180,180
別立ち3_貧乳服_ノーブラ下着_憤怒_120,120_別立_貧乳.webp,360,720,180,180
別立ち3_貧乳服_ノーパン下着_通常_120,120_別立_貧乳.webp,0,900,180,180
別立ち3_貧乳服_ノーパン下着_笑顔_120,120_別立_貧乳.webp,180,900,180,180
別立ち3_貧乳服_ノーパン下着_憤怒_120,120_別立_貧乳.webp,360,900,180,180

別顔3_裸_貧乳拆分_120,120_別顔_胸.webp,180,180,180,180
別顔3_服_下着_貧乳拆分_120,120_別顔_胸.webp,360,180,180,180
別顔3_服_バニー_貧乳拆分_120,120_別顔_胸.webp,540,180,180,180

;------------------------------------------------------------
;130_八千慧
;------------------------------------------------------------
;服
別立ち3_服_通常_130,130_別立.webp,0,0,180,180
別立ち3_服_笑顔_130,130_別立.webp,180,0,180,180
別立ち3_服_憤怒_130,130_別立.webp,360,0,180,180
別立ち3_服_睡眠_130,130_別立.webp,0,540,180,180
;裸
別立ち3_裸_通常_130,130_別立.webp,0,180,180,180
別立ち3_裸_笑顔_130,130_別立.webp,180,180,180,180
別立ち3_裸_憤怒_130,130_別立.webp,360,180,180,180
別立ち3_裸_睡眠_130,130_別立.webp,180,540,180,180

;服
別顔3_服_通常_130,130_別顔.webp,0,0,180,180
別顔3_服_笑顔_130,130_別顔.webp,180,0,180,180
別顔3_服_憤怒_130,130_別顔.webp,360,0,180,180
別顔3_服_睡眠_130,130_別顔.webp,720,0,180,180
別顔3_服_発情_130,130_別顔.webp,900,0,180,180
;裸
別顔3_裸_通常_130,130_別顔.webp,0,180,180,180
別顔3_裸_笑顔_130,130_別顔.webp,180,180,180,180
別顔3_裸_憤怒_130,130_別顔.webp,360,180,180,180
別顔3_裸_睡眠_130,130_別顔.webp,720,360,180,180
別顔3_裸_自慰_130,130_別顔.webp,720,180,180,180
別顔3_裸_発情_130,130_別顔.webp,900,180,180,180
別顔3_裸_愛撫_130,130_別顔.webp,0,360,180,180
別顔3_裸_性交_130,130_別顔.webp,180,360,180,180

;特殊服装
別立ち3_服_下着_通常_130,130_別立.webp,0,360,180,180
別立ち3_服_下着_笑顔_130,130_別立.webp,180,360,180,180
別立ち3_服_下着_憤怒_130,130_別立.webp,360,360,180,180
別立ち3_服_ノーブラ下着_通常_130,130_別立.webp,0,1260,180,180
別立ち3_服_ノーブラ下着_笑顔_130,130_別立.webp,180,1260,180,180
別立ち3_服_ノーブラ下着_憤怒_130,130_別立.webp,360,1260,180,180
別立ち3_服_ノーパン下着_通常_130,130_別立.webp,0,1440,180,180
別立ち3_服_ノーパン下着_笑顔_130,130_別立.webp,180,1440,180,180
別立ち3_服_ノーパン下着_憤怒_130,130_別立.webp,360,1440,180,180
別顔3_服_下着_通常_130,130_別顔_下着.webp,0,0,180,180
別顔3_服_下着_笑顔_130,130_別顔_下着.webp,180,0,180,180
別顔3_服_下着_憤怒_130,130_別顔_下着.webp,360,0,180,180
別顔3_服_下着_自慰_130,130_別顔_下着.webp,720,0,180,180
別顔3_服_下着_発情_130,130_別顔_下着.webp,900,0,180,180
別顔3_服_下着_愛撫_130,130_別顔_下着.webp,0,180,180,180
別顔3_服_下着_性交_130,130_別顔_下着.webp,180,180,180,180

;エフェクト
別顔3_照れ_130,130_別顔.webp,540,0,180,180
別顔3_吐息_130,130_別顔.webp,360,360,180,180
別顔3_汗_130,130_別顔.webp,540,180,180,180
別顔3_裸汗_130,130_別顔.webp,540,360,180,180
;******************************
;コスプレ
;******************************
;バニー
別立ち3_服_バニー_通常_130,130_別立.webp,0,720,180,180
別立ち3_服_バニー_笑顔_130,130_別立.webp,180,720,180,180
別立ち3_服_バニー_憤怒_130,130_別立.webp,360,720,180,180
別顔3_服_バニー_通常_130,130_別顔_コスプレ.webp,0,0,180,180
別顔3_服_バニー_笑顔_130,130_別顔_コスプレ.webp,180,0,180,180
別顔3_服_バニー_憤怒_130,130_別顔_コスプレ.webp,360,0,180,180
別顔3_服_バニー_発情_130,130_別顔_コスプレ.webp,900,0,180,180

;セーラー
別立ち3_服_セーラー_通常_130,130_別立.webp,0,900,180,180
別立ち3_服_セーラー_笑顔_130,130_別立.webp,180,900,180,180
別立ち3_服_セーラー_憤怒_130,130_別立.webp,360,900,180,180
別顔3_服_セーラー_通常_130,130_別顔_コスプレ.webp,0,180,180,180
別顔3_服_セーラー_笑顔_130,130_別顔_コスプレ.webp,180,180,180,180
別顔3_服_セーラー_憤怒_130,130_別顔_コスプレ.webp,360,180,180,180
別顔3_服_セーラー_発情_130,130_別顔_コスプレ.webp,900,180,180,180

;変T
別立ち3_服_変T_通常_130,130_別立.webp,0,1080,180,180
別立ち3_服_変T_笑顔_130,130_別立.webp,180,1080,180,180
別立ち3_服_変T_憤怒_130,130_別立.webp,360,1080,180,180
別顔3_服_変T_通常_130,130_別顔_コスプレ.webp,0,360,180,180
別顔3_服_変T_笑顔_130,130_別顔_コスプレ.webp,180,360,180,180
別顔3_服_変T_憤怒_130,130_別顔_コスプレ.webp,360,360,180,180
別顔3_服_変T_発情_130,130_別顔_コスプレ.webp,900,360,180,180
;******************************
;巨乳差分
;******************************
別立ち3_巨乳服_通常_130,130_別立_巨乳.webp,0,0,180,180
別立ち3_巨乳服_笑顔_130,130_別立_巨乳.webp,180,0,180,180
別立ち3_巨乳服_憤怒_130,130_別立_巨乳.webp,360,0,180,180
別立ち3_巨乳服_睡眠_130,130_別立_巨乳.webp,0,540,180,180
別立ち3_巨乳裸_通常_130,130_別立_巨乳.webp,0,180,180,180
別立ち3_巨乳裸_笑顔_130,130_別立_巨乳.webp,180,180,180,180
別立ち3_巨乳裸_憤怒_130,130_別立_巨乳.webp,360,180,180,180
別立ち3_巨乳裸_睡眠_130,130_別立_巨乳.webp,180,540,180,180
別立ち3_巨乳服_バニー_通常_130,130_別立_巨乳.webp,0,720,180,180
別立ち3_巨乳服_バニー_笑顔_130,130_別立_巨乳.webp,180,720,180,180
別立ち3_巨乳服_バニー_憤怒_130,130_別立_巨乳.webp,360,720,180,180
別立ち3_巨乳服_セーラー_通常_130,130_別立_巨乳.webp,0,900,180,180
別立ち3_巨乳服_セーラー_笑顔_130,130_別立_巨乳.webp,180,900,180,180
別立ち3_巨乳服_セーラー_憤怒_130,130_別立_巨乳.webp,360,900,180,180
別立ち3_巨乳服_変T_通常_130,130_別立_巨乳.webp,0,1080,180,180
別立ち3_巨乳服_変T_笑顔_130,130_別立_巨乳.webp,180,1080,180,180
別立ち3_巨乳服_変T_憤怒_130,130_別立_巨乳.webp,360,1080,180,180
別立ち3_巨乳服_下着_通常_130,130_別立_巨乳.webp,0,360,180,180
別立ち3_巨乳服_下着_笑顔_130,130_別立_巨乳.webp,180,360,180,180
別立ち3_巨乳服_下着_憤怒_130,130_別立_巨乳.webp,360,360,180,180
別立ち3_巨乳服_ノーブラ下着_通常_130,130_別立_巨乳.webp,0,1260,180,180
別立ち3_巨乳服_ノーブラ下着_笑顔_130,130_別立_巨乳.webp,180,1260,180,180
別立ち3_巨乳服_ノーブラ下着_憤怒_130,130_別立_巨乳.webp,360,1260,180,180
別立ち3_巨乳服_ノーパン下着_通常_130,130_別立_巨乳.webp,0,1440,180,180
別立ち3_巨乳服_ノーパン下着_笑顔_130,130_別立_巨乳.webp,180,1440,180,180
別立ち3_巨乳服_ノーパン下着_憤怒_130,130_別立_巨乳.webp,360,1440,180,180

別顔3_服_巨乳拆分_130,130_別顔_胸.webp,0,0,180,180
別顔3_服_睡眠_巨乳拆分_130,130_別顔_胸.webp,180,0,180,180
別顔3_服_下着_巨乳拆分_130,130_別顔_胸.webp,360,0,180,180
別顔3_服_バニー_巨乳拆分_130,130_別顔_胸.webp,540,0,180,180
別顔3_服_セーラー_巨乳拆分_130,130_別顔_胸.webp,720,0,180,180
別顔3_服_変T_巨乳拆分_130,130_別顔_胸.webp,900,0,180,180
別顔3_裸_巨乳拆分_130,130_別顔_胸.webp,0,180,180,180
;******************************
;貧乳差分
;******************************
別立ち3_貧乳服_通常_130,130_別立.webp,0,0,180,180
別立ち3_貧乳服_笑顔_130,130_別立.webp,180,0,180,180
別立ち3_貧乳服_憤怒_130,130_別立.webp,360,0,180,180
別立ち3_貧乳服_睡眠_130,130_別立.webp,0,540,180,180
別立ち3_貧乳裸_通常_130,130_別立_貧乳.webp,0,0,180,180
別立ち3_貧乳裸_笑顔_130,130_別立_貧乳.webp,180,0,180,180
別立ち3_貧乳裸_憤怒_130,130_別立_貧乳.webp,360,0,180,180
別立ち3_貧乳裸_睡眠_130,130_別立_貧乳.webp,180,180,180,180
別立ち3_貧乳服_バニー_通常_130,130_別立_貧乳.webp,0,360,180,180
別立ち3_貧乳服_バニー_笑顔_130,130_別立_貧乳.webp,180,360,180,180
別立ち3_貧乳服_バニー_憤怒_130,130_別立_貧乳.webp,360,360,180,180
別立ち3_貧乳服_セーラー_通常_130,130_別立.webp,0,900,180,180
別立ち3_貧乳服_セーラー_笑顔_130,130_別立.webp,180,900,180,180
別立ち3_貧乳服_セーラー_憤怒_130,130_別立.webp,360,900,180,180
別立ち3_貧乳服_変T_通常_130,130_別立.webp,0,1080,180,180
別立ち3_貧乳服_変T_笑顔_130,130_別立.webp,180,1080,180,180
別立ち3_貧乳服_変T_憤怒_130,130_別立.webp,360,1080,180,180
別立ち3_貧乳服_下着_通常_130,130_別立.webp,0,360,180,180
別立ち3_貧乳服_下着_笑顔_130,130_別立.webp,180,360,180,180
別立ち3_貧乳服_下着_憤怒_130,130_別立.webp,360,360,180,180
別立ち3_貧乳服_ノーブラ下着_通常_130,130_別立_貧乳.webp,0,540,180,180
別立ち3_貧乳服_ノーブラ下着_笑顔_130,130_別立_貧乳.webp,180,540,180,180
別立ち3_貧乳服_ノーブラ下着_憤怒_130,130_別立_貧乳.webp,360,540,180,180
別立ち3_貧乳服_ノーパン下着_通常_130,130_別立.webp,0,1440,180,180
別立ち3_貧乳服_ノーパン下着_笑顔_130,130_別立.webp,180,1440,180,180
別立ち3_貧乳服_ノーパン下着_憤怒_130,130_別立.webp,360,1440,180,180

別顔3_貧乳裸_通常_130,130_別顔.webp,0,180,180,180
別顔3_貧乳裸_笑顔_130,130_別顔.webp,180,180,180,180
別顔3_貧乳裸_憤怒_130,130_別顔.webp,360,180,180,180
別顔3_貧乳裸_睡眠_130,130_別顔.webp,720,360,180,180
別顔3_貧乳裸_発情_130,130_別顔.webp,900,180,180,180
別顔3_貧乳裸_自慰_130,130_別顔.webp,720,180,180,180
別顔3_貧乳裸_愛撫_130,130_別顔.webp,0,360,180,180
別顔3_貧乳裸_性交_130,130_別顔.webp,180,360,180,180

別顔3_貧乳服_バニー_通常_130,130_別顔_コスプレ.webp,0,0,180,180
別顔3_貧乳服_バニー_笑顔_130,130_別顔_コスプレ.webp,180,0,180,180
別顔3_貧乳服_バニー_憤怒_130,130_別顔_コスプレ.webp,360,0,180,180
別顔3_貧乳服_バニー_発情_130,130_別顔_コスプレ.webp,900,0,180,180

別顔3_裸_並乳拆分_130,130_別顔_胸.webp,180,180,180,180
別顔3_服_バニー_並乳拆分_130,130_別顔_胸.webp,540,180,180,180

